ISO-10303-21;
HEADER;
FILE_DESCRIPTION((''),'2;1');
FILE_NAME('430450627','2014-09-03T',('me'),(''),
'PRO/ENGINEER BY PARAMETRIC TECHNOLOGY CORPORATION, 2011490',
'PRO/ENGINEER BY PARAMETRIC TECHNOLOGY CORPORATION, 2011490','');
FILE_SCHEMA(('CONFIG_CONTROL_DESIGN'));
ENDSEC;
DATA;
#1=DIRECTION('',(0.E0,0.E0,-1.E0));
#2=VECTOR('',#1,1.77E0);
#3=CARTESIAN_POINT('',(-6.325E0,-1.405E0,3.55E0));
#4=LINE('',#3,#2);
#5=DIRECTION('',(0.E0,1.E0,0.E0));
#6=VECTOR('',#5,1.125E0);
#7=CARTESIAN_POINT('',(-6.325E0,-2.53E0,3.55E0));
#8=LINE('',#7,#6);
#9=DIRECTION('',(0.E0,-1.E0,0.E0));
#10=VECTOR('',#9,4.3E-1);
#11=CARTESIAN_POINT('',(-6.325E0,-2.53E0,3.55E0));
#12=LINE('',#11,#10);
#13=DIRECTION('',(0.E0,0.E0,-1.E0));
#14=VECTOR('',#13,1.77E0);
#15=CARTESIAN_POINT('',(-6.325E0,-2.96E0,3.55E0));
#16=LINE('',#15,#14);
#17=DIRECTION('',(0.E0,1.E0,0.E0));
#18=VECTOR('',#17,1.555E0);
#19=CARTESIAN_POINT('',(-6.325E0,-2.96E0,1.78E0));
#20=LINE('',#19,#18);
#21=DIRECTION('',(0.E0,0.E0,-1.E0));
#22=VECTOR('',#21,1.77E0);
#23=CARTESIAN_POINT('',(-6.325E0,1.345E0,3.55E0));
#24=LINE('',#23,#22);
#25=DIRECTION('',(0.E0,1.E0,0.E0));
#26=VECTOR('',#25,2.055E0);
#27=CARTESIAN_POINT('',(-6.325E0,1.345E0,1.78E0));
#28=LINE('',#27,#26);
#29=DIRECTION('',(0.E0,0.E0,1.E0));
#30=VECTOR('',#29,1.77E0);
#31=CARTESIAN_POINT('',(-6.325E0,3.4E0,1.78E0));
#32=LINE('',#31,#30);
#33=DIRECTION('',(0.E0,-1.E0,0.E0));
#34=VECTOR('',#33,9.3E-1);
#35=CARTESIAN_POINT('',(-6.325E0,3.4E0,3.55E0));
#36=LINE('',#35,#34);
#37=DIRECTION('',(0.E0,1.E0,0.E0));
#38=VECTOR('',#37,1.125E0);
#39=CARTESIAN_POINT('',(-6.325E0,1.345E0,3.55E0));
#40=LINE('',#39,#38);
#41=DIRECTION('',(-1.E0,0.E0,0.E0));
#42=VECTOR('',#41,2.5E-1);
#43=CARTESIAN_POINT('',(-6.325E0,-1.405E0,1.78E0));
#44=LINE('',#43,#42);
#45=DIRECTION('',(-8.849182223820E-1,4.657464328326E-1,0.E0));
#46=VECTOR('',#45,2.825119809682E-1);
#47=CARTESIAN_POINT('',(-6.325E0,-2.96E0,1.78E0));
#48=LINE('',#47,#46);
#49=DIRECTION('',(-1.E0,0.E0,0.E0));
#50=VECTOR('',#49,2.5E-1);
#51=CARTESIAN_POINT('',(-6.325E0,1.345E0,1.78E0));
#52=LINE('',#51,#50);
#53=DIRECTION('',(1.E0,0.E0,0.E0));
#54=VECTOR('',#53,1.E0);
#55=CARTESIAN_POINT('',(-1.475E0,-3.46E0,3.55E0));
#56=LINE('',#55,#54);
#57=DIRECTION('',(0.E0,0.E0,1.E0));
#58=VECTOR('',#57,6.51E0);
#59=CARTESIAN_POINT('',(-1.475E0,-3.46E0,-2.96E0));
#60=LINE('',#59,#58);
#61=DIRECTION('',(1.E0,0.E0,0.E0));
#62=VECTOR('',#61,1.E0);
#63=CARTESIAN_POINT('',(-1.475E0,-3.46E0,-2.96E0));
#64=LINE('',#63,#62);
#65=DIRECTION('',(0.E0,0.E0,1.E0));
#66=VECTOR('',#65,6.51E0);
#67=CARTESIAN_POINT('',(-4.75E-1,-3.46E0,-2.96E0));
#68=LINE('',#67,#66);
#69=DIRECTION('',(1.E0,0.E0,0.E0));
#70=VECTOR('',#69,1.E0);
#71=CARTESIAN_POINT('',(4.75E-1,-3.46E0,3.55E0));
#72=LINE('',#71,#70);
#73=DIRECTION('',(0.E0,0.E0,1.E0));
#74=VECTOR('',#73,6.51E0);
#75=CARTESIAN_POINT('',(4.75E-1,-3.46E0,-2.96E0));
#76=LINE('',#75,#74);
#77=DIRECTION('',(1.E0,0.E0,0.E0));
#78=VECTOR('',#77,1.E0);
#79=CARTESIAN_POINT('',(4.75E-1,-3.46E0,-2.96E0));
#80=LINE('',#79,#78);
#81=DIRECTION('',(0.E0,0.E0,1.E0));
#82=VECTOR('',#81,6.51E0);
#83=CARTESIAN_POINT('',(1.475E0,-3.46E0,-2.96E0));
#84=LINE('',#83,#82);
#85=DIRECTION('',(0.E0,0.E0,1.E0));
#86=VECTOR('',#85,1.E0);
#87=CARTESIAN_POINT('',(-3.32E0,-3.46E0,-4.96E0));
#88=LINE('',#87,#86);
#89=DIRECTION('',(0.E0,0.E0,-1.E0));
#90=VECTOR('',#89,7.46E0);
#91=CARTESIAN_POINT('',(-5.375E0,-3.46E0,4.5E0));
#92=LINE('',#91,#90);
#93=DIRECTION('',(-7.071067811865E-1,0.E0,-7.071067811865E-1));
#94=VECTOR('',#93,6.363961030679E-1);
#95=CARTESIAN_POINT('',(-4.925E0,-3.46E0,4.95E0));
#96=LINE('',#95,#94);
#97=DIRECTION('',(1.E0,0.E0,0.E0));
#98=VECTOR('',#97,9.85E0);
#99=CARTESIAN_POINT('',(-4.925E0,-3.46E0,4.95E0));
#100=LINE('',#99,#98);
#101=DIRECTION('',(-7.071067811865E-1,0.E0,7.071067811865E-1));
#102=VECTOR('',#101,6.363961030679E-1);
#103=CARTESIAN_POINT('',(5.375E0,-3.46E0,4.5E0));
#104=LINE('',#103,#102);
#105=DIRECTION('',(0.E0,0.E0,-1.E0));
#106=VECTOR('',#105,7.46E0);
#107=CARTESIAN_POINT('',(5.375E0,-3.46E0,4.5E0));
#108=LINE('',#107,#106);
#109=DIRECTION('',(0.E0,0.E0,-1.E0));
#110=VECTOR('',#109,2.E0);
#111=CARTESIAN_POINT('',(5.375E0,-3.46E0,-2.96E0));
#112=LINE('',#111,#110);
#113=DIRECTION('',(0.E0,0.E0,1.E0));
#114=VECTOR('',#113,1.E0);
#115=CARTESIAN_POINT('',(3.32E0,-3.46E0,-4.96E0));
#116=LINE('',#115,#114);
#117=DIRECTION('',(1.E0,0.E0,0.E0));
#118=VECTOR('',#117,6.4E-1);
#119=CARTESIAN_POINT('',(2.68E0,-3.46E0,-3.96E0));
#120=LINE('',#119,#118);
#121=DIRECTION('',(0.E0,0.E0,1.E0));
#122=VECTOR('',#121,1.E0);
#123=CARTESIAN_POINT('',(2.68E0,-3.46E0,-4.96E0));
#124=LINE('',#123,#122);
#125=DIRECTION('',(0.E0,0.E0,1.E0));
#126=VECTOR('',#125,1.E0);
#127=CARTESIAN_POINT('',(3.2E-1,-3.46E0,-4.96E0));
#128=LINE('',#127,#126);
#129=DIRECTION('',(1.E0,0.E0,0.E0));
#130=VECTOR('',#129,6.4E-1);
#131=CARTESIAN_POINT('',(-3.2E-1,-3.46E0,-3.96E0));
#132=LINE('',#131,#130);
#133=DIRECTION('',(0.E0,0.E0,1.E0));
#134=VECTOR('',#133,1.E0);
#135=CARTESIAN_POINT('',(-3.2E-1,-3.46E0,-4.96E0));
#136=LINE('',#135,#134);
#137=DIRECTION('',(0.E0,0.E0,1.E0));
#138=VECTOR('',#137,1.E0);
#139=CARTESIAN_POINT('',(-2.68E0,-3.46E0,-4.96E0));
#140=LINE('',#139,#138);
#141=DIRECTION('',(1.E0,0.E0,0.E0));
#142=VECTOR('',#141,6.4E-1);
#143=CARTESIAN_POINT('',(-3.32E0,-3.46E0,-3.96E0));
#144=LINE('',#143,#142);
#145=DIRECTION('',(0.E0,1.E0,0.E0));
#146=VECTOR('',#145,5.1E-1);
#147=CARTESIAN_POINT('',(-4.75E-1,-3.97E0,3.55E0));
#148=LINE('',#147,#146);
#149=DIRECTION('',(1.E0,0.E0,0.E0));
#150=VECTOR('',#149,1.E0);
#151=CARTESIAN_POINT('',(-1.475E0,-3.97E0,3.55E0));
#152=LINE('',#151,#150);
#153=DIRECTION('',(0.E0,-1.E0,0.E0));
#154=VECTOR('',#153,5.1E-1);
#155=CARTESIAN_POINT('',(-1.475E0,-3.46E0,3.55E0));
#156=LINE('',#155,#154);
#157=DIRECTION('',(0.E0,1.E0,0.E0));
#158=VECTOR('',#157,5.1E-1);
#159=CARTESIAN_POINT('',(1.475E0,-3.97E0,3.55E0));
#160=LINE('',#159,#158);
#161=DIRECTION('',(1.E0,0.E0,0.E0));
#162=VECTOR('',#161,1.E0);
#163=CARTESIAN_POINT('',(4.75E-1,-3.97E0,3.55E0));
#164=LINE('',#163,#162);
#165=DIRECTION('',(0.E0,-1.E0,0.E0));
#166=VECTOR('',#165,5.1E-1);
#167=CARTESIAN_POINT('',(4.75E-1,-3.46E0,3.55E0));
#168=LINE('',#167,#166);
#169=DIRECTION('',(0.E0,0.E0,-1.E0));
#170=VECTOR('',#169,6.51E0);
#171=CARTESIAN_POINT('',(-4.75E-1,-3.97E0,3.55E0));
#172=LINE('',#171,#170);
#173=DIRECTION('',(0.E0,-1.E0,0.E0));
#174=VECTOR('',#173,5.1E-1);
#175=CARTESIAN_POINT('',(-1.475E0,-3.46E0,-2.96E0));
#176=LINE('',#175,#174);
#177=DIRECTION('',(1.E0,0.E0,0.E0));
#178=VECTOR('',#177,1.E0);
#179=CARTESIAN_POINT('',(-1.475E0,-3.97E0,-2.96E0));
#180=LINE('',#179,#178);
#181=DIRECTION('',(0.E0,1.E0,0.E0));
#182=VECTOR('',#181,5.1E-1);
#183=CARTESIAN_POINT('',(-4.75E-1,-3.97E0,-2.96E0));
#184=LINE('',#183,#182);
#185=DIRECTION('',(0.E0,-1.E0,0.E0));
#186=VECTOR('',#185,5.1E-1);
#187=CARTESIAN_POINT('',(4.75E-1,-3.46E0,-2.96E0));
#188=LINE('',#187,#186);
#189=DIRECTION('',(1.E0,0.E0,0.E0));
#190=VECTOR('',#189,1.E0);
#191=CARTESIAN_POINT('',(4.75E-1,-3.97E0,-2.96E0));
#192=LINE('',#191,#190);
#193=DIRECTION('',(0.E0,1.E0,0.E0));
#194=VECTOR('',#193,5.1E-1);
#195=CARTESIAN_POINT('',(1.475E0,-3.97E0,-2.96E0));
#196=LINE('',#195,#194);
#197=DIRECTION('',(0.E0,0.E0,-1.E0));
#198=VECTOR('',#197,6.51E0);
#199=CARTESIAN_POINT('',(-1.475E0,-3.97E0,3.55E0));
#200=LINE('',#199,#198);
#201=DIRECTION('',(0.E0,0.E0,-1.E0));
#202=VECTOR('',#201,6.51E0);
#203=CARTESIAN_POINT('',(4.75E-1,-3.97E0,3.55E0));
#204=LINE('',#203,#202);
#205=DIRECTION('',(0.E0,0.E0,-1.E0));
#206=VECTOR('',#205,6.51E0);
#207=CARTESIAN_POINT('',(1.475E0,-3.97E0,3.55E0));
#208=LINE('',#207,#206);
#209=DIRECTION('',(0.E0,0.E0,1.E0));
#210=VECTOR('',#209,2.75E-1);
#211=CARTESIAN_POINT('',(-3.32E0,-1.82E0,-4.235E0));
#212=LINE('',#211,#210);
#213=DIRECTION('',(0.E0,0.E0,1.E0));
#214=VECTOR('',#213,2.75E-1);
#215=CARTESIAN_POINT('',(-3.32E0,-1.18E0,-4.235E0));
#216=LINE('',#215,#214);
#217=DIRECTION('',(0.E0,0.E0,1.E0));
#218=VECTOR('',#217,2.75E-1);
#219=CARTESIAN_POINT('',(-3.32E0,1.18E0,-4.235E0));
#220=LINE('',#219,#218);
#221=DIRECTION('',(0.E0,0.E0,1.E0));
#222=VECTOR('',#221,1.E0);
#223=CARTESIAN_POINT('',(-3.32E0,1.82E0,-4.96E0));
#224=LINE('',#223,#222);
#225=DIRECTION('',(0.E0,1.E0,0.E0));
#226=VECTOR('',#225,2.36E0);
#227=CARTESIAN_POINT('',(3.32E0,-1.18E0,-4.235E0));
#228=LINE('',#227,#226);
#229=DIRECTION('',(0.E0,1.E0,0.E0));
#230=VECTOR('',#229,6.4E-1);
#231=CARTESIAN_POINT('',(3.32E0,-1.82E0,-4.235E0));
#232=LINE('',#231,#230);
#233=DIRECTION('',(0.E0,1.E0,0.E0));
#234=VECTOR('',#233,6.8E-1);
#235=CARTESIAN_POINT('',(3.32E0,-2.5E0,-4.235E0));
#236=LINE('',#235,#234);
#237=DIRECTION('',(-1.E0,0.E0,0.E0));
#238=VECTOR('',#237,1.E0);
#239=CARTESIAN_POINT('',(6.575E0,-1.03E0,-4.235E0));
#240=LINE('',#239,#238);
#241=DIRECTION('',(0.E0,1.E0,0.E0));
#242=VECTOR('',#241,2.E0);
#243=CARTESIAN_POINT('',(5.575E0,-1.03E0,-4.235E0));
#244=LINE('',#243,#242);
#245=DIRECTION('',(-1.E0,0.E0,0.E0));
#246=VECTOR('',#245,1.E0);
#247=CARTESIAN_POINT('',(6.575E0,9.7E-1,-4.235E0));
#248=LINE('',#247,#246);
#249=DIRECTION('',(-1.E0,0.E0,0.E0));
#250=VECTOR('',#249,3.255E0);
#251=CARTESIAN_POINT('',(6.575E0,1.5E0,-4.235E0));
#252=LINE('',#251,#250);
#253=DIRECTION('',(0.E0,1.E0,0.E0));
#254=VECTOR('',#253,3.2E-1);
#255=CARTESIAN_POINT('',(3.32E0,1.18E0,-4.235E0));
#256=LINE('',#255,#254);
#257=DIRECTION('',(0.E0,1.E0,0.E0));
#258=VECTOR('',#257,2.36E0);
#259=CARTESIAN_POINT('',(3.2E-1,-1.18E0,-4.235E0));
#260=LINE('',#259,#258);
#261=DIRECTION('',(0.E0,1.E0,0.E0));
#262=VECTOR('',#261,6.4E-1);
#263=CARTESIAN_POINT('',(3.2E-1,-1.82E0,-4.235E0));
#264=LINE('',#263,#262);
#265=DIRECTION('',(0.E0,1.E0,0.E0));
#266=VECTOR('',#265,6.8E-1);
#267=CARTESIAN_POINT('',(3.2E-1,-2.5E0,-4.235E0));
#268=LINE('',#267,#266);
#269=DIRECTION('',(0.E0,1.E0,0.E0));
#270=VECTOR('',#269,6.8E-1);
#271=CARTESIAN_POINT('',(2.68E0,-2.5E0,-4.235E0));
#272=LINE('',#271,#270);
#273=DIRECTION('',(0.E0,1.E0,0.E0));
#274=VECTOR('',#273,6.4E-1);
#275=CARTESIAN_POINT('',(2.68E0,-1.82E0,-4.235E0));
#276=LINE('',#275,#274);
#277=DIRECTION('',(0.E0,1.E0,0.E0));
#278=VECTOR('',#277,2.36E0);
#279=CARTESIAN_POINT('',(2.68E0,-1.18E0,-4.235E0));
#280=LINE('',#279,#278);
#281=DIRECTION('',(0.E0,1.E0,0.E0));
#282=VECTOR('',#281,3.2E-1);
#283=CARTESIAN_POINT('',(2.68E0,1.18E0,-4.235E0));
#284=LINE('',#283,#282);
#285=DIRECTION('',(-1.E0,0.E0,0.E0));
#286=VECTOR('',#285,2.36E0);
#287=CARTESIAN_POINT('',(2.68E0,1.5E0,-4.235E0));
#288=LINE('',#287,#286);
#289=DIRECTION('',(0.E0,1.E0,0.E0));
#290=VECTOR('',#289,3.2E-1);
#291=CARTESIAN_POINT('',(3.2E-1,1.18E0,-4.235E0));
#292=LINE('',#291,#290);
#293=DIRECTION('',(-1.E0,0.E0,0.E0));
#294=VECTOR('',#293,3.255E0);
#295=CARTESIAN_POINT('',(-3.32E0,1.5E0,-4.235E0));
#296=LINE('',#295,#294);
#297=DIRECTION('',(1.E0,0.E0,0.E0));
#298=VECTOR('',#297,1.E0);
#299=CARTESIAN_POINT('',(-6.575E0,9.7E-1,-4.235E0));
#300=LINE('',#299,#298);
#301=DIRECTION('',(0.E0,1.E0,0.E0));
#302=VECTOR('',#301,2.E0);
#303=CARTESIAN_POINT('',(-5.575E0,-1.03E0,-4.235E0));
#304=LINE('',#303,#302);
#305=DIRECTION('',(1.E0,0.E0,0.E0));
#306=VECTOR('',#305,1.E0);
#307=CARTESIAN_POINT('',(-6.575E0,-1.03E0,-4.235E0));
#308=LINE('',#307,#306);
#309=DIRECTION('',(0.E0,1.E0,0.E0));
#310=VECTOR('',#309,6.8E-1);
#311=CARTESIAN_POINT('',(-3.32E0,-2.5E0,-4.235E0));
#312=LINE('',#311,#310);
#313=DIRECTION('',(0.E0,1.E0,0.E0));
#314=VECTOR('',#313,6.4E-1);
#315=CARTESIAN_POINT('',(-3.32E0,-1.82E0,-4.235E0));
#316=LINE('',#315,#314);
#317=DIRECTION('',(0.E0,1.E0,0.E0));
#318=VECTOR('',#317,2.36E0);
#319=CARTESIAN_POINT('',(-3.32E0,-1.18E0,-4.235E0));
#320=LINE('',#319,#318);
#321=DIRECTION('',(0.E0,1.E0,0.E0));
#322=VECTOR('',#321,3.2E-1);
#323=CARTESIAN_POINT('',(-3.32E0,1.18E0,-4.235E0));
#324=LINE('',#323,#322);
#325=DIRECTION('',(0.E0,1.E0,0.E0));
#326=VECTOR('',#325,2.36E0);
#327=CARTESIAN_POINT('',(-2.68E0,-1.18E0,-4.235E0));
#328=LINE('',#327,#326);
#329=DIRECTION('',(0.E0,1.E0,0.E0));
#330=VECTOR('',#329,6.4E-1);
#331=CARTESIAN_POINT('',(-2.68E0,-1.82E0,-4.235E0));
#332=LINE('',#331,#330);
#333=DIRECTION('',(0.E0,1.E0,0.E0));
#334=VECTOR('',#333,6.8E-1);
#335=CARTESIAN_POINT('',(-2.68E0,-2.5E0,-4.235E0));
#336=LINE('',#335,#334);
#337=DIRECTION('',(0.E0,1.E0,0.E0));
#338=VECTOR('',#337,6.8E-1);
#339=CARTESIAN_POINT('',(-3.2E-1,-2.5E0,-4.235E0));
#340=LINE('',#339,#338);
#341=DIRECTION('',(0.E0,1.E0,0.E0));
#342=VECTOR('',#341,6.4E-1);
#343=CARTESIAN_POINT('',(-3.2E-1,-1.82E0,-4.235E0));
#344=LINE('',#343,#342);
#345=DIRECTION('',(0.E0,1.E0,0.E0));
#346=VECTOR('',#345,2.36E0);
#347=CARTESIAN_POINT('',(-3.2E-1,-1.18E0,-4.235E0));
#348=LINE('',#347,#346);
#349=DIRECTION('',(0.E0,1.E0,0.E0));
#350=VECTOR('',#349,3.2E-1);
#351=CARTESIAN_POINT('',(-3.2E-1,1.18E0,-4.235E0));
#352=LINE('',#351,#350);
#353=DIRECTION('',(-1.E0,0.E0,0.E0));
#354=VECTOR('',#353,2.36E0);
#355=CARTESIAN_POINT('',(-3.2E-1,1.5E0,-4.235E0));
#356=LINE('',#355,#354);
#357=DIRECTION('',(0.E0,1.E0,0.E0));
#358=VECTOR('',#357,3.2E-1);
#359=CARTESIAN_POINT('',(-2.68E0,1.18E0,-4.235E0));
#360=LINE('',#359,#358);
#361=DIRECTION('',(0.E0,0.E0,-1.E0));
#362=VECTOR('',#361,2.75E-1);
#363=CARTESIAN_POINT('',(3.32E0,-1.82E0,-3.96E0));
#364=LINE('',#363,#362);
#365=DIRECTION('',(0.E0,-1.E0,0.E0));
#366=VECTOR('',#365,1.64E0);
#367=CARTESIAN_POINT('',(3.32E0,-1.82E0,-3.96E0));
#368=LINE('',#367,#366);
#369=DIRECTION('',(0.E0,0.E0,-1.E0));
#370=VECTOR('',#369,2.75E-1);
#371=CARTESIAN_POINT('',(3.32E0,1.18E0,-3.96E0));
#372=LINE('',#371,#370);
#373=DIRECTION('',(0.E0,-1.E0,0.E0));
#374=VECTOR('',#373,2.36E0);
#375=CARTESIAN_POINT('',(3.32E0,1.18E0,-3.96E0));
#376=LINE('',#375,#374);
#377=DIRECTION('',(0.E0,0.E0,-1.E0));
#378=VECTOR('',#377,2.75E-1);
#379=CARTESIAN_POINT('',(3.32E0,-1.18E0,-3.96E0));
#380=LINE('',#379,#378);
#381=DIRECTION('',(0.E0,0.E0,-1.E0));
#382=VECTOR('',#381,1.E0);
#383=CARTESIAN_POINT('',(3.32E0,1.82E0,-3.96E0));
#384=LINE('',#383,#382);
#385=DIRECTION('',(0.E0,-1.E0,0.E0));
#386=VECTOR('',#385,1.48E0);
#387=CARTESIAN_POINT('',(3.32E0,3.3E0,-3.96E0));
#388=LINE('',#387,#386);
#389=DIRECTION('',(0.E0,0.E0,-1.E0));
#390=VECTOR('',#389,3.18E0);
#391=CARTESIAN_POINT('',(2.68E0,1.18E0,-4.235E0));
#392=LINE('',#391,#390);
#393=DIRECTION('',(0.E0,2.597346290551E-1,-9.656800311022E-1));
#394=VECTOR('',#393,7.507662752149E-1);
#395=CARTESIAN_POINT('',(2.68E0,1.18E0,-7.415E0));
#396=LINE('',#395,#394);
#397=DIRECTION('',(0.E0,1.E0,0.E0));
#398=VECTOR('',#397,2.5E-1);
#399=CARTESIAN_POINT('',(2.68E0,1.375E0,-8.14E0));
#400=LINE('',#399,#398);
#401=DIRECTION('',(0.E0,2.597346290551E-1,9.656800311022E-1));
#402=VECTOR('',#401,7.507662752149E-1);
#403=CARTESIAN_POINT('',(2.68E0,1.625E0,-8.14E0));
#404=LINE('',#403,#402);
#405=DIRECTION('',(0.E0,0.E0,1.E0));
#406=VECTOR('',#405,2.455E0);
#407=CARTESIAN_POINT('',(2.68E0,1.82E0,-7.415E0));
#408=LINE('',#407,#406);
#409=DIRECTION('',(0.E0,0.E0,1.E0));
#410=VECTOR('',#409,3.18E0);
#411=CARTESIAN_POINT('',(2.68E0,-1.18E0,-7.415E0));
#412=LINE('',#411,#410);
#413=DIRECTION('',(0.E0,0.E0,-1.E0));
#414=VECTOR('',#413,3.18E0);
#415=CARTESIAN_POINT('',(2.68E0,-1.82E0,-4.235E0));
#416=LINE('',#415,#414);
#417=DIRECTION('',(0.E0,2.597346290551E-1,-9.656800311022E-1));
#418=VECTOR('',#417,7.507662752149E-1);
#419=CARTESIAN_POINT('',(2.68E0,-1.82E0,-7.415E0));
#420=LINE('',#419,#418);
#421=DIRECTION('',(0.E0,1.E0,0.E0));
#422=VECTOR('',#421,2.5E-1);
#423=CARTESIAN_POINT('',(2.68E0,-1.625E0,-8.14E0));
#424=LINE('',#423,#422);
#425=DIRECTION('',(0.E0,2.597346290551E-1,9.656800311022E-1));
#426=VECTOR('',#425,7.507662752149E-1);
#427=CARTESIAN_POINT('',(2.68E0,-1.375E0,-8.14E0));
#428=LINE('',#427,#426);
#429=DIRECTION('',(0.E0,0.E0,1.E0));
#430=VECTOR('',#429,2.75E-1);
#431=CARTESIAN_POINT('',(2.68E0,-1.82E0,-4.235E0));
#432=LINE('',#431,#430);
#433=DIRECTION('',(0.E0,0.E0,1.E0));
#434=VECTOR('',#433,2.75E-1);
#435=CARTESIAN_POINT('',(2.68E0,-1.18E0,-4.235E0));
#436=LINE('',#435,#434);
#437=DIRECTION('',(0.E0,0.E0,1.E0));
#438=VECTOR('',#437,2.75E-1);
#439=CARTESIAN_POINT('',(2.68E0,1.18E0,-4.235E0));
#440=LINE('',#439,#438);
#441=DIRECTION('',(0.E0,0.E0,1.E0));
#442=VECTOR('',#441,1.E0);
#443=CARTESIAN_POINT('',(2.68E0,1.82E0,-4.96E0));
#444=LINE('',#443,#442);
#445=DIRECTION('',(0.E0,0.E0,1.E0));
#446=VECTOR('',#445,7.25E-1);
#447=CARTESIAN_POINT('',(3.32E0,-2.5E0,-4.96E0));
#448=LINE('',#447,#446);
#449=DIRECTION('',(-1.E0,0.E0,0.E0));
#450=VECTOR('',#449,3.255E0);
#451=CARTESIAN_POINT('',(6.575E0,-2.5E0,-4.235E0));
#452=LINE('',#451,#450);
#453=DIRECTION('',(0.E0,0.E0,1.E0));
#454=VECTOR('',#453,7.25E-1);
#455=CARTESIAN_POINT('',(3.2E-1,-2.5E0,-4.96E0));
#456=LINE('',#455,#454);
#457=DIRECTION('',(0.E0,0.E0,1.E0));
#458=VECTOR('',#457,7.25E-1);
#459=CARTESIAN_POINT('',(2.68E0,-2.5E0,-4.96E0));
#460=LINE('',#459,#458);
#461=DIRECTION('',(-1.E0,0.E0,0.E0));
#462=VECTOR('',#461,2.36E0);
#463=CARTESIAN_POINT('',(2.68E0,-2.5E0,-4.235E0));
#464=LINE('',#463,#462);
#465=DIRECTION('',(0.E0,0.E0,1.E0));
#466=VECTOR('',#465,7.25E-1);
#467=CARTESIAN_POINT('',(-3.32E0,-2.5E0,-4.96E0));
#468=LINE('',#467,#466);
#469=DIRECTION('',(-1.E0,0.E0,0.E0));
#470=VECTOR('',#469,3.255E0);
#471=CARTESIAN_POINT('',(-3.32E0,-2.5E0,-4.235E0));
#472=LINE('',#471,#470);
#473=DIRECTION('',(0.E0,0.E0,1.E0));
#474=VECTOR('',#473,7.25E-1);
#475=CARTESIAN_POINT('',(-2.68E0,-2.5E0,-4.96E0));
#476=LINE('',#475,#474);
#477=DIRECTION('',(0.E0,0.E0,1.E0));
#478=VECTOR('',#477,7.25E-1);
#479=CARTESIAN_POINT('',(-3.2E-1,-2.5E0,-4.96E0));
#480=LINE('',#479,#478);
#481=DIRECTION('',(-1.E0,0.E0,0.E0));
#482=VECTOR('',#481,2.36E0);
#483=CARTESIAN_POINT('',(-3.2E-1,-2.5E0,-4.235E0));
#484=LINE('',#483,#482);
#485=DIRECTION('',(0.E0,-1.E0,0.E0));
#486=VECTOR('',#485,9.6E-1);
#487=CARTESIAN_POINT('',(3.32E0,-2.5E0,-4.96E0));
#488=LINE('',#487,#486);
#489=DIRECTION('',(-1.E0,0.E0,0.E0));
#490=VECTOR('',#489,2.055E0);
#491=CARTESIAN_POINT('',(5.375E0,-3.46E0,-4.96E0));
#492=LINE('',#491,#490);
#493=DIRECTION('',(0.E0,1.E0,0.E0));
#494=VECTOR('',#493,5.1E-1);
#495=CARTESIAN_POINT('',(5.375E0,-3.97E0,-4.96E0));
#496=LINE('',#495,#494);
#497=DIRECTION('',(-1.E0,0.E0,0.E0));
#498=VECTOR('',#497,3.255E0);
#499=CARTESIAN_POINT('',(6.575E0,-2.5E0,-4.96E0));
#500=LINE('',#499,#498);
#501=DIRECTION('',(0.E0,-1.E0,0.E0));
#502=VECTOR('',#501,9.6E-1);
#503=CARTESIAN_POINT('',(3.2E-1,-2.5E0,-4.96E0));
#504=LINE('',#503,#502);
#505=DIRECTION('',(-1.E0,0.E0,0.E0));
#506=VECTOR('',#505,2.36E0);
#507=CARTESIAN_POINT('',(2.68E0,-3.46E0,-4.96E0));
#508=LINE('',#507,#506);
#509=DIRECTION('',(0.E0,-1.E0,0.E0));
#510=VECTOR('',#509,9.6E-1);
#511=CARTESIAN_POINT('',(2.68E0,-2.5E0,-4.96E0));
#512=LINE('',#511,#510);
#513=DIRECTION('',(-1.E0,0.E0,0.E0));
#514=VECTOR('',#513,2.36E0);
#515=CARTESIAN_POINT('',(2.68E0,-2.5E0,-4.96E0));
#516=LINE('',#515,#514);
#517=DIRECTION('',(0.E0,-1.E0,0.E0));
#518=VECTOR('',#517,9.6E-1);
#519=CARTESIAN_POINT('',(-3.32E0,-2.5E0,-4.96E0));
#520=LINE('',#519,#518);
#521=DIRECTION('',(-1.E0,0.E0,0.E0));
#522=VECTOR('',#521,3.255E0);
#523=CARTESIAN_POINT('',(-3.32E0,-2.5E0,-4.96E0));
#524=LINE('',#523,#522);
#525=DIRECTION('',(0.E0,1.E0,0.E0));
#526=VECTOR('',#525,5.1E-1);
#527=CARTESIAN_POINT('',(-5.375E0,-3.97E0,-4.96E0));
#528=LINE('',#527,#526);
#529=DIRECTION('',(-1.E0,0.E0,0.E0));
#530=VECTOR('',#529,2.055E0);
#531=CARTESIAN_POINT('',(-3.32E0,-3.46E0,-4.96E0));
#532=LINE('',#531,#530);
#533=DIRECTION('',(0.E0,-1.E0,0.E0));
#534=VECTOR('',#533,9.6E-1);
#535=CARTESIAN_POINT('',(-2.68E0,-2.5E0,-4.96E0));
#536=LINE('',#535,#534);
#537=DIRECTION('',(-1.E0,0.E0,0.E0));
#538=VECTOR('',#537,2.36E0);
#539=CARTESIAN_POINT('',(-3.2E-1,-3.46E0,-4.96E0));
#540=LINE('',#539,#538);
#541=DIRECTION('',(0.E0,-1.E0,0.E0));
#542=VECTOR('',#541,9.6E-1);
#543=CARTESIAN_POINT('',(-3.2E-1,-2.5E0,-4.96E0));
#544=LINE('',#543,#542);
#545=DIRECTION('',(-1.E0,0.E0,0.E0));
#546=VECTOR('',#545,2.36E0);
#547=CARTESIAN_POINT('',(-3.2E-1,-2.5E0,-4.96E0));
#548=LINE('',#547,#546);
#549=DIRECTION('',(0.E0,1.E0,0.E0));
#550=VECTOR('',#549,5.1E-1);
#551=CARTESIAN_POINT('',(5.375E0,-3.97E0,-2.96E0));
#552=LINE('',#551,#550);
#553=DIRECTION('',(-8.849182223820E-1,-4.657464328326E-1,0.E0));
#554=VECTOR('',#553,1.356057508647E0);
#555=CARTESIAN_POINT('',(6.575E0,-2.828421052632E0,-2.96E0));
#556=LINE('',#555,#554);
#557=DIRECTION('',(-1.E0,0.E0,0.E0));
#558=VECTOR('',#557,1.2E0);
#559=CARTESIAN_POINT('',(6.575E0,-3.97E0,-2.96E0));
#560=LINE('',#559,#558);
#561=DIRECTION('',(0.E0,1.E0,0.E0));
#562=VECTOR('',#561,5.1E-1);
#563=CARTESIAN_POINT('',(-5.375E0,-3.97E0,-2.96E0));
#564=LINE('',#563,#562);
#565=DIRECTION('',(-1.E0,0.E0,0.E0));
#566=VECTOR('',#565,1.2E0);
#567=CARTESIAN_POINT('',(-5.375E0,-3.97E0,-2.96E0));
#568=LINE('',#567,#566);
#569=DIRECTION('',(-8.849182223820E-1,4.657464328326E-1,0.E0));
#570=VECTOR('',#569,1.356057508647E0);
#571=CARTESIAN_POINT('',(-5.375E0,-3.46E0,-2.96E0));
#572=LINE('',#571,#570);
#573=DIRECTION('',(-7.071067811865E-1,0.E0,7.071067811865E-1));
#574=VECTOR('',#573,1.979898987322E0);
#575=CARTESIAN_POINT('',(6.325E0,2.47E0,3.55E0));
#576=LINE('',#575,#574);
#577=DIRECTION('',(-7.071067811865E-1,0.E0,7.071067811865E-1));
#578=VECTOR('',#577,1.979898987322E0);
#579=CARTESIAN_POINT('',(6.325E0,-2.53E0,3.55E0));
#580=LINE('',#579,#578);
#581=DIRECTION('',(-6.627011010944E-1,-3.487900532076E-1,6.627011010944E-1));
#582=VECTOR('',#581,1.433527118683E0);
#583=CARTESIAN_POINT('',(6.325E0,-2.96E0,3.55E0));
#584=LINE('',#583,#582);
#585=DIRECTION('',(-1.E0,0.E0,0.E0));
#586=VECTOR('',#585,1.4E0);
#587=CARTESIAN_POINT('',(6.325E0,2.47E0,3.55E0));
#588=LINE('',#587,#586);
#589=DIRECTION('',(0.E0,0.E0,1.E0));
#590=VECTOR('',#589,1.4E0);
#591=CARTESIAN_POINT('',(4.925E0,2.47E0,3.55E0));
#592=LINE('',#591,#590);
#593=DIRECTION('',(0.E0,0.E0,-1.E0));
#594=VECTOR('',#593,1.4E0);
#595=CARTESIAN_POINT('',(-4.925E0,2.47E0,4.95E0));
#596=LINE('',#595,#594);
#597=DIRECTION('',(-1.E0,0.E0,0.E0));
#598=VECTOR('',#597,1.4E0);
#599=CARTESIAN_POINT('',(-4.925E0,2.47E0,3.55E0));
#600=LINE('',#599,#598);
#601=DIRECTION('',(-1.E0,0.E0,0.E0));
#602=VECTOR('',#601,1.4E0);
#603=CARTESIAN_POINT('',(6.325E0,-1.405E0,3.55E0));
#604=LINE('',#603,#602);
#605=DIRECTION('',(-1.E0,0.E0,0.E0));
#606=VECTOR('',#605,1.4E0);
#607=CARTESIAN_POINT('',(6.325E0,1.345E0,3.55E0));
#608=LINE('',#607,#606);
#609=DIRECTION('',(0.E0,0.E0,-1.E0));
#610=VECTOR('',#609,1.77E0);
#611=CARTESIAN_POINT('',(6.325E0,-1.405E0,3.55E0));
#612=LINE('',#611,#610);
#613=DIRECTION('',(0.E0,1.E0,0.E0));
#614=VECTOR('',#613,1.555E0);
#615=CARTESIAN_POINT('',(6.325E0,-2.96E0,1.78E0));
#616=LINE('',#615,#614);
#617=DIRECTION('',(0.E0,0.E0,-1.E0));
#618=VECTOR('',#617,1.77E0);
#619=CARTESIAN_POINT('',(6.325E0,-2.96E0,3.55E0));
#620=LINE('',#619,#618);
#621=DIRECTION('',(0.E0,-1.E0,0.E0));
#622=VECTOR('',#621,4.3E-1);
#623=CARTESIAN_POINT('',(6.325E0,-2.53E0,3.55E0));
#624=LINE('',#623,#622);
#625=DIRECTION('',(0.E0,1.E0,0.E0));
#626=VECTOR('',#625,1.125E0);
#627=CARTESIAN_POINT('',(6.325E0,-2.53E0,3.55E0));
#628=LINE('',#627,#626);
#629=DIRECTION('',(0.E0,0.E0,-1.E0));
#630=VECTOR('',#629,1.77E0);
#631=CARTESIAN_POINT('',(6.325E0,1.345E0,3.55E0));
#632=LINE('',#631,#630);
#633=DIRECTION('',(0.E0,1.E0,0.E0));
#634=VECTOR('',#633,1.125E0);
#635=CARTESIAN_POINT('',(6.325E0,1.345E0,3.55E0));
#636=LINE('',#635,#634);
#637=DIRECTION('',(0.E0,-1.E0,0.E0));
#638=VECTOR('',#637,9.3E-1);
#639=CARTESIAN_POINT('',(6.325E0,3.4E0,3.55E0));
#640=LINE('',#639,#638);
#641=DIRECTION('',(0.E0,0.E0,1.E0));
#642=VECTOR('',#641,1.77E0);
#643=CARTESIAN_POINT('',(6.325E0,3.4E0,1.78E0));
#644=LINE('',#643,#642);
#645=DIRECTION('',(0.E0,1.E0,0.E0));
#646=VECTOR('',#645,2.055E0);
#647=CARTESIAN_POINT('',(6.325E0,1.345E0,1.78E0));
#648=LINE('',#647,#646);
#649=DIRECTION('',(0.E0,0.E0,1.E0));
#650=VECTOR('',#649,1.25E0);
#651=CARTESIAN_POINT('',(6.325E0,-2.1475E0,1.8E0));
#652=LINE('',#651,#650);
#653=DIRECTION('',(0.E0,-1.E0,0.E0));
#654=VECTOR('',#653,1.5625E-1);
#655=CARTESIAN_POINT('',(6.325E0,-2.1475E0,3.05E0));
#656=LINE('',#655,#654);
#657=DIRECTION('',(0.E0,-6.428712937139E-1,-7.659742160926E-1));
#658=VECTOR('',#657,2.430502054266E-1);
#659=CARTESIAN_POINT('',(6.325E0,-2.30375E0,3.05E0));
#660=LINE('',#659,#658);
#661=DIRECTION('',(0.E0,0.E0,-1.E0));
#662=VECTOR('',#661,2.127660065889E-1);
#663=CARTESIAN_POINT('',(6.325E0,-2.46E0,2.863829809427E0));
#664=LINE('',#663,#662);
#665=DIRECTION('',(0.E0,6.428711427642E-1,7.659743427825E-1));
#666=VECTOR('',#665,2.430502624961E-1);
#667=CARTESIAN_POINT('',(6.325E0,-2.46E0,2.651063802838E0));
#668=LINE('',#667,#666);
#669=DIRECTION('',(0.E0,0.E0,-1.E0));
#670=VECTOR('',#669,1.037234067917E0);
#671=CARTESIAN_POINT('',(6.325E0,-2.30375E0,2.837234067917E0));
#672=LINE('',#671,#670);
#673=DIRECTION('',(0.E0,1.E0,0.E0));
#674=VECTOR('',#673,1.5625E-1);
#675=CARTESIAN_POINT('',(6.325E0,-2.30375E0,1.8E0));
#676=LINE('',#675,#674);
#677=DIRECTION('',(1.E0,0.E0,0.E0));
#678=VECTOR('',#677,2.5E-1);
#679=CARTESIAN_POINT('',(6.325E0,-1.405E0,1.78E0));
#680=LINE('',#679,#678);
#681=DIRECTION('',(8.849182223820E-1,4.657464328326E-1,0.E0));
#682=VECTOR('',#681,2.825119809682E-1);
#683=CARTESIAN_POINT('',(6.325E0,-2.96E0,1.78E0));
#684=LINE('',#683,#682);
#685=DIRECTION('',(1.E0,0.E0,0.E0));
#686=VECTOR('',#685,2.5E-1);
#687=CARTESIAN_POINT('',(6.325E0,1.345E0,1.78E0));
#688=LINE('',#687,#686);
#689=DIRECTION('',(1.E0,0.E0,0.E0));
#690=VECTOR('',#689,2.5E-1);
#691=CARTESIAN_POINT('',(6.325E0,3.4E0,1.78E0));
#692=LINE('',#691,#690);
#693=DIRECTION('',(0.E0,0.E0,-1.E0));
#694=VECTOR('',#693,1.73E0);
#695=CARTESIAN_POINT('',(6.575E0,-1.405E0,1.78E0));
#696=LINE('',#695,#694);
#697=DIRECTION('',(0.E0,1.E0,0.E0));
#698=VECTOR('',#697,5.3E-1);
#699=CARTESIAN_POINT('',(6.575E0,-1.405E0,5.E-2));
#700=LINE('',#699,#698);
#701=DIRECTION('',(0.E0,0.E0,-1.E0));
#702=VECTOR('',#701,2.5E0);
#703=CARTESIAN_POINT('',(6.575E0,-8.75E-1,5.E-2));
#704=LINE('',#703,#702);
#705=DIRECTION('',(0.E0,1.E0,0.E0));
#706=VECTOR('',#705,1.75E0);
#707=CARTESIAN_POINT('',(6.575E0,-8.75E-1,-2.45E0));
#708=LINE('',#707,#706);
#709=DIRECTION('',(0.E0,0.E0,1.E0));
#710=VECTOR('',#709,2.5E0);
#711=CARTESIAN_POINT('',(6.575E0,8.75E-1,-2.45E0));
#712=LINE('',#711,#710);
#713=DIRECTION('',(0.E0,1.E0,0.E0));
#714=VECTOR('',#713,4.7E-1);
#715=CARTESIAN_POINT('',(6.575E0,8.75E-1,5.E-2));
#716=LINE('',#715,#714);
#717=DIRECTION('',(0.E0,0.E0,-1.E0));
#718=VECTOR('',#717,1.73E0);
#719=CARTESIAN_POINT('',(6.575E0,1.345E0,1.78E0));
#720=LINE('',#719,#718);
#721=DIRECTION('',(0.E0,-1.E0,0.E0));
#722=VECTOR('',#721,2.055E0);
#723=CARTESIAN_POINT('',(6.575E0,3.4E0,1.78E0));
#724=LINE('',#723,#722);
#725=DIRECTION('',(0.E0,0.E0,1.E0));
#726=VECTOR('',#725,6.74E0);
#727=CARTESIAN_POINT('',(6.575E0,3.4E0,-4.96E0));
#728=LINE('',#727,#726);
#729=DIRECTION('',(0.E0,1.E0,0.E0));
#730=VECTOR('',#729,1.9E0);
#731=CARTESIAN_POINT('',(6.575E0,1.5E0,-4.96E0));
#732=LINE('',#731,#730);
#733=DIRECTION('',(0.E0,0.E0,-1.E0));
#734=VECTOR('',#733,7.25E-1);
#735=CARTESIAN_POINT('',(6.575E0,1.5E0,-4.235E0));
#736=LINE('',#735,#734);
#737=DIRECTION('',(0.E0,1.E0,0.E0));
#738=VECTOR('',#737,5.3E-1);
#739=CARTESIAN_POINT('',(6.575E0,9.7E-1,-4.235E0));
#740=LINE('',#739,#738);
#741=DIRECTION('',(0.E0,0.E0,1.E0));
#742=VECTOR('',#741,6.E-1);
#743=CARTESIAN_POINT('',(6.575E0,9.7E-1,-4.235E0));
#744=LINE('',#743,#742);
#745=DIRECTION('',(0.E0,-1.E0,0.E0));
#746=VECTOR('',#745,2.E0);
#747=CARTESIAN_POINT('',(6.575E0,9.7E-1,-3.635E0));
#748=LINE('',#747,#746);
#749=DIRECTION('',(0.E0,0.E0,-1.E0));
#750=VECTOR('',#749,6.E-1);
#751=CARTESIAN_POINT('',(6.575E0,-1.03E0,-3.635E0));
#752=LINE('',#751,#750);
#753=DIRECTION('',(0.E0,1.E0,0.E0));
#754=VECTOR('',#753,1.47E0);
#755=CARTESIAN_POINT('',(6.575E0,-2.5E0,-4.235E0));
#756=LINE('',#755,#754);
#757=DIRECTION('',(0.E0,0.E0,1.E0));
#758=VECTOR('',#757,7.25E-1);
#759=CARTESIAN_POINT('',(6.575E0,-2.5E0,-4.96E0));
#760=LINE('',#759,#758);
#761=DIRECTION('',(0.E0,1.E0,0.E0));
#762=VECTOR('',#761,1.47E0);
#763=CARTESIAN_POINT('',(6.575E0,-3.97E0,-4.96E0));
#764=LINE('',#763,#762);
#765=DIRECTION('',(0.E0,0.E0,-1.E0));
#766=VECTOR('',#765,2.E0);
#767=CARTESIAN_POINT('',(6.575E0,-3.97E0,-2.96E0));
#768=LINE('',#767,#766);
#769=DIRECTION('',(0.E0,1.E0,0.E0));
#770=VECTOR('',#769,1.141578947368E0);
#771=CARTESIAN_POINT('',(6.575E0,-3.97E0,-2.96E0));
#772=LINE('',#771,#770);
#773=DIRECTION('',(0.E0,0.E0,-1.E0));
#774=VECTOR('',#773,4.74E0);
#775=CARTESIAN_POINT('',(6.575E0,-2.828421052632E0,1.78E0));
#776=LINE('',#775,#774);
#777=DIRECTION('',(0.E0,-1.E0,0.E0));
#778=VECTOR('',#777,1.423421052632E0);
#779=CARTESIAN_POINT('',(6.575E0,-1.405E0,1.78E0));
#780=LINE('',#779,#778);
#781=DIRECTION('',(-1.E0,0.E0,0.E0));
#782=VECTOR('',#781,1.65E0);
#783=CARTESIAN_POINT('',(6.575E0,-1.405E0,5.E-2));
#784=LINE('',#783,#782);
#785=DIRECTION('',(0.E0,0.E0,-1.E0));
#786=VECTOR('',#785,2.75E0);
#787=CARTESIAN_POINT('',(4.925E0,8.75E-1,5.E-2));
#788=LINE('',#787,#786);
#789=DIRECTION('',(0.E0,1.E0,0.E0));
#790=VECTOR('',#789,5.3E-1);
#791=CARTESIAN_POINT('',(4.925E0,-1.405E0,5.E-2));
#792=LINE('',#791,#790);
#793=DIRECTION('',(0.E0,0.E0,-1.E0));
#794=VECTOR('',#793,3.5E0);
#795=CARTESIAN_POINT('',(4.925E0,-1.405E0,3.55E0));
#796=LINE('',#795,#794);
#797=DIRECTION('',(0.E0,-1.E0,0.E0));
#798=VECTOR('',#797,1.125E0);
#799=CARTESIAN_POINT('',(4.925E0,-1.405E0,3.55E0));
#800=LINE('',#799,#798);
#801=DIRECTION('',(0.E0,-1.E0,0.E0));
#802=VECTOR('',#801,1.125E0);
#803=CARTESIAN_POINT('',(4.925E0,2.47E0,3.55E0));
#804=LINE('',#803,#802);
#805=DIRECTION('',(0.E0,0.E0,1.E0));
#806=VECTOR('',#805,3.5E0);
#807=CARTESIAN_POINT('',(4.925E0,1.345E0,5.E-2));
#808=LINE('',#807,#806);
#809=DIRECTION('',(0.E0,1.E0,0.E0));
#810=VECTOR('',#809,4.7E-1);
#811=CARTESIAN_POINT('',(4.925E0,8.75E-1,5.E-2));
#812=LINE('',#811,#810);
#813=DIRECTION('',(-1.E0,0.E0,0.E0));
#814=VECTOR('',#813,1.25E0);
#815=CARTESIAN_POINT('',(6.575E0,8.75E-1,-2.45E0));
#816=LINE('',#815,#814);
#817=DIRECTION('',(0.E0,0.E0,-1.E0));
#818=VECTOR('',#817,2.5E-1);
#819=CARTESIAN_POINT('',(5.325E0,8.75E-1,-2.45E0));
#820=LINE('',#819,#818);
#821=DIRECTION('',(0.E0,1.E0,0.E0));
#822=VECTOR('',#821,4.75E-1);
#823=CARTESIAN_POINT('',(5.325E0,-8.75E-1,-2.45E0));
#824=LINE('',#823,#822);
#825=DIRECTION('',(1.E0,0.E0,0.E0));
#826=VECTOR('',#825,3.E-1);
#827=CARTESIAN_POINT('',(5.325E0,-4.E-1,-2.45E0));
#828=LINE('',#827,#826);
#829=DIRECTION('',(0.E0,1.E0,0.E0));
#830=VECTOR('',#829,8.E-1);
#831=CARTESIAN_POINT('',(5.625E0,-4.E-1,-2.45E0));
#832=LINE('',#831,#830);
#833=DIRECTION('',(-1.E0,0.E0,0.E0));
#834=VECTOR('',#833,3.E-1);
#835=CARTESIAN_POINT('',(5.625E0,4.E-1,-2.45E0));
#836=LINE('',#835,#834);
#837=DIRECTION('',(0.E0,-1.E0,0.E0));
#838=VECTOR('',#837,4.75E-1);
#839=CARTESIAN_POINT('',(5.325E0,8.75E-1,-2.45E0));
#840=LINE('',#839,#838);
#841=DIRECTION('',(-1.E0,0.E0,0.E0));
#842=VECTOR('',#841,1.25E0);
#843=CARTESIAN_POINT('',(6.575E0,-8.75E-1,-2.45E0));
#844=LINE('',#843,#842);
#845=DIRECTION('',(0.E0,0.E0,-1.E0));
#846=VECTOR('',#845,2.5E-1);
#847=CARTESIAN_POINT('',(5.325E0,-8.75E-1,-2.45E0));
#848=LINE('',#847,#846);
#849=DIRECTION('',(0.E0,0.E0,-1.E0));
#850=VECTOR('',#849,2.75E0);
#851=CARTESIAN_POINT('',(4.925E0,-8.75E-1,5.E-2));
#852=LINE('',#851,#850);
#853=DIRECTION('',(-1.E0,0.E0,0.E0));
#854=VECTOR('',#853,1.65E0);
#855=CARTESIAN_POINT('',(6.575E0,-8.75E-1,5.E-2));
#856=LINE('',#855,#854);
#857=DIRECTION('',(-1.E0,0.E0,0.E0));
#858=VECTOR('',#857,4.E-1);
#859=CARTESIAN_POINT('',(5.325E0,8.75E-1,-2.7E0));
#860=LINE('',#859,#858);
#861=DIRECTION('',(0.E0,1.E0,0.E0));
#862=VECTOR('',#861,4.75E-1);
#863=CARTESIAN_POINT('',(5.325E0,4.E-1,-2.7E0));
#864=LINE('',#863,#862);
#865=DIRECTION('',(-1.E0,0.E0,0.E0));
#866=VECTOR('',#865,3.E-1);
#867=CARTESIAN_POINT('',(5.625E0,4.E-1,-2.7E0));
#868=LINE('',#867,#866);
#869=DIRECTION('',(0.E0,1.E0,0.E0));
#870=VECTOR('',#869,8.E-1);
#871=CARTESIAN_POINT('',(5.625E0,-4.E-1,-2.7E0));
#872=LINE('',#871,#870);
#873=DIRECTION('',(1.E0,0.E0,0.E0));
#874=VECTOR('',#873,3.E-1);
#875=CARTESIAN_POINT('',(5.325E0,-4.E-1,-2.7E0));
#876=LINE('',#875,#874);
#877=DIRECTION('',(0.E0,1.E0,0.E0));
#878=VECTOR('',#877,4.75E-1);
#879=CARTESIAN_POINT('',(5.325E0,-8.75E-1,-2.7E0));
#880=LINE('',#879,#878);
#881=DIRECTION('',(1.E0,0.E0,0.E0));
#882=VECTOR('',#881,4.E-1);
#883=CARTESIAN_POINT('',(4.925E0,-8.75E-1,-2.7E0));
#884=LINE('',#883,#882);
#885=DIRECTION('',(0.E0,-1.E0,0.E0));
#886=VECTOR('',#885,1.75E0);
#887=CARTESIAN_POINT('',(4.925E0,8.75E-1,-2.7E0));
#888=LINE('',#887,#886);
#889=DIRECTION('',(0.E0,-1.E0,0.E0));
#890=VECTOR('',#889,4.75E-1);
#891=CARTESIAN_POINT('',(-5.325E0,8.75E-1,-2.7E0));
#892=LINE('',#891,#890);
#893=DIRECTION('',(-1.E0,0.E0,0.E0));
#894=VECTOR('',#893,4.E-1);
#895=CARTESIAN_POINT('',(-4.925E0,8.75E-1,-2.7E0));
#896=LINE('',#895,#894);
#897=DIRECTION('',(0.E0,1.E0,0.E0));
#898=VECTOR('',#897,1.75E0);
#899=CARTESIAN_POINT('',(-4.925E0,-8.75E-1,-2.7E0));
#900=LINE('',#899,#898);
#901=DIRECTION('',(1.E0,0.E0,0.E0));
#902=VECTOR('',#901,4.E-1);
#903=CARTESIAN_POINT('',(-5.325E0,-8.75E-1,-2.7E0));
#904=LINE('',#903,#902);
#905=DIRECTION('',(0.E0,-1.E0,0.E0));
#906=VECTOR('',#905,4.75E-1);
#907=CARTESIAN_POINT('',(-5.325E0,-4.E-1,-2.7E0));
#908=LINE('',#907,#906);
#909=DIRECTION('',(1.E0,0.E0,0.E0));
#910=VECTOR('',#909,3.E-1);
#911=CARTESIAN_POINT('',(-5.625E0,-4.E-1,-2.7E0));
#912=LINE('',#911,#910);
#913=DIRECTION('',(0.E0,-1.E0,0.E0));
#914=VECTOR('',#913,8.E-1);
#915=CARTESIAN_POINT('',(-5.625E0,4.E-1,-2.7E0));
#916=LINE('',#915,#914);
#917=DIRECTION('',(-1.E0,0.E0,0.E0));
#918=VECTOR('',#917,3.E-1);
#919=CARTESIAN_POINT('',(-5.325E0,4.E-1,-2.7E0));
#920=LINE('',#919,#918);
#921=DIRECTION('',(0.E0,0.E0,-1.E0));
#922=VECTOR('',#921,2.5E-1);
#923=CARTESIAN_POINT('',(5.325E0,4.E-1,-2.45E0));
#924=LINE('',#923,#922);
#925=DIRECTION('',(0.E0,0.E0,-1.E0));
#926=VECTOR('',#925,2.5E-1);
#927=CARTESIAN_POINT('',(5.625E0,4.E-1,-2.45E0));
#928=LINE('',#927,#926);
#929=DIRECTION('',(0.E0,0.E0,-1.E0));
#930=VECTOR('',#929,2.5E-1);
#931=CARTESIAN_POINT('',(5.625E0,-4.E-1,-2.45E0));
#932=LINE('',#931,#930);
#933=DIRECTION('',(0.E0,0.E0,-1.E0));
#934=VECTOR('',#933,2.5E-1);
#935=CARTESIAN_POINT('',(5.325E0,-4.E-1,-2.45E0));
#936=LINE('',#935,#934);
#937=DIRECTION('',(0.E0,0.E0,-1.E0));
#938=VECTOR('',#937,2.5E-1);
#939=CARTESIAN_POINT('',(-5.325E0,8.75E-1,-2.45E0));
#940=LINE('',#939,#938);
#941=DIRECTION('',(0.E0,-1.E0,0.E0));
#942=VECTOR('',#941,4.75E-1);
#943=CARTESIAN_POINT('',(-5.325E0,8.75E-1,-2.45E0));
#944=LINE('',#943,#942);
#945=DIRECTION('',(-1.E0,0.E0,0.E0));
#946=VECTOR('',#945,3.E-1);
#947=CARTESIAN_POINT('',(-5.325E0,4.E-1,-2.45E0));
#948=LINE('',#947,#946);
#949=DIRECTION('',(0.E0,-1.E0,0.E0));
#950=VECTOR('',#949,8.E-1);
#951=CARTESIAN_POINT('',(-5.625E0,4.E-1,-2.45E0));
#952=LINE('',#951,#950);
#953=DIRECTION('',(1.E0,0.E0,0.E0));
#954=VECTOR('',#953,3.E-1);
#955=CARTESIAN_POINT('',(-5.625E0,-4.E-1,-2.45E0));
#956=LINE('',#955,#954);
#957=DIRECTION('',(0.E0,1.E0,0.E0));
#958=VECTOR('',#957,4.75E-1);
#959=CARTESIAN_POINT('',(-5.325E0,-8.75E-1,-2.45E0));
#960=LINE('',#959,#958);
#961=DIRECTION('',(1.E0,0.E0,0.E0));
#962=VECTOR('',#961,1.25E0);
#963=CARTESIAN_POINT('',(-6.575E0,-8.75E-1,-2.45E0));
#964=LINE('',#963,#962);
#965=DIRECTION('',(0.E0,0.E0,-1.E0));
#966=VECTOR('',#965,2.5E-1);
#967=CARTESIAN_POINT('',(-5.325E0,4.E-1,-2.45E0));
#968=LINE('',#967,#966);
#969=DIRECTION('',(0.E0,0.E0,-1.E0));
#970=VECTOR('',#969,2.5E-1);
#971=CARTESIAN_POINT('',(-5.625E0,4.E-1,-2.45E0));
#972=LINE('',#971,#970);
#973=DIRECTION('',(0.E0,0.E0,-1.E0));
#974=VECTOR('',#973,2.5E-1);
#975=CARTESIAN_POINT('',(-5.625E0,-4.E-1,-2.45E0));
#976=LINE('',#975,#974);
#977=DIRECTION('',(0.E0,0.E0,-1.E0));
#978=VECTOR('',#977,2.5E-1);
#979=CARTESIAN_POINT('',(-5.325E0,-4.E-1,-2.45E0));
#980=LINE('',#979,#978);
#981=DIRECTION('',(0.E0,0.E0,-1.E0));
#982=VECTOR('',#981,2.5E-1);
#983=CARTESIAN_POINT('',(-5.325E0,-8.75E-1,-2.45E0));
#984=LINE('',#983,#982);
#985=DIRECTION('',(1.E0,0.E0,0.E0));
#986=VECTOR('',#985,1.65E0);
#987=CARTESIAN_POINT('',(-6.575E0,-8.75E-1,5.E-2));
#988=LINE('',#987,#986);
#989=DIRECTION('',(0.E0,0.E0,-1.E0));
#990=VECTOR('',#989,2.75E0);
#991=CARTESIAN_POINT('',(-4.925E0,-8.75E-1,5.E-2));
#992=LINE('',#991,#990);
#993=DIRECTION('',(0.E0,1.E0,0.E0));
#994=VECTOR('',#993,4.7E-1);
#995=CARTESIAN_POINT('',(-4.925E0,8.75E-1,5.E-2));
#996=LINE('',#995,#994);
#997=DIRECTION('',(0.E0,0.E0,1.E0));
#998=VECTOR('',#997,3.5E0);
#999=CARTESIAN_POINT('',(-4.925E0,1.345E0,5.E-2));
#1000=LINE('',#999,#998);
#1001=DIRECTION('',(0.E0,0.E0,-1.E0));
#1002=VECTOR('',#1001,3.5E0);
#1003=CARTESIAN_POINT('',(-4.925E0,-1.405E0,3.55E0));
#1004=LINE('',#1003,#1002);
#1005=DIRECTION('',(0.E0,1.E0,0.E0));
#1006=VECTOR('',#1005,5.3E-1);
#1007=CARTESIAN_POINT('',(-4.925E0,-1.405E0,5.E-2));
#1008=LINE('',#1007,#1006);
#1009=DIRECTION('',(0.E0,0.E0,-1.E0));
#1010=VECTOR('',#1009,2.75E0);
#1011=CARTESIAN_POINT('',(-4.925E0,8.75E-1,5.E-2));
#1012=LINE('',#1011,#1010);
#1013=DIRECTION('',(1.E0,0.E0,0.E0));
#1014=VECTOR('',#1013,1.25E0);
#1015=CARTESIAN_POINT('',(-6.575E0,8.75E-1,-2.45E0));
#1016=LINE('',#1015,#1014);
#1017=DIRECTION('',(0.E0,0.E0,-1.E0));
#1018=VECTOR('',#1017,1.73E0);
#1019=CARTESIAN_POINT('',(-6.575E0,-1.405E0,1.78E0));
#1020=LINE('',#1019,#1018);
#1021=DIRECTION('',(0.E0,1.E0,0.E0));
#1022=VECTOR('',#1021,1.423421052632E0);
#1023=CARTESIAN_POINT('',(-6.575E0,-2.828421052632E0,1.78E0));
#1024=LINE('',#1023,#1022);
#1025=DIRECTION('',(0.E0,0.E0,-1.E0));
#1026=VECTOR('',#1025,4.74E0);
#1027=CARTESIAN_POINT('',(-6.575E0,-2.828421052632E0,1.78E0));
#1028=LINE('',#1027,#1026);
#1029=DIRECTION('',(0.E0,1.E0,0.E0));
#1030=VECTOR('',#1029,1.141578947368E0);
#1031=CARTESIAN_POINT('',(-6.575E0,-3.97E0,-2.96E0));
#1032=LINE('',#1031,#1030);
#1033=DIRECTION('',(0.E0,0.E0,1.E0));
#1034=VECTOR('',#1033,2.E0);
#1035=CARTESIAN_POINT('',(-6.575E0,-3.97E0,-4.96E0));
#1036=LINE('',#1035,#1034);
#1037=DIRECTION('',(0.E0,-1.E0,0.E0));
#1038=VECTOR('',#1037,1.47E0);
#1039=CARTESIAN_POINT('',(-6.575E0,-2.5E0,-4.96E0));
#1040=LINE('',#1039,#1038);
#1041=DIRECTION('',(0.E0,0.E0,-1.E0));
#1042=VECTOR('',#1041,7.25E-1);
#1043=CARTESIAN_POINT('',(-6.575E0,-2.5E0,-4.235E0));
#1044=LINE('',#1043,#1042);
#1045=DIRECTION('',(0.E0,-1.E0,0.E0));
#1046=VECTOR('',#1045,1.47E0);
#1047=CARTESIAN_POINT('',(-6.575E0,-1.03E0,-4.235E0));
#1048=LINE('',#1047,#1046);
#1049=DIRECTION('',(0.E0,0.E0,-1.E0));
#1050=VECTOR('',#1049,6.E-1);
#1051=CARTESIAN_POINT('',(-6.575E0,-1.03E0,-3.635E0));
#1052=LINE('',#1051,#1050);
#1053=DIRECTION('',(0.E0,-1.E0,0.E0));
#1054=VECTOR('',#1053,2.E0);
#1055=CARTESIAN_POINT('',(-6.575E0,9.7E-1,-3.635E0));
#1056=LINE('',#1055,#1054);
#1057=DIRECTION('',(0.E0,0.E0,1.E0));
#1058=VECTOR('',#1057,6.E-1);
#1059=CARTESIAN_POINT('',(-6.575E0,9.7E-1,-4.235E0));
#1060=LINE('',#1059,#1058);
#1061=DIRECTION('',(0.E0,-1.E0,0.E0));
#1062=VECTOR('',#1061,5.3E-1);
#1063=CARTESIAN_POINT('',(-6.575E0,1.5E0,-4.235E0));
#1064=LINE('',#1063,#1062);
#1065=DIRECTION('',(0.E0,0.E0,1.E0));
#1066=VECTOR('',#1065,7.25E-1);
#1067=CARTESIAN_POINT('',(-6.575E0,1.5E0,-4.96E0));
#1068=LINE('',#1067,#1066);
#1069=DIRECTION('',(0.E0,-1.E0,0.E0));
#1070=VECTOR('',#1069,1.9E0);
#1071=CARTESIAN_POINT('',(-6.575E0,3.4E0,-4.96E0));
#1072=LINE('',#1071,#1070);
#1073=DIRECTION('',(0.E0,0.E0,-1.E0));
#1074=VECTOR('',#1073,6.74E0);
#1075=CARTESIAN_POINT('',(-6.575E0,3.4E0,1.78E0));
#1076=LINE('',#1075,#1074);
#1077=DIRECTION('',(0.E0,1.E0,0.E0));
#1078=VECTOR('',#1077,2.055E0);
#1079=CARTESIAN_POINT('',(-6.575E0,1.345E0,1.78E0));
#1080=LINE('',#1079,#1078);
#1081=DIRECTION('',(0.E0,0.E0,-1.E0));
#1082=VECTOR('',#1081,1.73E0);
#1083=CARTESIAN_POINT('',(-6.575E0,1.345E0,1.78E0));
#1084=LINE('',#1083,#1082);
#1085=DIRECTION('',(0.E0,1.E0,0.E0));
#1086=VECTOR('',#1085,4.7E-1);
#1087=CARTESIAN_POINT('',(-6.575E0,8.75E-1,5.E-2));
#1088=LINE('',#1087,#1086);
#1089=DIRECTION('',(0.E0,0.E0,1.E0));
#1090=VECTOR('',#1089,2.5E0);
#1091=CARTESIAN_POINT('',(-6.575E0,8.75E-1,-2.45E0));
#1092=LINE('',#1091,#1090);
#1093=DIRECTION('',(0.E0,1.E0,0.E0));
#1094=VECTOR('',#1093,1.75E0);
#1095=CARTESIAN_POINT('',(-6.575E0,-8.75E-1,-2.45E0));
#1096=LINE('',#1095,#1094);
#1097=DIRECTION('',(0.E0,0.E0,-1.E0));
#1098=VECTOR('',#1097,2.5E0);
#1099=CARTESIAN_POINT('',(-6.575E0,-8.75E-1,5.E-2));
#1100=LINE('',#1099,#1098);
#1101=DIRECTION('',(0.E0,1.E0,0.E0));
#1102=VECTOR('',#1101,5.3E-1);
#1103=CARTESIAN_POINT('',(-6.575E0,-1.405E0,5.E-2));
#1104=LINE('',#1103,#1102);
#1105=DIRECTION('',(0.E0,0.E0,-1.E0));
#1106=VECTOR('',#1105,2.E0);
#1107=CARTESIAN_POINT('',(5.375E0,-3.97E0,-2.96E0));
#1108=LINE('',#1107,#1106);
#1109=DIRECTION('',(-1.E0,0.E0,0.E0));
#1110=VECTOR('',#1109,1.2E0);
#1111=CARTESIAN_POINT('',(6.575E0,-3.97E0,-4.96E0));
#1112=LINE('',#1111,#1110);
#1113=DIRECTION('',(0.E0,0.E0,-1.E0));
#1114=VECTOR('',#1113,2.E0);
#1115=CARTESIAN_POINT('',(-5.375E0,-3.97E0,-2.96E0));
#1116=LINE('',#1115,#1114);
#1117=DIRECTION('',(-1.E0,0.E0,0.E0));
#1118=VECTOR('',#1117,1.2E0);
#1119=CARTESIAN_POINT('',(-5.375E0,-3.97E0,-4.96E0));
#1120=LINE('',#1119,#1118);
#1121=DIRECTION('',(0.E0,0.E0,-1.E0));
#1122=VECTOR('',#1121,2.E0);
#1123=CARTESIAN_POINT('',(-5.375E0,-3.46E0,-2.96E0));
#1124=LINE('',#1123,#1122);
#1125=DIRECTION('',(1.E0,0.E0,0.E0));
#1126=VECTOR('',#1125,1.E0);
#1127=CARTESIAN_POINT('',(-6.575E0,-1.03E0,-3.635E0));
#1128=LINE('',#1127,#1126);
#1129=DIRECTION('',(0.E0,0.E0,1.E0));
#1130=VECTOR('',#1129,6.E-1);
#1131=CARTESIAN_POINT('',(-5.575E0,9.7E-1,-4.235E0));
#1132=LINE('',#1131,#1130);
#1133=DIRECTION('',(0.E0,-1.E0,0.E0));
#1134=VECTOR('',#1133,2.E0);
#1135=CARTESIAN_POINT('',(-5.575E0,9.7E-1,-3.635E0));
#1136=LINE('',#1135,#1134);
#1137=DIRECTION('',(0.E0,0.E0,-1.E0));
#1138=VECTOR('',#1137,6.E-1);
#1139=CARTESIAN_POINT('',(-5.575E0,-1.03E0,-3.635E0));
#1140=LINE('',#1139,#1138);
#1141=DIRECTION('',(1.E0,0.E0,0.E0));
#1142=VECTOR('',#1141,1.E0);
#1143=CARTESIAN_POINT('',(-6.575E0,9.7E-1,-3.635E0));
#1144=LINE('',#1143,#1142);
#1145=DIRECTION('',(-1.E0,0.E0,0.E0));
#1146=VECTOR('',#1145,3.255E0);
#1147=CARTESIAN_POINT('',(6.575E0,1.5E0,-4.96E0));
#1148=LINE('',#1147,#1146);
#1149=DIRECTION('',(0.E0,0.E0,-1.E0));
#1150=VECTOR('',#1149,7.25E-1);
#1151=CARTESIAN_POINT('',(3.32E0,1.5E0,-4.235E0));
#1152=LINE('',#1151,#1150);
#1153=DIRECTION('',(0.E0,0.E0,-1.E0));
#1154=VECTOR('',#1153,7.25E-1);
#1155=CARTESIAN_POINT('',(2.68E0,1.5E0,-4.235E0));
#1156=LINE('',#1155,#1154);
#1157=DIRECTION('',(-1.E0,0.E0,0.E0));
#1158=VECTOR('',#1157,2.36E0);
#1159=CARTESIAN_POINT('',(2.68E0,1.5E0,-4.96E0));
#1160=LINE('',#1159,#1158);
#1161=DIRECTION('',(0.E0,0.E0,-1.E0));
#1162=VECTOR('',#1161,7.25E-1);
#1163=CARTESIAN_POINT('',(3.2E-1,1.5E0,-4.235E0));
#1164=LINE('',#1163,#1162);
#1165=DIRECTION('',(-1.E0,0.E0,0.E0));
#1166=VECTOR('',#1165,3.255E0);
#1167=CARTESIAN_POINT('',(-3.32E0,1.5E0,-4.96E0));
#1168=LINE('',#1167,#1166);
#1169=DIRECTION('',(0.E0,0.E0,-1.E0));
#1170=VECTOR('',#1169,7.25E-1);
#1171=CARTESIAN_POINT('',(-3.32E0,1.5E0,-4.235E0));
#1172=LINE('',#1171,#1170);
#1173=DIRECTION('',(0.E0,0.E0,-1.E0));
#1174=VECTOR('',#1173,7.25E-1);
#1175=CARTESIAN_POINT('',(-3.2E-1,1.5E0,-4.235E0));
#1176=LINE('',#1175,#1174);
#1177=DIRECTION('',(-1.E0,0.E0,0.E0));
#1178=VECTOR('',#1177,2.36E0);
#1179=CARTESIAN_POINT('',(-3.2E-1,1.5E0,-4.96E0));
#1180=LINE('',#1179,#1178);
#1181=DIRECTION('',(0.E0,0.E0,-1.E0));
#1182=VECTOR('',#1181,7.25E-1);
#1183=CARTESIAN_POINT('',(-2.68E0,1.5E0,-4.235E0));
#1184=LINE('',#1183,#1182);
#1185=DIRECTION('',(-1.E0,0.E0,0.E0));
#1186=VECTOR('',#1185,1.65E0);
#1187=CARTESIAN_POINT('',(6.575E0,3.4E0,-4.96E0));
#1188=LINE('',#1187,#1186);
#1189=DIRECTION('',(0.E0,1.E0,0.E0));
#1190=VECTOR('',#1189,1.E-1);
#1191=CARTESIAN_POINT('',(4.925E0,3.3E0,-4.96E0));
#1192=LINE('',#1191,#1190);
#1193=DIRECTION('',(1.E0,0.E0,0.E0));
#1194=VECTOR('',#1193,1.605E0);
#1195=CARTESIAN_POINT('',(3.32E0,3.3E0,-4.96E0));
#1196=LINE('',#1195,#1194);
#1197=DIRECTION('',(0.E0,1.E0,0.E0));
#1198=VECTOR('',#1197,1.48E0);
#1199=CARTESIAN_POINT('',(3.32E0,1.82E0,-4.96E0));
#1200=LINE('',#1199,#1198);
#1201=DIRECTION('',(0.E0,1.E0,0.E0));
#1202=VECTOR('',#1201,3.2E-1);
#1203=CARTESIAN_POINT('',(3.32E0,1.5E0,-4.96E0));
#1204=LINE('',#1203,#1202);
#1205=DIRECTION('',(0.E0,1.E0,0.E0));
#1206=VECTOR('',#1205,3.2E-1);
#1207=CARTESIAN_POINT('',(2.68E0,1.5E0,-4.96E0));
#1208=LINE('',#1207,#1206);
#1209=DIRECTION('',(0.E0,1.E0,0.E0));
#1210=VECTOR('',#1209,1.48E0);
#1211=CARTESIAN_POINT('',(2.68E0,1.82E0,-4.96E0));
#1212=LINE('',#1211,#1210);
#1213=DIRECTION('',(1.E0,0.E0,0.E0));
#1214=VECTOR('',#1213,2.36E0);
#1215=CARTESIAN_POINT('',(3.2E-1,3.3E0,-4.96E0));
#1216=LINE('',#1215,#1214);
#1217=DIRECTION('',(0.E0,1.E0,0.E0));
#1218=VECTOR('',#1217,1.48E0);
#1219=CARTESIAN_POINT('',(3.2E-1,1.82E0,-4.96E0));
#1220=LINE('',#1219,#1218);
#1221=DIRECTION('',(0.E0,1.E0,0.E0));
#1222=VECTOR('',#1221,3.2E-1);
#1223=CARTESIAN_POINT('',(3.2E-1,1.5E0,-4.96E0));
#1224=LINE('',#1223,#1222);
#1225=DIRECTION('',(0.E0,1.E0,0.E0));
#1226=VECTOR('',#1225,1.48E0);
#1227=CARTESIAN_POINT('',(-3.32E0,1.82E0,-4.96E0));
#1228=LINE('',#1227,#1226);
#1229=DIRECTION('',(1.E0,0.E0,0.E0));
#1230=VECTOR('',#1229,1.605E0);
#1231=CARTESIAN_POINT('',(-4.925E0,3.3E0,-4.96E0));
#1232=LINE('',#1231,#1230);
#1233=DIRECTION('',(0.E0,1.E0,0.E0));
#1234=VECTOR('',#1233,1.E-1);
#1235=CARTESIAN_POINT('',(-4.925E0,3.3E0,-4.96E0));
#1236=LINE('',#1235,#1234);
#1237=DIRECTION('',(-1.E0,0.E0,0.E0));
#1238=VECTOR('',#1237,1.65E0);
#1239=CARTESIAN_POINT('',(-4.925E0,3.4E0,-4.96E0));
#1240=LINE('',#1239,#1238);
#1241=DIRECTION('',(0.E0,1.E0,0.E0));
#1242=VECTOR('',#1241,3.2E-1);
#1243=CARTESIAN_POINT('',(-3.32E0,1.5E0,-4.96E0));
#1244=LINE('',#1243,#1242);
#1245=DIRECTION('',(0.E0,1.E0,0.E0));
#1246=VECTOR('',#1245,3.2E-1);
#1247=CARTESIAN_POINT('',(-3.2E-1,1.5E0,-4.96E0));
#1248=LINE('',#1247,#1246);
#1249=DIRECTION('',(0.E0,1.E0,0.E0));
#1250=VECTOR('',#1249,1.48E0);
#1251=CARTESIAN_POINT('',(-3.2E-1,1.82E0,-4.96E0));
#1252=LINE('',#1251,#1250);
#1253=DIRECTION('',(1.E0,0.E0,0.E0));
#1254=VECTOR('',#1253,2.36E0);
#1255=CARTESIAN_POINT('',(-2.68E0,3.3E0,-4.96E0));
#1256=LINE('',#1255,#1254);
#1257=DIRECTION('',(0.E0,1.E0,0.E0));
#1258=VECTOR('',#1257,1.48E0);
#1259=CARTESIAN_POINT('',(-2.68E0,1.82E0,-4.96E0));
#1260=LINE('',#1259,#1258);
#1261=DIRECTION('',(0.E0,1.E0,0.E0));
#1262=VECTOR('',#1261,3.2E-1);
#1263=CARTESIAN_POINT('',(-2.68E0,1.5E0,-4.96E0));
#1264=LINE('',#1263,#1262);
#1265=CARTESIAN_POINT('',(-6.E0,2.44E0,-4.96E0));
#1266=DIRECTION('',(0.E0,0.E0,-1.E0));
#1267=DIRECTION('',(-1.E0,0.E0,0.E0));
#1268=AXIS2_PLACEMENT_3D('',#1265,#1266,#1267);
#1270=CARTESIAN_POINT('',(-6.E0,2.44E0,-4.96E0));
#1271=DIRECTION('',(0.E0,0.E0,-1.E0));
#1272=DIRECTION('',(1.E0,0.E0,0.E0));
#1273=AXIS2_PLACEMENT_3D('',#1270,#1271,#1272);
#1275=CARTESIAN_POINT('',(6.E0,2.44E0,-4.96E0));
#1276=DIRECTION('',(0.E0,0.E0,-1.E0));
#1277=DIRECTION('',(-1.E0,0.E0,0.E0));
#1278=AXIS2_PLACEMENT_3D('',#1275,#1276,#1277);
#1280=CARTESIAN_POINT('',(6.E0,2.44E0,-4.96E0));
#1281=DIRECTION('',(0.E0,0.E0,-1.E0));
#1282=DIRECTION('',(1.E0,0.E0,0.E0));
#1283=AXIS2_PLACEMENT_3D('',#1280,#1281,#1282);
#1285=DIRECTION('',(0.E0,0.E0,-1.E0));
#1286=VECTOR('',#1285,2.65E0);
#1287=CARTESIAN_POINT('',(-7.5E-1,3.4E0,4.6E0));
#1288=LINE('',#1287,#1286);
#1289=DIRECTION('',(1.E0,0.E0,0.E0));
#1290=VECTOR('',#1289,1.5E0);
#1291=CARTESIAN_POINT('',(-7.5E-1,3.4E0,4.6E0));
#1292=LINE('',#1291,#1290);
#1293=DIRECTION('',(0.E0,0.E0,-1.E0));
#1294=VECTOR('',#1293,2.65E0);
#1295=CARTESIAN_POINT('',(7.5E-1,3.4E0,4.6E0));
#1296=LINE('',#1295,#1294);
#1297=DIRECTION('',(1.E0,0.E0,0.E0));
#1298=VECTOR('',#1297,1.5E0);
#1299=CARTESIAN_POINT('',(-7.5E-1,3.4E0,1.95E0));
#1300=LINE('',#1299,#1298);
#1301=DIRECTION('',(0.E0,0.E0,1.E0));
#1302=VECTOR('',#1301,1.75E0);
#1303=CARTESIAN_POINT('',(-4.925E0,3.4E0,-4.96E0));
#1304=LINE('',#1303,#1302);
#1305=DIRECTION('',(1.E0,0.E0,0.E0));
#1306=VECTOR('',#1305,9.85E0);
#1307=CARTESIAN_POINT('',(-4.925E0,3.4E0,-3.21E0));
#1308=LINE('',#1307,#1306);
#1309=DIRECTION('',(0.E0,0.E0,1.E0));
#1310=VECTOR('',#1309,1.75E0);
#1311=CARTESIAN_POINT('',(4.925E0,3.4E0,-4.96E0));
#1312=LINE('',#1311,#1310);
#1313=DIRECTION('',(-7.071067811865E-1,0.E0,7.071067811865E-1));
#1314=VECTOR('',#1313,1.979898987322E0);
#1315=CARTESIAN_POINT('',(6.325E0,3.4E0,3.55E0));
#1316=LINE('',#1315,#1314);
#1317=DIRECTION('',(-7.071067811865E-1,0.E0,-7.071067811865E-1));
#1318=VECTOR('',#1317,1.979898987322E0);
#1319=CARTESIAN_POINT('',(-4.925E0,3.4E0,4.95E0));
#1320=LINE('',#1319,#1318);
#1321=DIRECTION('',(-1.E0,0.E0,0.E0));
#1322=VECTOR('',#1321,2.5E-1);
#1323=CARTESIAN_POINT('',(-6.325E0,3.4E0,1.78E0));
#1324=LINE('',#1323,#1322);
#1325=CARTESIAN_POINT('',(-7.5E-1,3.9E0,1.95E0));
#1326=DIRECTION('',(-1.E0,0.E0,0.E0));
#1327=DIRECTION('',(0.E0,-1.E0,0.E0));
#1328=AXIS2_PLACEMENT_3D('',#1325,#1326,#1327);
#1330=DIRECTION('',(0.E0,1.E0,0.E0));
#1331=VECTOR('',#1330,9.E-1);
#1332=CARTESIAN_POINT('',(-7.5E-1,3.9E0,2.45E0));
#1333=LINE('',#1332,#1331);
#1334=DIRECTION('',(0.E0,0.E0,1.E0));
#1335=VECTOR('',#1334,7.5E-1);
#1336=CARTESIAN_POINT('',(-7.5E-1,4.8E0,2.45E0));
#1337=LINE('',#1336,#1335);
#1338=DIRECTION('',(0.E0,-7.071067811865E-1,7.071067811865E-1));
#1339=VECTOR('',#1338,1.979898987322E0);
#1340=CARTESIAN_POINT('',(-7.5E-1,4.8E0,3.2E0));
#1341=LINE('',#1340,#1339);
#1342=DIRECTION('',(0.E0,-7.071067811865E-1,7.071067811865E-1));
#1343=VECTOR('',#1342,1.979898987322E0);
#1344=CARTESIAN_POINT('',(7.5E-1,4.8E0,3.2E0));
#1345=LINE('',#1344,#1343);
#1346=DIRECTION('',(0.E0,0.E0,1.E0));
#1347=VECTOR('',#1346,7.5E-1);
#1348=CARTESIAN_POINT('',(7.5E-1,4.8E0,2.45E0));
#1349=LINE('',#1348,#1347);
#1350=DIRECTION('',(0.E0,1.E0,0.E0));
#1351=VECTOR('',#1350,9.E-1);
#1352=CARTESIAN_POINT('',(7.5E-1,3.9E0,2.45E0));
#1353=LINE('',#1352,#1351);
#1354=CARTESIAN_POINT('',(7.5E-1,3.9E0,1.95E0));
#1355=DIRECTION('',(-1.E0,0.E0,0.E0));
#1356=DIRECTION('',(0.E0,-1.E0,0.E0));
#1357=AXIS2_PLACEMENT_3D('',#1354,#1355,#1356);
#1359=DIRECTION('',(1.E0,0.E0,0.E0));
#1360=VECTOR('',#1359,1.5E0);
#1361=CARTESIAN_POINT('',(-7.5E-1,4.8E0,3.2E0));
#1362=LINE('',#1361,#1360);
#1363=DIRECTION('',(1.E0,0.E0,0.E0));
#1364=VECTOR('',#1363,1.5E0);
#1365=CARTESIAN_POINT('',(-7.5E-1,4.8E0,2.45E0));
#1366=LINE('',#1365,#1364);
#1367=DIRECTION('',(1.E0,0.E0,0.E0));
#1368=VECTOR('',#1367,1.5E0);
#1369=CARTESIAN_POINT('',(-7.5E-1,3.9E0,2.45E0));
#1370=LINE('',#1369,#1368);
#1371=DIRECTION('',(0.E0,0.E0,1.E0));
#1372=VECTOR('',#1371,1.E0);
#1373=CARTESIAN_POINT('',(-3.32E0,3.3E0,-4.96E0));
#1374=LINE('',#1373,#1372);
#1375=DIRECTION('',(1.E0,0.E0,0.E0));
#1376=VECTOR('',#1375,6.4E-1);
#1377=CARTESIAN_POINT('',(-3.32E0,3.3E0,-3.96E0));
#1378=LINE('',#1377,#1376);
#1379=DIRECTION('',(0.E0,0.E0,1.E0));
#1380=VECTOR('',#1379,1.E0);
#1381=CARTESIAN_POINT('',(-2.68E0,3.3E0,-4.96E0));
#1382=LINE('',#1381,#1380);
#1383=DIRECTION('',(0.E0,0.E0,1.E0));
#1384=VECTOR('',#1383,1.E0);
#1385=CARTESIAN_POINT('',(-3.2E-1,3.3E0,-4.96E0));
#1386=LINE('',#1385,#1384);
#1387=DIRECTION('',(1.E0,0.E0,0.E0));
#1388=VECTOR('',#1387,6.4E-1);
#1389=CARTESIAN_POINT('',(-3.2E-1,3.3E0,-3.96E0));
#1390=LINE('',#1389,#1388);
#1391=DIRECTION('',(0.E0,0.E0,1.E0));
#1392=VECTOR('',#1391,1.E0);
#1393=CARTESIAN_POINT('',(3.2E-1,3.3E0,-4.96E0));
#1394=LINE('',#1393,#1392);
#1395=DIRECTION('',(0.E0,0.E0,1.E0));
#1396=VECTOR('',#1395,1.E0);
#1397=CARTESIAN_POINT('',(2.68E0,3.3E0,-4.96E0));
#1398=LINE('',#1397,#1396);
#1399=DIRECTION('',(1.E0,0.E0,0.E0));
#1400=VECTOR('',#1399,6.4E-1);
#1401=CARTESIAN_POINT('',(2.68E0,3.3E0,-3.96E0));
#1402=LINE('',#1401,#1400);
#1403=DIRECTION('',(0.E0,0.E0,1.E0));
#1404=VECTOR('',#1403,1.E0);
#1405=CARTESIAN_POINT('',(3.32E0,3.3E0,-4.96E0));
#1406=LINE('',#1405,#1404);
#1407=DIRECTION('',(0.E0,0.E0,-1.E0));
#1408=VECTOR('',#1407,1.75E0);
#1409=CARTESIAN_POINT('',(4.925E0,3.3E0,-3.21E0));
#1410=LINE('',#1409,#1408);
#1411=DIRECTION('',(1.E0,0.E0,0.E0));
#1412=VECTOR('',#1411,9.85E0);
#1413=CARTESIAN_POINT('',(-4.925E0,3.3E0,-3.21E0));
#1414=LINE('',#1413,#1412);
#1415=DIRECTION('',(0.E0,0.E0,1.E0));
#1416=VECTOR('',#1415,1.75E0);
#1417=CARTESIAN_POINT('',(-4.925E0,3.3E0,-4.96E0));
#1418=LINE('',#1417,#1416);
#1419=DIRECTION('',(1.E0,0.E0,0.E0));
#1420=VECTOR('',#1419,6.4E-1);
#1421=CARTESIAN_POINT('',(-3.32E0,1.18E0,-3.96E0));
#1422=LINE('',#1421,#1420);
#1423=DIRECTION('',(0.E0,-1.E0,0.E0));
#1424=VECTOR('',#1423,2.36E0);
#1425=CARTESIAN_POINT('',(-3.32E0,1.18E0,-3.96E0));
#1426=LINE('',#1425,#1424);
#1427=DIRECTION('',(1.E0,0.E0,0.E0));
#1428=VECTOR('',#1427,6.4E-1);
#1429=CARTESIAN_POINT('',(-3.32E0,-1.18E0,-3.96E0));
#1430=LINE('',#1429,#1428);
#1431=DIRECTION('',(1.E0,0.E0,0.E0));
#1432=VECTOR('',#1431,6.4E-1);
#1433=CARTESIAN_POINT('',(-3.32E0,1.82E0,-3.96E0));
#1434=LINE('',#1433,#1432);
#1435=DIRECTION('',(0.E0,-1.E0,0.E0));
#1436=VECTOR('',#1435,1.48E0);
#1437=CARTESIAN_POINT('',(-3.32E0,3.3E0,-3.96E0));
#1438=LINE('',#1437,#1436);
#1439=DIRECTION('',(1.E0,0.E0,0.E0));
#1440=VECTOR('',#1439,6.4E-1);
#1441=CARTESIAN_POINT('',(-3.32E0,-1.82E0,-3.96E0));
#1442=LINE('',#1441,#1440);
#1443=DIRECTION('',(0.E0,-1.E0,0.E0));
#1444=VECTOR('',#1443,1.64E0);
#1445=CARTESIAN_POINT('',(-3.32E0,-1.82E0,-3.96E0));
#1446=LINE('',#1445,#1444);
#1447=DIRECTION('',(0.E0,0.E0,-1.E0));
#1448=VECTOR('',#1447,3.18E0);
#1449=CARTESIAN_POINT('',(-3.32E0,1.18E0,-4.235E0));
#1450=LINE('',#1449,#1448);
#1451=DIRECTION('',(0.E0,2.597346290551E-1,-9.656800311022E-1));
#1452=VECTOR('',#1451,7.507662752149E-1);
#1453=CARTESIAN_POINT('',(-3.32E0,1.18E0,-7.415E0));
#1454=LINE('',#1453,#1452);
#1455=DIRECTION('',(0.E0,1.E0,0.E0));
#1456=VECTOR('',#1455,2.5E-1);
#1457=CARTESIAN_POINT('',(-3.32E0,1.375E0,-8.14E0));
#1458=LINE('',#1457,#1456);
#1459=DIRECTION('',(0.E0,2.597346290551E-1,9.656800311022E-1));
#1460=VECTOR('',#1459,7.507662752149E-1);
#1461=CARTESIAN_POINT('',(-3.32E0,1.625E0,-8.14E0));
#1462=LINE('',#1461,#1460);
#1463=DIRECTION('',(0.E0,0.E0,1.E0));
#1464=VECTOR('',#1463,2.455E0);
#1465=CARTESIAN_POINT('',(-3.32E0,1.82E0,-7.415E0));
#1466=LINE('',#1465,#1464);
#1467=DIRECTION('',(0.E0,0.E0,1.E0));
#1468=VECTOR('',#1467,3.18E0);
#1469=CARTESIAN_POINT('',(-3.32E0,-1.18E0,-7.415E0));
#1470=LINE('',#1469,#1468);
#1471=DIRECTION('',(0.E0,0.E0,-1.E0));
#1472=VECTOR('',#1471,3.18E0);
#1473=CARTESIAN_POINT('',(-3.32E0,-1.82E0,-4.235E0));
#1474=LINE('',#1473,#1472);
#1475=DIRECTION('',(0.E0,2.597346290551E-1,-9.656800311022E-1));
#1476=VECTOR('',#1475,7.507662752149E-1);
#1477=CARTESIAN_POINT('',(-3.32E0,-1.82E0,-7.415E0));
#1478=LINE('',#1477,#1476);
#1479=DIRECTION('',(0.E0,1.E0,0.E0));
#1480=VECTOR('',#1479,2.5E-1);
#1481=CARTESIAN_POINT('',(-3.32E0,-1.625E0,-8.14E0));
#1482=LINE('',#1481,#1480);
#1483=DIRECTION('',(0.E0,2.597346290551E-1,9.656800311022E-1));
#1484=VECTOR('',#1483,7.507662752149E-1);
#1485=CARTESIAN_POINT('',(-3.32E0,-1.375E0,-8.14E0));
#1486=LINE('',#1485,#1484);
#1487=DIRECTION('',(1.E0,0.E0,0.E0));
#1488=VECTOR('',#1487,6.4E-1);
#1489=CARTESIAN_POINT('',(-3.32E0,1.18E0,-7.415E0));
#1490=LINE('',#1489,#1488);
#1491=DIRECTION('',(0.E0,0.E0,-1.E0));
#1492=VECTOR('',#1491,3.18E0);
#1493=CARTESIAN_POINT('',(-2.68E0,1.18E0,-4.235E0));
#1494=LINE('',#1493,#1492);
#1495=DIRECTION('',(0.E0,0.E0,1.E0));
#1496=VECTOR('',#1495,2.455E0);
#1497=CARTESIAN_POINT('',(-2.68E0,1.82E0,-7.415E0));
#1498=LINE('',#1497,#1496);
#1499=DIRECTION('',(0.E0,2.597346290551E-1,9.656800311022E-1));
#1500=VECTOR('',#1499,7.507662752149E-1);
#1501=CARTESIAN_POINT('',(-2.68E0,1.625E0,-8.14E0));
#1502=LINE('',#1501,#1500);
#1503=DIRECTION('',(0.E0,1.E0,0.E0));
#1504=VECTOR('',#1503,2.5E-1);
#1505=CARTESIAN_POINT('',(-2.68E0,1.375E0,-8.14E0));
#1506=LINE('',#1505,#1504);
#1507=DIRECTION('',(0.E0,2.597346290551E-1,-9.656800311022E-1));
#1508=VECTOR('',#1507,7.507662752149E-1);
#1509=CARTESIAN_POINT('',(-2.68E0,1.18E0,-7.415E0));
#1510=LINE('',#1509,#1508);
#1511=DIRECTION('',(0.E0,0.E0,1.E0));
#1512=VECTOR('',#1511,3.18E0);
#1513=CARTESIAN_POINT('',(-2.68E0,-1.18E0,-7.415E0));
#1514=LINE('',#1513,#1512);
#1515=DIRECTION('',(0.E0,2.597346290551E-1,9.656800311022E-1));
#1516=VECTOR('',#1515,7.507662752149E-1);
#1517=CARTESIAN_POINT('',(-2.68E0,-1.375E0,-8.14E0));
#1518=LINE('',#1517,#1516);
#1519=DIRECTION('',(0.E0,1.E0,0.E0));
#1520=VECTOR('',#1519,2.5E-1);
#1521=CARTESIAN_POINT('',(-2.68E0,-1.625E0,-8.14E0));
#1522=LINE('',#1521,#1520);
#1523=DIRECTION('',(0.E0,2.597346290551E-1,-9.656800311022E-1));
#1524=VECTOR('',#1523,7.507662752149E-1);
#1525=CARTESIAN_POINT('',(-2.68E0,-1.82E0,-7.415E0));
#1526=LINE('',#1525,#1524);
#1527=DIRECTION('',(0.E0,0.E0,-1.E0));
#1528=VECTOR('',#1527,3.18E0);
#1529=CARTESIAN_POINT('',(-2.68E0,-1.82E0,-4.235E0));
#1530=LINE('',#1529,#1528);
#1531=DIRECTION('',(1.E0,0.E0,0.E0));
#1532=VECTOR('',#1531,6.4E-1);
#1533=CARTESIAN_POINT('',(-3.32E0,1.82E0,-7.415E0));
#1534=LINE('',#1533,#1532);
#1535=DIRECTION('',(1.E0,0.E0,0.E0));
#1536=VECTOR('',#1535,6.4E-1);
#1537=CARTESIAN_POINT('',(-3.32E0,1.625E0,-8.14E0));
#1538=LINE('',#1537,#1536);
#1539=DIRECTION('',(1.E0,0.E0,0.E0));
#1540=VECTOR('',#1539,6.4E-1);
#1541=CARTESIAN_POINT('',(-3.32E0,1.375E0,-8.14E0));
#1542=LINE('',#1541,#1540);
#1543=DIRECTION('',(0.E0,0.E0,-1.E0));
#1544=VECTOR('',#1543,2.75E-1);
#1545=CARTESIAN_POINT('',(-2.68E0,-1.82E0,-3.96E0));
#1546=LINE('',#1545,#1544);
#1547=DIRECTION('',(0.E0,-1.E0,0.E0));
#1548=VECTOR('',#1547,1.64E0);
#1549=CARTESIAN_POINT('',(-2.68E0,-1.82E0,-3.96E0));
#1550=LINE('',#1549,#1548);
#1551=DIRECTION('',(0.E0,0.E0,-1.E0));
#1552=VECTOR('',#1551,2.75E-1);
#1553=CARTESIAN_POINT('',(-2.68E0,1.18E0,-3.96E0));
#1554=LINE('',#1553,#1552);
#1555=DIRECTION('',(0.E0,-1.E0,0.E0));
#1556=VECTOR('',#1555,2.36E0);
#1557=CARTESIAN_POINT('',(-2.68E0,1.18E0,-3.96E0));
#1558=LINE('',#1557,#1556);
#1559=DIRECTION('',(0.E0,0.E0,-1.E0));
#1560=VECTOR('',#1559,2.75E-1);
#1561=CARTESIAN_POINT('',(-2.68E0,-1.18E0,-3.96E0));
#1562=LINE('',#1561,#1560);
#1563=DIRECTION('',(0.E0,0.E0,-1.E0));
#1564=VECTOR('',#1563,1.E0);
#1565=CARTESIAN_POINT('',(-2.68E0,1.82E0,-3.96E0));
#1566=LINE('',#1565,#1564);
#1567=DIRECTION('',(0.E0,-1.E0,0.E0));
#1568=VECTOR('',#1567,1.48E0);
#1569=CARTESIAN_POINT('',(-2.68E0,3.3E0,-3.96E0));
#1570=LINE('',#1569,#1568);
#1571=DIRECTION('',(1.E0,0.E0,0.E0));
#1572=VECTOR('',#1571,6.4E-1);
#1573=CARTESIAN_POINT('',(-3.32E0,-1.82E0,-7.415E0));
#1574=LINE('',#1573,#1572);
#1575=DIRECTION('',(1.E0,0.E0,0.E0));
#1576=VECTOR('',#1575,6.4E-1);
#1577=CARTESIAN_POINT('',(-3.32E0,-1.625E0,-8.14E0));
#1578=LINE('',#1577,#1576);
#1579=DIRECTION('',(1.E0,0.E0,0.E0));
#1580=VECTOR('',#1579,6.4E-1);
#1581=CARTESIAN_POINT('',(-3.32E0,-1.375E0,-8.14E0));
#1582=LINE('',#1581,#1580);
#1583=DIRECTION('',(1.E0,0.E0,0.E0));
#1584=VECTOR('',#1583,6.4E-1);
#1585=CARTESIAN_POINT('',(-3.32E0,-1.18E0,-7.415E0));
#1586=LINE('',#1585,#1584);
#1587=DIRECTION('',(0.E0,0.E0,1.E0));
#1588=VECTOR('',#1587,2.75E-1);
#1589=CARTESIAN_POINT('',(-3.2E-1,-1.82E0,-4.235E0));
#1590=LINE('',#1589,#1588);
#1591=DIRECTION('',(0.E0,0.E0,1.E0));
#1592=VECTOR('',#1591,2.75E-1);
#1593=CARTESIAN_POINT('',(-3.2E-1,-1.18E0,-4.235E0));
#1594=LINE('',#1593,#1592);
#1595=DIRECTION('',(0.E0,0.E0,1.E0));
#1596=VECTOR('',#1595,2.75E-1);
#1597=CARTESIAN_POINT('',(-3.2E-1,1.18E0,-4.235E0));
#1598=LINE('',#1597,#1596);
#1599=DIRECTION('',(0.E0,0.E0,1.E0));
#1600=VECTOR('',#1599,1.E0);
#1601=CARTESIAN_POINT('',(-3.2E-1,1.82E0,-4.96E0));
#1602=LINE('',#1601,#1600);
#1603=DIRECTION('',(1.E0,0.E0,0.E0));
#1604=VECTOR('',#1603,6.4E-1);
#1605=CARTESIAN_POINT('',(-3.2E-1,1.18E0,-3.96E0));
#1606=LINE('',#1605,#1604);
#1607=DIRECTION('',(0.E0,-1.E0,0.E0));
#1608=VECTOR('',#1607,2.36E0);
#1609=CARTESIAN_POINT('',(-3.2E-1,1.18E0,-3.96E0));
#1610=LINE('',#1609,#1608);
#1611=DIRECTION('',(1.E0,0.E0,0.E0));
#1612=VECTOR('',#1611,6.4E-1);
#1613=CARTESIAN_POINT('',(-3.2E-1,-1.18E0,-3.96E0));
#1614=LINE('',#1613,#1612);
#1615=DIRECTION('',(1.E0,0.E0,0.E0));
#1616=VECTOR('',#1615,6.4E-1);
#1617=CARTESIAN_POINT('',(-3.2E-1,1.82E0,-3.96E0));
#1618=LINE('',#1617,#1616);
#1619=DIRECTION('',(0.E0,-1.E0,0.E0));
#1620=VECTOR('',#1619,1.48E0);
#1621=CARTESIAN_POINT('',(-3.2E-1,3.3E0,-3.96E0));
#1622=LINE('',#1621,#1620);
#1623=DIRECTION('',(1.E0,0.E0,0.E0));
#1624=VECTOR('',#1623,6.4E-1);
#1625=CARTESIAN_POINT('',(-3.2E-1,-1.82E0,-3.96E0));
#1626=LINE('',#1625,#1624);
#1627=DIRECTION('',(0.E0,-1.E0,0.E0));
#1628=VECTOR('',#1627,1.64E0);
#1629=CARTESIAN_POINT('',(-3.2E-1,-1.82E0,-3.96E0));
#1630=LINE('',#1629,#1628);
#1631=DIRECTION('',(0.E0,0.E0,-1.E0));
#1632=VECTOR('',#1631,3.18E0);
#1633=CARTESIAN_POINT('',(-3.2E-1,1.18E0,-4.235E0));
#1634=LINE('',#1633,#1632);
#1635=DIRECTION('',(0.E0,2.597346290551E-1,-9.656800311022E-1));
#1636=VECTOR('',#1635,7.507662752149E-1);
#1637=CARTESIAN_POINT('',(-3.2E-1,1.18E0,-7.415E0));
#1638=LINE('',#1637,#1636);
#1639=DIRECTION('',(0.E0,1.E0,0.E0));
#1640=VECTOR('',#1639,2.5E-1);
#1641=CARTESIAN_POINT('',(-3.2E-1,1.375E0,-8.14E0));
#1642=LINE('',#1641,#1640);
#1643=DIRECTION('',(0.E0,2.597346290551E-1,9.656800311022E-1));
#1644=VECTOR('',#1643,7.507662752149E-1);
#1645=CARTESIAN_POINT('',(-3.2E-1,1.625E0,-8.14E0));
#1646=LINE('',#1645,#1644);
#1647=DIRECTION('',(0.E0,0.E0,1.E0));
#1648=VECTOR('',#1647,2.455E0);
#1649=CARTESIAN_POINT('',(-3.2E-1,1.82E0,-7.415E0));
#1650=LINE('',#1649,#1648);
#1651=DIRECTION('',(0.E0,0.E0,1.E0));
#1652=VECTOR('',#1651,3.18E0);
#1653=CARTESIAN_POINT('',(-3.2E-1,-1.18E0,-7.415E0));
#1654=LINE('',#1653,#1652);
#1655=DIRECTION('',(0.E0,0.E0,-1.E0));
#1656=VECTOR('',#1655,3.18E0);
#1657=CARTESIAN_POINT('',(-3.2E-1,-1.82E0,-4.235E0));
#1658=LINE('',#1657,#1656);
#1659=DIRECTION('',(0.E0,2.597346290551E-1,-9.656800311022E-1));
#1660=VECTOR('',#1659,7.507662752149E-1);
#1661=CARTESIAN_POINT('',(-3.2E-1,-1.82E0,-7.415E0));
#1662=LINE('',#1661,#1660);
#1663=DIRECTION('',(0.E0,1.E0,0.E0));
#1664=VECTOR('',#1663,2.5E-1);
#1665=CARTESIAN_POINT('',(-3.2E-1,-1.625E0,-8.14E0));
#1666=LINE('',#1665,#1664);
#1667=DIRECTION('',(0.E0,2.597346290551E-1,9.656800311022E-1));
#1668=VECTOR('',#1667,7.507662752149E-1);
#1669=CARTESIAN_POINT('',(-3.2E-1,-1.375E0,-8.14E0));
#1670=LINE('',#1669,#1668);
#1671=DIRECTION('',(1.E0,0.E0,0.E0));
#1672=VECTOR('',#1671,6.4E-1);
#1673=CARTESIAN_POINT('',(-3.2E-1,1.18E0,-7.415E0));
#1674=LINE('',#1673,#1672);
#1675=DIRECTION('',(0.E0,0.E0,-1.E0));
#1676=VECTOR('',#1675,3.18E0);
#1677=CARTESIAN_POINT('',(3.2E-1,1.18E0,-4.235E0));
#1678=LINE('',#1677,#1676);
#1679=DIRECTION('',(0.E0,0.E0,1.E0));
#1680=VECTOR('',#1679,2.455E0);
#1681=CARTESIAN_POINT('',(3.2E-1,1.82E0,-7.415E0));
#1682=LINE('',#1681,#1680);
#1683=DIRECTION('',(0.E0,2.597346290551E-1,9.656800311022E-1));
#1684=VECTOR('',#1683,7.507662752149E-1);
#1685=CARTESIAN_POINT('',(3.2E-1,1.625E0,-8.14E0));
#1686=LINE('',#1685,#1684);
#1687=DIRECTION('',(0.E0,1.E0,0.E0));
#1688=VECTOR('',#1687,2.5E-1);
#1689=CARTESIAN_POINT('',(3.2E-1,1.375E0,-8.14E0));
#1690=LINE('',#1689,#1688);
#1691=DIRECTION('',(0.E0,2.597346290551E-1,-9.656800311022E-1));
#1692=VECTOR('',#1691,7.507662752149E-1);
#1693=CARTESIAN_POINT('',(3.2E-1,1.18E0,-7.415E0));
#1694=LINE('',#1693,#1692);
#1695=DIRECTION('',(0.E0,0.E0,1.E0));
#1696=VECTOR('',#1695,3.18E0);
#1697=CARTESIAN_POINT('',(3.2E-1,-1.18E0,-7.415E0));
#1698=LINE('',#1697,#1696);
#1699=DIRECTION('',(0.E0,2.597346290551E-1,9.656800311022E-1));
#1700=VECTOR('',#1699,7.507662752149E-1);
#1701=CARTESIAN_POINT('',(3.2E-1,-1.375E0,-8.14E0));
#1702=LINE('',#1701,#1700);
#1703=DIRECTION('',(0.E0,1.E0,0.E0));
#1704=VECTOR('',#1703,2.5E-1);
#1705=CARTESIAN_POINT('',(3.2E-1,-1.625E0,-8.14E0));
#1706=LINE('',#1705,#1704);
#1707=DIRECTION('',(0.E0,2.597346290551E-1,-9.656800311022E-1));
#1708=VECTOR('',#1707,7.507662752149E-1);
#1709=CARTESIAN_POINT('',(3.2E-1,-1.82E0,-7.415E0));
#1710=LINE('',#1709,#1708);
#1711=DIRECTION('',(0.E0,0.E0,-1.E0));
#1712=VECTOR('',#1711,3.18E0);
#1713=CARTESIAN_POINT('',(3.2E-1,-1.82E0,-4.235E0));
#1714=LINE('',#1713,#1712);
#1715=DIRECTION('',(1.E0,0.E0,0.E0));
#1716=VECTOR('',#1715,6.4E-1);
#1717=CARTESIAN_POINT('',(-3.2E-1,1.82E0,-7.415E0));
#1718=LINE('',#1717,#1716);
#1719=DIRECTION('',(1.E0,0.E0,0.E0));
#1720=VECTOR('',#1719,6.4E-1);
#1721=CARTESIAN_POINT('',(-3.2E-1,1.625E0,-8.14E0));
#1722=LINE('',#1721,#1720);
#1723=DIRECTION('',(1.E0,0.E0,0.E0));
#1724=VECTOR('',#1723,6.4E-1);
#1725=CARTESIAN_POINT('',(-3.2E-1,1.375E0,-8.14E0));
#1726=LINE('',#1725,#1724);
#1727=DIRECTION('',(0.E0,0.E0,-1.E0));
#1728=VECTOR('',#1727,2.75E-1);
#1729=CARTESIAN_POINT('',(3.2E-1,-1.82E0,-3.96E0));
#1730=LINE('',#1729,#1728);
#1731=DIRECTION('',(0.E0,-1.E0,0.E0));
#1732=VECTOR('',#1731,1.64E0);
#1733=CARTESIAN_POINT('',(3.2E-1,-1.82E0,-3.96E0));
#1734=LINE('',#1733,#1732);
#1735=DIRECTION('',(0.E0,0.E0,-1.E0));
#1736=VECTOR('',#1735,2.75E-1);
#1737=CARTESIAN_POINT('',(3.2E-1,1.18E0,-3.96E0));
#1738=LINE('',#1737,#1736);
#1739=DIRECTION('',(0.E0,-1.E0,0.E0));
#1740=VECTOR('',#1739,2.36E0);
#1741=CARTESIAN_POINT('',(3.2E-1,1.18E0,-3.96E0));
#1742=LINE('',#1741,#1740);
#1743=DIRECTION('',(0.E0,0.E0,-1.E0));
#1744=VECTOR('',#1743,2.75E-1);
#1745=CARTESIAN_POINT('',(3.2E-1,-1.18E0,-3.96E0));
#1746=LINE('',#1745,#1744);
#1747=DIRECTION('',(0.E0,0.E0,-1.E0));
#1748=VECTOR('',#1747,1.E0);
#1749=CARTESIAN_POINT('',(3.2E-1,1.82E0,-3.96E0));
#1750=LINE('',#1749,#1748);
#1751=DIRECTION('',(0.E0,-1.E0,0.E0));
#1752=VECTOR('',#1751,1.48E0);
#1753=CARTESIAN_POINT('',(3.2E-1,3.3E0,-3.96E0));
#1754=LINE('',#1753,#1752);
#1755=DIRECTION('',(1.E0,0.E0,0.E0));
#1756=VECTOR('',#1755,6.4E-1);
#1757=CARTESIAN_POINT('',(-3.2E-1,-1.82E0,-7.415E0));
#1758=LINE('',#1757,#1756);
#1759=DIRECTION('',(1.E0,0.E0,0.E0));
#1760=VECTOR('',#1759,6.4E-1);
#1761=CARTESIAN_POINT('',(-3.2E-1,-1.625E0,-8.14E0));
#1762=LINE('',#1761,#1760);
#1763=DIRECTION('',(1.E0,0.E0,0.E0));
#1764=VECTOR('',#1763,6.4E-1);
#1765=CARTESIAN_POINT('',(-3.2E-1,-1.375E0,-8.14E0));
#1766=LINE('',#1765,#1764);
#1767=DIRECTION('',(1.E0,0.E0,0.E0));
#1768=VECTOR('',#1767,6.4E-1);
#1769=CARTESIAN_POINT('',(-3.2E-1,-1.18E0,-7.415E0));
#1770=LINE('',#1769,#1768);
#1771=DIRECTION('',(1.E0,0.E0,0.E0));
#1772=VECTOR('',#1771,6.4E-1);
#1773=CARTESIAN_POINT('',(2.68E0,1.18E0,-3.96E0));
#1774=LINE('',#1773,#1772);
#1775=DIRECTION('',(0.E0,-1.E0,0.E0));
#1776=VECTOR('',#1775,2.36E0);
#1777=CARTESIAN_POINT('',(2.68E0,1.18E0,-3.96E0));
#1778=LINE('',#1777,#1776);
#1779=DIRECTION('',(1.E0,0.E0,0.E0));
#1780=VECTOR('',#1779,6.4E-1);
#1781=CARTESIAN_POINT('',(2.68E0,-1.18E0,-3.96E0));
#1782=LINE('',#1781,#1780);
#1783=DIRECTION('',(1.E0,0.E0,0.E0));
#1784=VECTOR('',#1783,6.4E-1);
#1785=CARTESIAN_POINT('',(2.68E0,1.82E0,-3.96E0));
#1786=LINE('',#1785,#1784);
#1787=DIRECTION('',(0.E0,-1.E0,0.E0));
#1788=VECTOR('',#1787,1.48E0);
#1789=CARTESIAN_POINT('',(2.68E0,3.3E0,-3.96E0));
#1790=LINE('',#1789,#1788);
#1791=DIRECTION('',(1.E0,0.E0,0.E0));
#1792=VECTOR('',#1791,6.4E-1);
#1793=CARTESIAN_POINT('',(2.68E0,-1.82E0,-3.96E0));
#1794=LINE('',#1793,#1792);
#1795=DIRECTION('',(0.E0,-1.E0,0.E0));
#1796=VECTOR('',#1795,1.64E0);
#1797=CARTESIAN_POINT('',(2.68E0,-1.82E0,-3.96E0));
#1798=LINE('',#1797,#1796);
#1799=DIRECTION('',(1.E0,0.E0,0.E0));
#1800=VECTOR('',#1799,6.4E-1);
#1801=CARTESIAN_POINT('',(2.68E0,-1.18E0,-7.415E0));
#1802=LINE('',#1801,#1800);
#1803=DIRECTION('',(1.E0,0.E0,0.E0));
#1804=VECTOR('',#1803,6.4E-1);
#1805=CARTESIAN_POINT('',(2.68E0,-1.375E0,-8.14E0));
#1806=LINE('',#1805,#1804);
#1807=DIRECTION('',(1.E0,0.E0,0.E0));
#1808=VECTOR('',#1807,6.4E-1);
#1809=CARTESIAN_POINT('',(2.68E0,-1.625E0,-8.14E0));
#1810=LINE('',#1809,#1808);
#1811=DIRECTION('',(1.E0,0.E0,0.E0));
#1812=VECTOR('',#1811,6.4E-1);
#1813=CARTESIAN_POINT('',(2.68E0,-1.82E0,-7.415E0));
#1814=LINE('',#1813,#1812);
#1815=DIRECTION('',(0.E0,0.E0,-1.E0));
#1816=VECTOR('',#1815,3.18E0);
#1817=CARTESIAN_POINT('',(3.32E0,1.18E0,-4.235E0));
#1818=LINE('',#1817,#1816);
#1819=DIRECTION('',(0.E0,0.E0,1.E0));
#1820=VECTOR('',#1819,2.455E0);
#1821=CARTESIAN_POINT('',(3.32E0,1.82E0,-7.415E0));
#1822=LINE('',#1821,#1820);
#1823=DIRECTION('',(0.E0,2.597346290551E-1,9.656800311022E-1));
#1824=VECTOR('',#1823,7.507662752149E-1);
#1825=CARTESIAN_POINT('',(3.32E0,1.625E0,-8.14E0));
#1826=LINE('',#1825,#1824);
#1827=DIRECTION('',(0.E0,1.E0,0.E0));
#1828=VECTOR('',#1827,2.5E-1);
#1829=CARTESIAN_POINT('',(3.32E0,1.375E0,-8.14E0));
#1830=LINE('',#1829,#1828);
#1831=DIRECTION('',(0.E0,2.597346290551E-1,-9.656800311022E-1));
#1832=VECTOR('',#1831,7.507662752149E-1);
#1833=CARTESIAN_POINT('',(3.32E0,1.18E0,-7.415E0));
#1834=LINE('',#1833,#1832);
#1835=DIRECTION('',(0.E0,0.E0,1.E0));
#1836=VECTOR('',#1835,3.18E0);
#1837=CARTESIAN_POINT('',(3.32E0,-1.18E0,-7.415E0));
#1838=LINE('',#1837,#1836);
#1839=DIRECTION('',(0.E0,2.597346290551E-1,9.656800311022E-1));
#1840=VECTOR('',#1839,7.507662752149E-1);
#1841=CARTESIAN_POINT('',(3.32E0,-1.375E0,-8.14E0));
#1842=LINE('',#1841,#1840);
#1843=DIRECTION('',(0.E0,1.E0,0.E0));
#1844=VECTOR('',#1843,2.5E-1);
#1845=CARTESIAN_POINT('',(3.32E0,-1.625E0,-8.14E0));
#1846=LINE('',#1845,#1844);
#1847=DIRECTION('',(0.E0,2.597346290551E-1,-9.656800311022E-1));
#1848=VECTOR('',#1847,7.507662752149E-1);
#1849=CARTESIAN_POINT('',(3.32E0,-1.82E0,-7.415E0));
#1850=LINE('',#1849,#1848);
#1851=DIRECTION('',(0.E0,0.E0,-1.E0));
#1852=VECTOR('',#1851,3.18E0);
#1853=CARTESIAN_POINT('',(3.32E0,-1.82E0,-4.235E0));
#1854=LINE('',#1853,#1852);
#1855=DIRECTION('',(1.E0,0.E0,0.E0));
#1856=VECTOR('',#1855,6.4E-1);
#1857=CARTESIAN_POINT('',(2.68E0,1.82E0,-7.415E0));
#1858=LINE('',#1857,#1856);
#1859=DIRECTION('',(1.E0,0.E0,0.E0));
#1860=VECTOR('',#1859,6.4E-1);
#1861=CARTESIAN_POINT('',(2.68E0,1.625E0,-8.14E0));
#1862=LINE('',#1861,#1860);
#1863=DIRECTION('',(1.E0,0.E0,0.E0));
#1864=VECTOR('',#1863,6.4E-1);
#1865=CARTESIAN_POINT('',(2.68E0,1.375E0,-8.14E0));
#1866=LINE('',#1865,#1864);
#1867=DIRECTION('',(1.E0,0.E0,0.E0));
#1868=VECTOR('',#1867,6.4E-1);
#1869=CARTESIAN_POINT('',(2.68E0,1.18E0,-7.415E0));
#1870=LINE('',#1869,#1868);
#1871=DIRECTION('',(0.E0,-1.E0,0.E0));
#1872=VECTOR('',#1871,1.E-1);
#1873=CARTESIAN_POINT('',(4.925E0,3.4E0,-3.21E0));
#1874=LINE('',#1873,#1872);
#1875=DIRECTION('',(0.E0,-1.E0,0.E0));
#1876=VECTOR('',#1875,1.E-1);
#1877=CARTESIAN_POINT('',(-4.925E0,3.4E0,-3.21E0));
#1878=LINE('',#1877,#1876);
#1879=DIRECTION('',(0.E0,1.E0,0.E0));
#1880=VECTOR('',#1879,5.E0);
#1881=CARTESIAN_POINT('',(4.925E0,-2.53E0,4.95E0));
#1882=LINE('',#1881,#1880);
#1883=DIRECTION('',(0.E0,-1.E0,0.E0));
#1884=VECTOR('',#1883,9.3E-1);
#1885=CARTESIAN_POINT('',(4.925E0,-2.53E0,4.95E0));
#1886=LINE('',#1885,#1884);
#1887=DIRECTION('',(0.E0,-1.E0,0.E0));
#1888=VECTOR('',#1887,9.3E-1);
#1889=CARTESIAN_POINT('',(-4.925E0,-2.53E0,4.95E0));
#1890=LINE('',#1889,#1888);
#1891=DIRECTION('',(0.E0,1.E0,0.E0));
#1892=VECTOR('',#1891,5.E0);
#1893=CARTESIAN_POINT('',(-4.925E0,-2.53E0,4.95E0));
#1894=LINE('',#1893,#1892);
#1895=DIRECTION('',(0.E0,-1.E0,0.E0));
#1896=VECTOR('',#1895,9.3E-1);
#1897=CARTESIAN_POINT('',(-4.925E0,3.4E0,4.95E0));
#1898=LINE('',#1897,#1896);
#1899=DIRECTION('',(1.E0,0.E0,0.E0));
#1900=VECTOR('',#1899,9.85E0);
#1901=CARTESIAN_POINT('',(-4.925E0,3.4E0,4.95E0));
#1902=LINE('',#1901,#1900);
#1903=DIRECTION('',(0.E0,-1.E0,0.E0));
#1904=VECTOR('',#1903,9.3E-1);
#1905=CARTESIAN_POINT('',(4.925E0,3.4E0,4.95E0));
#1906=LINE('',#1905,#1904);
#1907=DIRECTION('',(0.E0,-1.E0,0.E0));
#1908=VECTOR('',#1907,2.54E0);
#1909=CARTESIAN_POINT('',(1.73E0,2.74E0,4.95E0));
#1910=LINE('',#1909,#1908);
#1911=DIRECTION('',(1.E0,0.E0,0.E0));
#1912=VECTOR('',#1911,1.84E0);
#1913=CARTESIAN_POINT('',(1.73E0,2.E-1,4.95E0));
#1914=LINE('',#1913,#1912);
#1915=DIRECTION('',(7.071067811865E-1,7.071067811865E-1,0.E0));
#1916=VECTOR('',#1915,9.899494936612E-1);
#1917=CARTESIAN_POINT('',(3.57E0,2.E-1,4.95E0));
#1918=LINE('',#1917,#1916);
#1919=DIRECTION('',(0.E0,1.E0,0.E0));
#1920=VECTOR('',#1919,1.84E0);
#1921=CARTESIAN_POINT('',(4.27E0,9.E-1,4.95E0));
#1922=LINE('',#1921,#1920);
#1923=DIRECTION('',(-1.E0,0.E0,0.E0));
#1924=VECTOR('',#1923,2.54E0);
#1925=CARTESIAN_POINT('',(4.27E0,2.74E0,4.95E0));
#1926=LINE('',#1925,#1924);
#1927=DIRECTION('',(-1.E0,0.E0,0.E0));
#1928=VECTOR('',#1927,2.54E0);
#1929=CARTESIAN_POINT('',(4.27E0,-2.6E-1,4.95E0));
#1930=LINE('',#1929,#1928);
#1931=DIRECTION('',(0.E0,-1.E0,0.E0));
#1932=VECTOR('',#1931,1.84E0);
#1933=CARTESIAN_POINT('',(1.73E0,-2.6E-1,4.95E0));
#1934=LINE('',#1933,#1932);
#1935=DIRECTION('',(7.071067811865E-1,-7.071067811865E-1,0.E0));
#1936=VECTOR('',#1935,9.899494936612E-1);
#1937=CARTESIAN_POINT('',(1.73E0,-2.1E0,4.95E0));
#1938=LINE('',#1937,#1936);
#1939=DIRECTION('',(1.E0,0.E0,0.E0));
#1940=VECTOR('',#1939,1.84E0);
#1941=CARTESIAN_POINT('',(2.43E0,-2.8E0,4.95E0));
#1942=LINE('',#1941,#1940);
#1943=DIRECTION('',(0.E0,1.E0,0.E0));
#1944=VECTOR('',#1943,2.54E0);
#1945=CARTESIAN_POINT('',(4.27E0,-2.8E0,4.95E0));
#1946=LINE('',#1945,#1944);
#1947=DIRECTION('',(0.E0,-1.E0,0.E0));
#1948=VECTOR('',#1947,1.84E0);
#1949=CARTESIAN_POINT('',(-1.27E0,-2.6E-1,4.95E0));
#1950=LINE('',#1949,#1948);
#1951=DIRECTION('',(7.071067811865E-1,-7.071067811865E-1,0.E0));
#1952=VECTOR('',#1951,9.899494936612E-1);
#1953=CARTESIAN_POINT('',(-1.27E0,-2.1E0,4.95E0));
#1954=LINE('',#1953,#1952);
#1955=DIRECTION('',(1.E0,0.E0,0.E0));
#1956=VECTOR('',#1955,1.84E0);
#1957=CARTESIAN_POINT('',(-5.7E-1,-2.8E0,4.95E0));
#1958=LINE('',#1957,#1956);
#1959=DIRECTION('',(0.E0,1.E0,0.E0));
#1960=VECTOR('',#1959,2.54E0);
#1961=CARTESIAN_POINT('',(1.27E0,-2.8E0,4.95E0));
#1962=LINE('',#1961,#1960);
#1963=DIRECTION('',(-1.E0,0.E0,0.E0));
#1964=VECTOR('',#1963,2.54E0);
#1965=CARTESIAN_POINT('',(1.27E0,-2.6E-1,4.95E0));
#1966=LINE('',#1965,#1964);
#1967=DIRECTION('',(1.E0,0.E0,0.E0));
#1968=VECTOR('',#1967,1.84E0);
#1969=CARTESIAN_POINT('',(-5.7E-1,2.E-1,4.95E0));
#1970=LINE('',#1969,#1968);
#1971=DIRECTION('',(0.E0,1.E0,0.E0));
#1972=VECTOR('',#1971,2.54E0);
#1973=CARTESIAN_POINT('',(1.27E0,2.E-1,4.95E0));
#1974=LINE('',#1973,#1972);
#1975=DIRECTION('',(-1.E0,0.E0,0.E0));
#1976=VECTOR('',#1975,2.54E0);
#1977=CARTESIAN_POINT('',(1.27E0,2.74E0,4.95E0));
#1978=LINE('',#1977,#1976);
#1979=DIRECTION('',(0.E0,-1.E0,0.E0));
#1980=VECTOR('',#1979,1.84E0);
#1981=CARTESIAN_POINT('',(-1.27E0,2.74E0,4.95E0));
#1982=LINE('',#1981,#1980);
#1983=DIRECTION('',(7.071067811865E-1,-7.071067811865E-1,0.E0));
#1984=VECTOR('',#1983,9.899494936612E-1);
#1985=CARTESIAN_POINT('',(-1.27E0,9.E-1,4.95E0));
#1986=LINE('',#1985,#1984);
#1987=DIRECTION('',(1.E0,0.E0,0.E0));
#1988=VECTOR('',#1987,1.84E0);
#1989=CARTESIAN_POINT('',(-3.57E0,2.E-1,4.95E0));
#1990=LINE('',#1989,#1988);
#1991=DIRECTION('',(0.E0,1.E0,0.E0));
#1992=VECTOR('',#1991,2.54E0);
#1993=CARTESIAN_POINT('',(-1.73E0,2.E-1,4.95E0));
#1994=LINE('',#1993,#1992);
#1995=DIRECTION('',(-1.E0,0.E0,0.E0));
#1996=VECTOR('',#1995,2.54E0);
#1997=CARTESIAN_POINT('',(-1.73E0,2.74E0,4.95E0));
#1998=LINE('',#1997,#1996);
#1999=DIRECTION('',(0.E0,-1.E0,0.E0));
#2000=VECTOR('',#1999,1.84E0);
#2001=CARTESIAN_POINT('',(-4.27E0,2.74E0,4.95E0));
#2002=LINE('',#2001,#2000);
#2003=DIRECTION('',(7.071067811865E-1,-7.071067811865E-1,0.E0));
#2004=VECTOR('',#2003,9.899494936612E-1);
#2005=CARTESIAN_POINT('',(-4.27E0,9.E-1,4.95E0));
#2006=LINE('',#2005,#2004);
#2007=DIRECTION('',(-1.E0,0.E0,0.E0));
#2008=VECTOR('',#2007,2.54E0);
#2009=CARTESIAN_POINT('',(-1.73E0,-2.6E-1,4.95E0));
#2010=LINE('',#2009,#2008);
#2011=DIRECTION('',(0.E0,-1.E0,0.E0));
#2012=VECTOR('',#2011,1.84E0);
#2013=CARTESIAN_POINT('',(-4.27E0,-2.6E-1,4.95E0));
#2014=LINE('',#2013,#2012);
#2015=DIRECTION('',(7.071067811865E-1,-7.071067811865E-1,0.E0));
#2016=VECTOR('',#2015,9.899494936612E-1);
#2017=CARTESIAN_POINT('',(-4.27E0,-2.1E0,4.95E0));
#2018=LINE('',#2017,#2016);
#2019=DIRECTION('',(1.E0,0.E0,0.E0));
#2020=VECTOR('',#2019,1.84E0);
#2021=CARTESIAN_POINT('',(-3.57E0,-2.8E0,4.95E0));
#2022=LINE('',#2021,#2020);
#2023=DIRECTION('',(0.E0,1.E0,0.E0));
#2024=VECTOR('',#2023,2.54E0);
#2025=CARTESIAN_POINT('',(-1.73E0,-2.8E0,4.95E0));
#2026=LINE('',#2025,#2024);
#2027=DIRECTION('',(-7.071067811865E-1,0.E0,-7.071067811865E-1));
#2028=VECTOR('',#2027,1.979898987322E0);
#2029=CARTESIAN_POINT('',(-4.925E0,2.47E0,4.95E0));
#2030=LINE('',#2029,#2028);
#2031=DIRECTION('',(-7.071067811865E-1,0.E0,-7.071067811865E-1));
#2032=VECTOR('',#2031,1.979898987322E0);
#2033=CARTESIAN_POINT('',(-4.925E0,-2.53E0,4.95E0));
#2034=LINE('',#2033,#2032);
#2035=DIRECTION('',(6.627011010944E-1,-3.487900532076E-1,6.627011010944E-1));
#2036=VECTOR('',#2035,1.433527118683E0);
#2037=CARTESIAN_POINT('',(-6.325E0,-2.96E0,3.55E0));
#2038=LINE('',#2037,#2036);
#2039=DIRECTION('',(0.E0,0.E0,1.E0));
#2040=VECTOR('',#2039,1.4E0);
#2041=CARTESIAN_POINT('',(4.925E0,-2.53E0,3.55E0));
#2042=LINE('',#2041,#2040);
#2043=DIRECTION('',(-1.E0,0.E0,0.E0));
#2044=VECTOR('',#2043,1.4E0);
#2045=CARTESIAN_POINT('',(6.325E0,-2.53E0,3.55E0));
#2046=LINE('',#2045,#2044);
#2047=DIRECTION('',(-1.E0,0.E0,0.E0));
#2048=VECTOR('',#2047,1.4E0);
#2049=CARTESIAN_POINT('',(-4.925E0,-2.53E0,3.55E0));
#2050=LINE('',#2049,#2048);
#2051=DIRECTION('',(0.E0,0.E0,-1.E0));
#2052=VECTOR('',#2051,1.4E0);
#2053=CARTESIAN_POINT('',(-4.925E0,-2.53E0,4.95E0));
#2054=LINE('',#2053,#2052);
#2055=DIRECTION('',(-1.E0,0.E0,0.E0));
#2056=VECTOR('',#2055,1.4E0);
#2057=CARTESIAN_POINT('',(-4.925E0,-1.405E0,3.55E0));
#2058=LINE('',#2057,#2056);
#2059=DIRECTION('',(0.E0,-1.E0,0.E0));
#2060=VECTOR('',#2059,1.125E0);
#2061=CARTESIAN_POINT('',(-4.925E0,-1.405E0,3.55E0));
#2062=LINE('',#2061,#2060);
#2063=DIRECTION('',(-1.E0,0.E0,0.E0));
#2064=VECTOR('',#2063,1.4E0);
#2065=CARTESIAN_POINT('',(-4.925E0,1.345E0,3.55E0));
#2066=LINE('',#2065,#2064);
#2067=DIRECTION('',(0.E0,-1.E0,0.E0));
#2068=VECTOR('',#2067,1.125E0);
#2069=CARTESIAN_POINT('',(-4.925E0,2.47E0,3.55E0));
#2070=LINE('',#2069,#2068);
#2071=DIRECTION('',(1.E0,0.E0,0.E0));
#2072=VECTOR('',#2071,1.65E0);
#2073=CARTESIAN_POINT('',(-6.575E0,1.345E0,5.E-2));
#2074=LINE('',#2073,#2072);
#2075=DIRECTION('',(1.E0,0.E0,0.E0));
#2076=VECTOR('',#2075,1.65E0);
#2077=CARTESIAN_POINT('',(-6.575E0,8.75E-1,5.E-2));
#2078=LINE('',#2077,#2076);
#2079=DIRECTION('',(0.E0,0.E0,-1.E0));
#2080=VECTOR('',#2079,6.6E0);
#2081=CARTESIAN_POINT('',(1.73E0,2.74E0,4.95E0));
#2082=LINE('',#2081,#2080);
#2083=DIRECTION('',(0.E0,0.E0,-1.E0));
#2084=VECTOR('',#2083,6.6E0);
#2085=CARTESIAN_POINT('',(4.27E0,2.74E0,4.95E0));
#2086=LINE('',#2085,#2084);
#2087=DIRECTION('',(0.E0,0.E0,-1.E0));
#2088=VECTOR('',#2087,6.6E0);
#2089=CARTESIAN_POINT('',(4.27E0,9.E-1,4.95E0));
#2090=LINE('',#2089,#2088);
#2091=DIRECTION('',(0.E0,0.E0,-1.E0));
#2092=VECTOR('',#2091,6.6E0);
#2093=CARTESIAN_POINT('',(3.57E0,2.E-1,4.95E0));
#2094=LINE('',#2093,#2092);
#2095=DIRECTION('',(0.E0,0.E0,-1.E0));
#2096=VECTOR('',#2095,6.6E0);
#2097=CARTESIAN_POINT('',(1.73E0,2.E-1,4.95E0));
#2098=LINE('',#2097,#2096);
#2099=DIRECTION('',(0.E0,-1.E0,0.E0));
#2100=VECTOR('',#2099,2.54E0);
#2101=CARTESIAN_POINT('',(1.73E0,2.74E0,-1.65E0));
#2102=LINE('',#2101,#2100);
#2103=DIRECTION('',(-1.E0,0.E0,0.E0));
#2104=VECTOR('',#2103,2.54E0);
#2105=CARTESIAN_POINT('',(4.27E0,2.74E0,-1.65E0));
#2106=LINE('',#2105,#2104);
#2107=DIRECTION('',(0.E0,1.E0,0.E0));
#2108=VECTOR('',#2107,1.84E0);
#2109=CARTESIAN_POINT('',(4.27E0,9.E-1,-1.65E0));
#2110=LINE('',#2109,#2108);
#2111=DIRECTION('',(7.071067811865E-1,7.071067811865E-1,0.E0));
#2112=VECTOR('',#2111,9.899494936612E-1);
#2113=CARTESIAN_POINT('',(3.57E0,2.E-1,-1.65E0));
#2114=LINE('',#2113,#2112);
#2115=DIRECTION('',(1.E0,0.E0,0.E0));
#2116=VECTOR('',#2115,1.84E0);
#2117=CARTESIAN_POINT('',(1.73E0,2.E-1,-1.65E0));
#2118=LINE('',#2117,#2116);
#2119=DIRECTION('',(-1.E0,0.E0,0.E0));
#2120=VECTOR('',#2119,2.54E0);
#2121=CARTESIAN_POINT('',(4.27E0,-2.6E-1,-1.65E0));
#2122=LINE('',#2121,#2120);
#2123=DIRECTION('',(0.E0,1.E0,0.E0));
#2124=VECTOR('',#2123,2.54E0);
#2125=CARTESIAN_POINT('',(4.27E0,-2.8E0,-1.65E0));
#2126=LINE('',#2125,#2124);
#2127=DIRECTION('',(1.E0,0.E0,0.E0));
#2128=VECTOR('',#2127,1.84E0);
#2129=CARTESIAN_POINT('',(2.43E0,-2.8E0,-1.65E0));
#2130=LINE('',#2129,#2128);
#2131=DIRECTION('',(7.071067811865E-1,-7.071067811865E-1,0.E0));
#2132=VECTOR('',#2131,9.899494936612E-1);
#2133=CARTESIAN_POINT('',(1.73E0,-2.1E0,-1.65E0));
#2134=LINE('',#2133,#2132);
#2135=DIRECTION('',(0.E0,-1.E0,0.E0));
#2136=VECTOR('',#2135,1.84E0);
#2137=CARTESIAN_POINT('',(1.73E0,-2.6E-1,-1.65E0));
#2138=LINE('',#2137,#2136);
#2139=DIRECTION('',(0.E0,-1.E0,0.E0));
#2140=VECTOR('',#2139,1.84E0);
#2141=CARTESIAN_POINT('',(-1.27E0,-2.6E-1,-1.65E0));
#2142=LINE('',#2141,#2140);
#2143=DIRECTION('',(-1.E0,0.E0,0.E0));
#2144=VECTOR('',#2143,2.54E0);
#2145=CARTESIAN_POINT('',(1.27E0,-2.6E-1,-1.65E0));
#2146=LINE('',#2145,#2144);
#2147=DIRECTION('',(0.E0,1.E0,0.E0));
#2148=VECTOR('',#2147,2.54E0);
#2149=CARTESIAN_POINT('',(1.27E0,-2.8E0,-1.65E0));
#2150=LINE('',#2149,#2148);
#2151=DIRECTION('',(1.E0,0.E0,0.E0));
#2152=VECTOR('',#2151,1.84E0);
#2153=CARTESIAN_POINT('',(-5.7E-1,-2.8E0,-1.65E0));
#2154=LINE('',#2153,#2152);
#2155=DIRECTION('',(7.071067811865E-1,-7.071067811865E-1,0.E0));
#2156=VECTOR('',#2155,9.899494936612E-1);
#2157=CARTESIAN_POINT('',(-1.27E0,-2.1E0,-1.65E0));
#2158=LINE('',#2157,#2156);
#2159=DIRECTION('',(1.E0,0.E0,0.E0));
#2160=VECTOR('',#2159,1.84E0);
#2161=CARTESIAN_POINT('',(-5.7E-1,2.E-1,-1.65E0));
#2162=LINE('',#2161,#2160);
#2163=DIRECTION('',(7.071067811865E-1,-7.071067811865E-1,0.E0));
#2164=VECTOR('',#2163,9.899494936612E-1);
#2165=CARTESIAN_POINT('',(-1.27E0,9.E-1,-1.65E0));
#2166=LINE('',#2165,#2164);
#2167=DIRECTION('',(0.E0,-1.E0,0.E0));
#2168=VECTOR('',#2167,1.84E0);
#2169=CARTESIAN_POINT('',(-1.27E0,2.74E0,-1.65E0));
#2170=LINE('',#2169,#2168);
#2171=DIRECTION('',(-1.E0,0.E0,0.E0));
#2172=VECTOR('',#2171,2.54E0);
#2173=CARTESIAN_POINT('',(1.27E0,2.74E0,-1.65E0));
#2174=LINE('',#2173,#2172);
#2175=DIRECTION('',(0.E0,1.E0,0.E0));
#2176=VECTOR('',#2175,2.54E0);
#2177=CARTESIAN_POINT('',(1.27E0,2.E-1,-1.65E0));
#2178=LINE('',#2177,#2176);
#2179=DIRECTION('',(1.E0,0.E0,0.E0));
#2180=VECTOR('',#2179,1.84E0);
#2181=CARTESIAN_POINT('',(-3.57E0,2.E-1,-1.65E0));
#2182=LINE('',#2181,#2180);
#2183=DIRECTION('',(7.071067811865E-1,-7.071067811865E-1,0.E0));
#2184=VECTOR('',#2183,9.899494936612E-1);
#2185=CARTESIAN_POINT('',(-4.27E0,9.E-1,-1.65E0));
#2186=LINE('',#2185,#2184);
#2187=DIRECTION('',(0.E0,-1.E0,0.E0));
#2188=VECTOR('',#2187,1.84E0);
#2189=CARTESIAN_POINT('',(-4.27E0,2.74E0,-1.65E0));
#2190=LINE('',#2189,#2188);
#2191=DIRECTION('',(-1.E0,0.E0,0.E0));
#2192=VECTOR('',#2191,2.54E0);
#2193=CARTESIAN_POINT('',(-1.73E0,2.74E0,-1.65E0));
#2194=LINE('',#2193,#2192);
#2195=DIRECTION('',(0.E0,1.E0,0.E0));
#2196=VECTOR('',#2195,2.54E0);
#2197=CARTESIAN_POINT('',(-1.73E0,2.E-1,-1.65E0));
#2198=LINE('',#2197,#2196);
#2199=DIRECTION('',(-1.E0,0.E0,0.E0));
#2200=VECTOR('',#2199,2.54E0);
#2201=CARTESIAN_POINT('',(-1.73E0,-2.6E-1,-1.65E0));
#2202=LINE('',#2201,#2200);
#2203=DIRECTION('',(0.E0,1.E0,0.E0));
#2204=VECTOR('',#2203,2.54E0);
#2205=CARTESIAN_POINT('',(-1.73E0,-2.8E0,-1.65E0));
#2206=LINE('',#2205,#2204);
#2207=DIRECTION('',(1.E0,0.E0,0.E0));
#2208=VECTOR('',#2207,1.84E0);
#2209=CARTESIAN_POINT('',(-3.57E0,-2.8E0,-1.65E0));
#2210=LINE('',#2209,#2208);
#2211=DIRECTION('',(7.071067811865E-1,-7.071067811865E-1,0.E0));
#2212=VECTOR('',#2211,9.899494936612E-1);
#2213=CARTESIAN_POINT('',(-4.27E0,-2.1E0,-1.65E0));
#2214=LINE('',#2213,#2212);
#2215=DIRECTION('',(0.E0,-1.E0,0.E0));
#2216=VECTOR('',#2215,1.84E0);
#2217=CARTESIAN_POINT('',(-4.27E0,-2.6E-1,-1.65E0));
#2218=LINE('',#2217,#2216);
#2219=DIRECTION('',(0.E0,0.E0,-1.E0));
#2220=VECTOR('',#2219,6.6E0);
#2221=CARTESIAN_POINT('',(4.27E0,-2.6E-1,4.95E0));
#2222=LINE('',#2221,#2220);
#2223=DIRECTION('',(0.E0,0.E0,-1.E0));
#2224=VECTOR('',#2223,6.6E0);
#2225=CARTESIAN_POINT('',(4.27E0,-2.8E0,4.95E0));
#2226=LINE('',#2225,#2224);
#2227=DIRECTION('',(0.E0,0.E0,-1.E0));
#2228=VECTOR('',#2227,6.6E0);
#2229=CARTESIAN_POINT('',(2.43E0,-2.8E0,4.95E0));
#2230=LINE('',#2229,#2228);
#2231=DIRECTION('',(0.E0,0.E0,-1.E0));
#2232=VECTOR('',#2231,6.6E0);
#2233=CARTESIAN_POINT('',(1.73E0,-2.1E0,4.95E0));
#2234=LINE('',#2233,#2232);
#2235=DIRECTION('',(0.E0,0.E0,-1.E0));
#2236=VECTOR('',#2235,6.6E0);
#2237=CARTESIAN_POINT('',(1.73E0,-2.6E-1,4.95E0));
#2238=LINE('',#2237,#2236);
#2239=DIRECTION('',(0.E0,0.E0,-1.E0));
#2240=VECTOR('',#2239,6.6E0);
#2241=CARTESIAN_POINT('',(-1.27E0,-2.6E-1,4.95E0));
#2242=LINE('',#2241,#2240);
#2243=DIRECTION('',(0.E0,0.E0,-1.E0));
#2244=VECTOR('',#2243,6.6E0);
#2245=CARTESIAN_POINT('',(1.27E0,-2.6E-1,4.95E0));
#2246=LINE('',#2245,#2244);
#2247=DIRECTION('',(0.E0,0.E0,-1.E0));
#2248=VECTOR('',#2247,6.6E0);
#2249=CARTESIAN_POINT('',(1.27E0,-2.8E0,4.95E0));
#2250=LINE('',#2249,#2248);
#2251=DIRECTION('',(0.E0,0.E0,-1.E0));
#2252=VECTOR('',#2251,6.6E0);
#2253=CARTESIAN_POINT('',(-5.7E-1,-2.8E0,4.95E0));
#2254=LINE('',#2253,#2252);
#2255=DIRECTION('',(0.E0,0.E0,-1.E0));
#2256=VECTOR('',#2255,6.6E0);
#2257=CARTESIAN_POINT('',(-1.27E0,-2.1E0,4.95E0));
#2258=LINE('',#2257,#2256);
#2259=DIRECTION('',(0.E0,0.E0,-1.E0));
#2260=VECTOR('',#2259,6.6E0);
#2261=CARTESIAN_POINT('',(-5.7E-1,2.E-1,4.95E0));
#2262=LINE('',#2261,#2260);
#2263=DIRECTION('',(0.E0,0.E0,-1.E0));
#2264=VECTOR('',#2263,6.6E0);
#2265=CARTESIAN_POINT('',(-1.27E0,9.E-1,4.95E0));
#2266=LINE('',#2265,#2264);
#2267=DIRECTION('',(0.E0,0.E0,-1.E0));
#2268=VECTOR('',#2267,6.6E0);
#2269=CARTESIAN_POINT('',(-1.27E0,2.74E0,4.95E0));
#2270=LINE('',#2269,#2268);
#2271=DIRECTION('',(0.E0,0.E0,-1.E0));
#2272=VECTOR('',#2271,6.6E0);
#2273=CARTESIAN_POINT('',(1.27E0,2.74E0,4.95E0));
#2274=LINE('',#2273,#2272);
#2275=DIRECTION('',(0.E0,0.E0,-1.E0));
#2276=VECTOR('',#2275,6.6E0);
#2277=CARTESIAN_POINT('',(1.27E0,2.E-1,4.95E0));
#2278=LINE('',#2277,#2276);
#2279=DIRECTION('',(0.E0,0.E0,-1.E0));
#2280=VECTOR('',#2279,6.6E0);
#2281=CARTESIAN_POINT('',(-3.57E0,2.E-1,4.95E0));
#2282=LINE('',#2281,#2280);
#2283=DIRECTION('',(0.E0,0.E0,-1.E0));
#2284=VECTOR('',#2283,6.6E0);
#2285=CARTESIAN_POINT('',(-4.27E0,9.E-1,4.95E0));
#2286=LINE('',#2285,#2284);
#2287=DIRECTION('',(0.E0,0.E0,-1.E0));
#2288=VECTOR('',#2287,6.6E0);
#2289=CARTESIAN_POINT('',(-4.27E0,2.74E0,4.95E0));
#2290=LINE('',#2289,#2288);
#2291=DIRECTION('',(0.E0,0.E0,-1.E0));
#2292=VECTOR('',#2291,6.6E0);
#2293=CARTESIAN_POINT('',(-1.73E0,2.74E0,4.95E0));
#2294=LINE('',#2293,#2292);
#2295=DIRECTION('',(0.E0,0.E0,-1.E0));
#2296=VECTOR('',#2295,6.6E0);
#2297=CARTESIAN_POINT('',(-1.73E0,2.E-1,4.95E0));
#2298=LINE('',#2297,#2296);
#2299=DIRECTION('',(0.E0,0.E0,-1.E0));
#2300=VECTOR('',#2299,6.6E0);
#2301=CARTESIAN_POINT('',(-1.73E0,-2.6E-1,4.95E0));
#2302=LINE('',#2301,#2300);
#2303=DIRECTION('',(0.E0,0.E0,-1.E0));
#2304=VECTOR('',#2303,6.6E0);
#2305=CARTESIAN_POINT('',(-1.73E0,-2.8E0,4.95E0));
#2306=LINE('',#2305,#2304);
#2307=DIRECTION('',(0.E0,0.E0,-1.E0));
#2308=VECTOR('',#2307,6.6E0);
#2309=CARTESIAN_POINT('',(-3.57E0,-2.8E0,4.95E0));
#2310=LINE('',#2309,#2308);
#2311=DIRECTION('',(0.E0,0.E0,-1.E0));
#2312=VECTOR('',#2311,6.6E0);
#2313=CARTESIAN_POINT('',(-4.27E0,-2.1E0,4.95E0));
#2314=LINE('',#2313,#2312);
#2315=DIRECTION('',(0.E0,0.E0,-1.E0));
#2316=VECTOR('',#2315,6.6E0);
#2317=CARTESIAN_POINT('',(-4.27E0,-2.6E-1,4.95E0));
#2318=LINE('',#2317,#2316);
#2319=CARTESIAN_POINT('',(-6.E0,2.44E0,-5.619999388264E0));
#2320=DIRECTION('',(0.E0,0.E0,-1.E0));
#2321=DIRECTION('',(-1.E0,0.E0,0.E0));
#2322=AXIS2_PLACEMENT_3D('',#2319,#2320,#2321);
#2324=DIRECTION('',(4.145712536443E-7,-4.013942358404E-10,-9.999999999999E-1));
#2325=VECTOR('',#2324,6.599997264878E-1);
#2326=CARTESIAN_POINT('',(-6.43E0,2.44E0,-4.96E0));
#2327=LINE('',#2326,#2325);
#2328=DIRECTION('',(-7.071065037734E-1,-2.686491000708E-10,7.071070585996E-1));
#2329=VECTOR('',#2328,2.828427124534E-1);
#2330=CARTESIAN_POINT('',(-6.229999804862E0,2.439999999811E0,
-5.819999804937E0));
#2331=LINE('',#2330,#2329);
#2332=CARTESIAN_POINT('',(6.E0,2.44E0,-5.819999870421E0));
#2333=DIRECTION('',(0.E0,0.E0,-1.E0));
#2334=DIRECTION('',(1.E0,0.E0,0.E0));
#2335=AXIS2_PLACEMENT_3D('',#2332,#2333,#2334);
#2337=CARTESIAN_POINT('',(6.E0,2.44E0,-5.819999870421E0));
#2338=DIRECTION('',(0.E0,0.E0,-1.E0));
#2339=DIRECTION('',(-1.E0,0.E0,0.E0));
#2340=AXIS2_PLACEMENT_3D('',#2337,#2338,#2339);
#2342=CARTESIAN_POINT('',(-6.E0,2.44E0,-5.819999870421E0));
#2343=DIRECTION('',(0.E0,0.E0,-1.E0));
#2344=DIRECTION('',(1.E0,-1.158495886354E-14,0.E0));
#2345=AXIS2_PLACEMENT_3D('',#2342,#2343,#2344);
#2347=CARTESIAN_POINT('',(-6.E0,2.44E0,-5.819999870421E0));
#2348=DIRECTION('',(0.E0,0.E0,-1.E0));
#2349=DIRECTION('',(-1.E0,0.E0,0.E0));
#2350=AXIS2_PLACEMENT_3D('',#2347,#2348,#2349);
#2352=DIRECTION('',(7.071065037734E-1,2.686475299783E-10,7.071070585996E-1));
#2353=VECTOR('',#2352,2.828427124534E-1);
#2354=CARTESIAN_POINT('',(6.229999804862E0,2.440000000189E0,-5.819999804937E0));
#2355=LINE('',#2354,#2353);
#2356=DIRECTION('',(-7.071065037734E-1,-2.686459598858E-10,7.071070585996E-1));
#2357=VECTOR('',#2356,2.828427124534E-1);
#2358=CARTESIAN_POINT('',(5.770000195138E0,2.439999999811E0,-5.819999804937E0));
#2359=LINE('',#2358,#2357);
#2360=CARTESIAN_POINT('',(6.E0,2.44E0,-5.619999388264E0));
#2361=DIRECTION('',(0.E0,0.E0,-1.E0));
#2362=DIRECTION('',(-1.E0,0.E0,0.E0));
#2363=AXIS2_PLACEMENT_3D('',#2360,#2361,#2362);
#2365=DIRECTION('',(4.145712549901E-7,-4.013949087031E-10,-9.999999999999E-1));
#2366=VECTOR('',#2365,6.599997264878E-1);
#2367=CARTESIAN_POINT('',(5.57E0,2.44E0,-4.96E0));
#2368=LINE('',#2367,#2366);
#2369=CARTESIAN_POINT('',(6.E0,2.44E0,-5.619999388264E0));
#2370=DIRECTION('',(0.E0,0.E0,-1.E0));
#2371=DIRECTION('',(1.E0,0.E0,0.E0));
#2372=AXIS2_PLACEMENT_3D('',#2369,#2370,#2371);
#2374=DIRECTION('',(-4.145712549901E-7,4.013955815658E-10,-9.999999999999E-1));
#2375=VECTOR('',#2374,6.599997264878E-1);
#2376=CARTESIAN_POINT('',(6.43E0,2.44E0,-4.96E0));
#2377=LINE('',#2376,#2375);
#2378=DIRECTION('',(7.071065037734E-1,2.686522402557E-10,7.071070585996E-1));
#2379=VECTOR('',#2378,2.828427124534E-1);
#2380=CARTESIAN_POINT('',(-5.770000195138E0,2.440000000189E0,
-5.819999804937E0));
#2381=LINE('',#2380,#2379);
#2382=CARTESIAN_POINT('',(-6.E0,2.44E0,-5.619999388264E0));
#2383=DIRECTION('',(0.E0,0.E0,-1.E0));
#2384=DIRECTION('',(1.E0,0.E0,0.E0));
#2385=AXIS2_PLACEMENT_3D('',#2382,#2383,#2384);
#2387=DIRECTION('',(-4.145712563358E-7,4.013962544285E-10,-9.999999999999E-1));
#2388=VECTOR('',#2387,6.599997264878E-1);
#2389=CARTESIAN_POINT('',(-5.57E0,2.44E0,-4.96E0));
#2390=LINE('',#2389,#2388);
#2391=DIRECTION('',(1.E0,0.E0,0.E0));
#2392=VECTOR('',#2391,1.65E0);
#2393=CARTESIAN_POINT('',(-6.575E0,-1.405E0,5.E-2));
#2394=LINE('',#2393,#2392);
#2395=DIRECTION('',(-1.E0,0.E0,0.E0));
#2396=VECTOR('',#2395,1.65E0);
#2397=CARTESIAN_POINT('',(6.575E0,8.75E-1,5.E-2));
#2398=LINE('',#2397,#2396);
#2399=DIRECTION('',(-1.E0,0.E0,0.E0));
#2400=VECTOR('',#2399,1.65E0);
#2401=CARTESIAN_POINT('',(6.575E0,1.345E0,5.E-2));
#2402=LINE('',#2401,#2400);
#2403=DIRECTION('',(0.E0,0.E0,1.E0));
#2404=VECTOR('',#2403,6.E-1);
#2405=CARTESIAN_POINT('',(5.575E0,9.7E-1,-4.235E0));
#2406=LINE('',#2405,#2404);
#2407=DIRECTION('',(0.E0,0.E0,-1.E0));
#2408=VECTOR('',#2407,6.E-1);
#2409=CARTESIAN_POINT('',(5.575E0,-1.03E0,-3.635E0));
#2410=LINE('',#2409,#2408);
#2411=DIRECTION('',(0.E0,-1.E0,0.E0));
#2412=VECTOR('',#2411,2.E0);
#2413=CARTESIAN_POINT('',(5.575E0,9.7E-1,-3.635E0));
#2414=LINE('',#2413,#2412);
#2415=DIRECTION('',(-1.E0,0.E0,0.E0));
#2416=VECTOR('',#2415,1.E0);
#2417=CARTESIAN_POINT('',(6.575E0,-1.03E0,-3.635E0));
#2418=LINE('',#2417,#2416);
#2419=DIRECTION('',(-1.E0,0.E0,0.E0));
#2420=VECTOR('',#2419,1.E0);
#2421=CARTESIAN_POINT('',(6.575E0,9.7E-1,-3.635E0));
#2422=LINE('',#2421,#2420);
#2423=DIRECTION('',(-1.E0,0.E0,0.E0));
#2424=VECTOR('',#2423,5.E-2);
#2425=CARTESIAN_POINT('',(6.325E0,-2.1475E0,1.8E0));
#2426=LINE('',#2425,#2424);
#2427=DIRECTION('',(-1.E0,0.E0,0.E0));
#2428=VECTOR('',#2427,5.E-2);
#2429=CARTESIAN_POINT('',(6.325E0,-2.30375E0,1.8E0));
#2430=LINE('',#2429,#2428);
#2431=DIRECTION('',(-1.E0,0.E0,0.E0));
#2432=VECTOR('',#2431,5.E-2);
#2433=CARTESIAN_POINT('',(6.325E0,-2.30375E0,2.837234067917E0));
#2434=LINE('',#2433,#2432);
#2435=DIRECTION('',(-1.E0,0.E0,0.E0));
#2436=VECTOR('',#2435,5.E-2);
#2437=CARTESIAN_POINT('',(6.325E0,-2.46E0,2.651063802838E0));
#2438=LINE('',#2437,#2436);
#2439=DIRECTION('',(-1.E0,0.E0,0.E0));
#2440=VECTOR('',#2439,5.E-2);
#2441=CARTESIAN_POINT('',(6.325E0,-2.46E0,2.863829809427E0));
#2442=LINE('',#2441,#2440);
#2443=DIRECTION('',(-1.E0,0.E0,0.E0));
#2444=VECTOR('',#2443,5.E-2);
#2445=CARTESIAN_POINT('',(6.325E0,-2.30375E0,3.05E0));
#2446=LINE('',#2445,#2444);
#2447=DIRECTION('',(-1.E0,0.E0,0.E0));
#2448=VECTOR('',#2447,5.E-2);
#2449=CARTESIAN_POINT('',(6.325E0,-2.1475E0,3.05E0));
#2450=LINE('',#2449,#2448);
#2451=DIRECTION('',(0.E0,0.E0,1.E0));
#2452=VECTOR('',#2451,1.25E0);
#2453=CARTESIAN_POINT('',(6.275E0,-2.1475E0,1.8E0));
#2454=LINE('',#2453,#2452);
#2455=DIRECTION('',(0.E0,1.E0,0.E0));
#2456=VECTOR('',#2455,1.5625E-1);
#2457=CARTESIAN_POINT('',(6.275E0,-2.30375E0,1.8E0));
#2458=LINE('',#2457,#2456);
#2459=DIRECTION('',(0.E0,0.E0,-1.E0));
#2460=VECTOR('',#2459,1.037234067917E0);
#2461=CARTESIAN_POINT('',(6.275E0,-2.30375E0,2.837234067917E0));
#2462=LINE('',#2461,#2460);
#2463=DIRECTION('',(0.E0,6.428711427642E-1,7.659743427825E-1));
#2464=VECTOR('',#2463,2.430502624961E-1);
#2465=CARTESIAN_POINT('',(6.275E0,-2.46E0,2.651063802838E0));
#2466=LINE('',#2465,#2464);
#2467=DIRECTION('',(0.E0,0.E0,-1.E0));
#2468=VECTOR('',#2467,2.127660065889E-1);
#2469=CARTESIAN_POINT('',(6.275E0,-2.46E0,2.863829809427E0));
#2470=LINE('',#2469,#2468);
#2471=DIRECTION('',(0.E0,-6.428712937139E-1,-7.659742160926E-1));
#2472=VECTOR('',#2471,2.430502054266E-1);
#2473=CARTESIAN_POINT('',(6.275E0,-2.30375E0,3.05E0));
#2474=LINE('',#2473,#2472);
#2475=DIRECTION('',(0.E0,-1.E0,0.E0));
#2476=VECTOR('',#2475,1.5625E-1);
#2477=CARTESIAN_POINT('',(6.275E0,-2.1475E0,3.05E0));
#2478=LINE('',#2477,#2476);
#2479=CARTESIAN_POINT('',(-4.925E0,3.4E0,4.95E0));
#2480=CARTESIAN_POINT('',(-6.325E0,3.4E0,3.55E0));
#2481=VERTEX_POINT('',#2479);
#2482=VERTEX_POINT('',#2480);
#2483=CARTESIAN_POINT('',(6.325E0,3.4E0,3.55E0));
#2484=CARTESIAN_POINT('',(4.925E0,3.4E0,4.95E0));
#2485=VERTEX_POINT('',#2483);
#2486=VERTEX_POINT('',#2484);
#2487=CARTESIAN_POINT('',(-4.925E0,-3.46E0,4.95E0));
#2488=CARTESIAN_POINT('',(4.925E0,-3.46E0,4.95E0));
#2489=VERTEX_POINT('',#2487);
#2490=VERTEX_POINT('',#2488);
#2491=CARTESIAN_POINT('',(-7.5E-1,3.9E0,2.45E0));
#2492=CARTESIAN_POINT('',(-7.5E-1,4.8E0,2.45E0));
#2493=VERTEX_POINT('',#2491);
#2494=VERTEX_POINT('',#2492);
#2495=CARTESIAN_POINT('',(-7.5E-1,4.8E0,3.2E0));
#2496=VERTEX_POINT('',#2495);
#2497=CARTESIAN_POINT('',(7.5E-1,3.9E0,2.45E0));
#2498=CARTESIAN_POINT('',(7.5E-1,4.8E0,2.45E0));
#2499=VERTEX_POINT('',#2497);
#2500=VERTEX_POINT('',#2498);
#2501=CARTESIAN_POINT('',(7.5E-1,4.8E0,3.2E0));
#2502=VERTEX_POINT('',#2501);
#2503=CARTESIAN_POINT('',(-7.5E-1,3.4E0,4.6E0));
#2504=CARTESIAN_POINT('',(-7.5E-1,3.4E0,1.95E0));
#2505=VERTEX_POINT('',#2503);
#2506=VERTEX_POINT('',#2504);
#2507=CARTESIAN_POINT('',(7.5E-1,3.4E0,4.6E0));
#2508=CARTESIAN_POINT('',(7.5E-1,3.4E0,1.95E0));
#2509=VERTEX_POINT('',#2507);
#2510=VERTEX_POINT('',#2508);
#2511=CARTESIAN_POINT('',(4.925E0,-2.53E0,4.95E0));
#2512=CARTESIAN_POINT('',(4.925E0,2.47E0,4.95E0));
#2513=VERTEX_POINT('',#2511);
#2514=VERTEX_POINT('',#2512);
#2515=CARTESIAN_POINT('',(6.325E0,2.47E0,3.55E0));
#2516=VERTEX_POINT('',#2515);
#2517=CARTESIAN_POINT('',(6.325E0,-2.53E0,3.55E0));
#2518=VERTEX_POINT('',#2517);
#2519=CARTESIAN_POINT('',(4.925E0,2.47E0,3.55E0));
#2520=VERTEX_POINT('',#2519);
#2521=CARTESIAN_POINT('',(4.925E0,-2.53E0,3.55E0));
#2522=VERTEX_POINT('',#2521);
#2523=CARTESIAN_POINT('',(6.325E0,-2.96E0,3.55E0));
#2524=CARTESIAN_POINT('',(6.325E0,-2.96E0,1.78E0));
#2525=VERTEX_POINT('',#2523);
#2526=VERTEX_POINT('',#2524);
#2527=CARTESIAN_POINT('',(-4.925E0,-2.53E0,4.95E0));
#2528=CARTESIAN_POINT('',(-4.925E0,2.47E0,4.95E0));
#2529=VERTEX_POINT('',#2527);
#2530=VERTEX_POINT('',#2528);
#2531=CARTESIAN_POINT('',(-6.325E0,2.47E0,3.55E0));
#2532=VERTEX_POINT('',#2531);
#2533=CARTESIAN_POINT('',(-6.325E0,-2.53E0,3.55E0));
#2534=VERTEX_POINT('',#2533);
#2535=CARTESIAN_POINT('',(-4.925E0,2.47E0,3.55E0));
#2536=VERTEX_POINT('',#2535);
#2537=CARTESIAN_POINT('',(-4.925E0,-2.53E0,3.55E0));
#2538=VERTEX_POINT('',#2537);
#2539=CARTESIAN_POINT('',(5.575E0,9.7E-1,-3.635E0));
#2540=CARTESIAN_POINT('',(5.575E0,-1.03E0,-3.635E0));
#2541=VERTEX_POINT('',#2539);
#2542=VERTEX_POINT('',#2540);
#2543=CARTESIAN_POINT('',(6.575E0,9.7E-1,-4.235E0));
#2544=CARTESIAN_POINT('',(5.575E0,9.7E-1,-4.235E0));
#2545=VERTEX_POINT('',#2543);
#2546=VERTEX_POINT('',#2544);
#2547=CARTESIAN_POINT('',(6.575E0,-1.03E0,-4.235E0));
#2548=CARTESIAN_POINT('',(5.575E0,-1.03E0,-4.235E0));
#2549=VERTEX_POINT('',#2547);
#2550=VERTEX_POINT('',#2548);
#2551=CARTESIAN_POINT('',(6.575E0,9.7E-1,-3.635E0));
#2552=VERTEX_POINT('',#2551);
#2553=CARTESIAN_POINT('',(6.575E0,-1.03E0,-3.635E0));
#2554=VERTEX_POINT('',#2553);
#2555=CARTESIAN_POINT('',(-4.925E0,3.3E0,-3.21E0));
#2556=CARTESIAN_POINT('',(4.925E0,3.3E0,-3.21E0));
#2557=VERTEX_POINT('',#2555);
#2558=VERTEX_POINT('',#2556);
#2559=CARTESIAN_POINT('',(-4.925E0,3.4E0,-4.96E0));
#2560=CARTESIAN_POINT('',(-4.925E0,3.4E0,-3.21E0));
#2561=VERTEX_POINT('',#2559);
#2562=VERTEX_POINT('',#2560);
#2563=CARTESIAN_POINT('',(4.925E0,3.4E0,-3.21E0));
#2564=VERTEX_POINT('',#2563);
#2565=CARTESIAN_POINT('',(4.925E0,3.4E0,-4.96E0));
#2566=VERTEX_POINT('',#2565);
#2567=CARTESIAN_POINT('',(-4.925E0,3.3E0,-4.96E0));
#2568=VERTEX_POINT('',#2567);
#2569=CARTESIAN_POINT('',(4.925E0,3.3E0,-4.96E0));
#2570=VERTEX_POINT('',#2569);
#2571=CARTESIAN_POINT('',(2.68E0,-2.5E0,-4.96E0));
#2572=CARTESIAN_POINT('',(2.68E0,-3.46E0,-4.96E0));
#2573=VERTEX_POINT('',#2571);
#2574=VERTEX_POINT('',#2572);
#2575=CARTESIAN_POINT('',(3.32E0,-2.5E0,-4.96E0));
#2576=CARTESIAN_POINT('',(3.32E0,-3.46E0,-4.96E0));
#2577=VERTEX_POINT('',#2575);
#2578=VERTEX_POINT('',#2576);
#2579=CARTESIAN_POINT('',(2.68E0,-2.5E0,-4.235E0));
#2580=VERTEX_POINT('',#2579);
#2581=CARTESIAN_POINT('',(3.32E0,-2.5E0,-4.235E0));
#2582=VERTEX_POINT('',#2581);
#2583=CARTESIAN_POINT('',(-3.2E-1,-2.5E0,-4.96E0));
#2584=CARTESIAN_POINT('',(-3.2E-1,-3.46E0,-4.96E0));
#2585=VERTEX_POINT('',#2583);
#2586=VERTEX_POINT('',#2584);
#2587=CARTESIAN_POINT('',(3.2E-1,-2.5E0,-4.96E0));
#2588=CARTESIAN_POINT('',(3.2E-1,-3.46E0,-4.96E0));
#2589=VERTEX_POINT('',#2587);
#2590=VERTEX_POINT('',#2588);
#2591=CARTESIAN_POINT('',(-3.2E-1,-2.5E0,-4.235E0));
#2592=VERTEX_POINT('',#2591);
#2593=CARTESIAN_POINT('',(3.2E-1,-2.5E0,-4.235E0));
#2594=VERTEX_POINT('',#2593);
#2595=CARTESIAN_POINT('',(-3.32E0,-2.5E0,-4.96E0));
#2596=CARTESIAN_POINT('',(-3.32E0,-3.46E0,-4.96E0));
#2597=VERTEX_POINT('',#2595);
#2598=VERTEX_POINT('',#2596);
#2599=CARTESIAN_POINT('',(-2.68E0,-2.5E0,-4.96E0));
#2600=CARTESIAN_POINT('',(-2.68E0,-3.46E0,-4.96E0));
#2601=VERTEX_POINT('',#2599);
#2602=VERTEX_POINT('',#2600);
#2603=CARTESIAN_POINT('',(-3.32E0,-2.5E0,-4.235E0));
#2604=VERTEX_POINT('',#2603);
#2605=CARTESIAN_POINT('',(-2.68E0,-2.5E0,-4.235E0));
#2606=VERTEX_POINT('',#2605);
#2607=CARTESIAN_POINT('',(5.375E0,-3.97E0,-2.96E0));
#2608=CARTESIAN_POINT('',(5.375E0,-3.46E0,-2.96E0));
#2609=VERTEX_POINT('',#2607);
#2610=VERTEX_POINT('',#2608);
#2611=CARTESIAN_POINT('',(-5.375E0,-3.97E0,-2.96E0));
#2612=CARTESIAN_POINT('',(-5.375E0,-3.46E0,-2.96E0));
#2613=VERTEX_POINT('',#2611);
#2614=VERTEX_POINT('',#2612);
#2615=CARTESIAN_POINT('',(5.375E0,-3.97E0,-4.96E0));
#2616=VERTEX_POINT('',#2615);
#2617=CARTESIAN_POINT('',(-5.375E0,-3.97E0,-4.96E0));
#2618=VERTEX_POINT('',#2617);
#2619=CARTESIAN_POINT('',(6.575E0,-2.828421052632E0,-2.96E0));
#2620=VERTEX_POINT('',#2619);
#2621=CARTESIAN_POINT('',(5.375E0,-3.46E0,-4.96E0));
#2622=VERTEX_POINT('',#2621);
#2623=CARTESIAN_POINT('',(-5.375E0,-3.46E0,-4.96E0));
#2624=VERTEX_POINT('',#2623);
#2625=CARTESIAN_POINT('',(2.68E0,-3.46E0,-3.96E0));
#2626=VERTEX_POINT('',#2625);
#2627=CARTESIAN_POINT('',(3.32E0,-3.46E0,-3.96E0));
#2628=VERTEX_POINT('',#2627);
#2629=CARTESIAN_POINT('',(-3.2E-1,-3.46E0,-3.96E0));
#2630=VERTEX_POINT('',#2629);
#2631=CARTESIAN_POINT('',(3.2E-1,-3.46E0,-3.96E0));
#2632=VERTEX_POINT('',#2631);
#2633=CARTESIAN_POINT('',(-3.32E0,-3.46E0,-3.96E0));
#2634=VERTEX_POINT('',#2633);
#2635=CARTESIAN_POINT('',(-2.68E0,-3.46E0,-3.96E0));
#2636=VERTEX_POINT('',#2635);
#2637=CARTESIAN_POINT('',(-5.575E0,9.7E-1,-3.635E0));
#2638=CARTESIAN_POINT('',(-5.575E0,-1.03E0,-3.635E0));
#2639=VERTEX_POINT('',#2637);
#2640=VERTEX_POINT('',#2638);
#2641=CARTESIAN_POINT('',(-5.575E0,-1.03E0,-4.235E0));
#2642=CARTESIAN_POINT('',(-5.575E0,9.7E-1,-4.235E0));
#2643=VERTEX_POINT('',#2641);
#2644=VERTEX_POINT('',#2642);
#2645=CARTESIAN_POINT('',(-6.575E0,9.7E-1,-4.235E0));
#2646=VERTEX_POINT('',#2645);
#2647=CARTESIAN_POINT('',(-6.575E0,-1.03E0,-4.235E0));
#2648=VERTEX_POINT('',#2647);
#2649=CARTESIAN_POINT('',(-6.575E0,9.7E-1,-3.635E0));
#2650=VERTEX_POINT('',#2649);
#2651=CARTESIAN_POINT('',(-6.575E0,-1.03E0,-3.635E0));
#2652=VERTEX_POINT('',#2651);
#2653=CARTESIAN_POINT('',(4.925E0,-1.405E0,5.E-2));
#2654=CARTESIAN_POINT('',(4.925E0,-8.75E-1,5.E-2));
#2655=VERTEX_POINT('',#2653);
#2656=VERTEX_POINT('',#2654);
#2657=CARTESIAN_POINT('',(4.925E0,8.75E-1,5.E-2));
#2658=CARTESIAN_POINT('',(4.925E0,1.345E0,5.E-2));
#2659=VERTEX_POINT('',#2657);
#2660=VERTEX_POINT('',#2658);
#2661=CARTESIAN_POINT('',(6.325E0,-1.405E0,3.55E0));
#2662=CARTESIAN_POINT('',(6.325E0,-1.405E0,1.78E0));
#2663=VERTEX_POINT('',#2661);
#2664=VERTEX_POINT('',#2662);
#2665=CARTESIAN_POINT('',(6.325E0,1.345E0,3.55E0));
#2666=CARTESIAN_POINT('',(6.325E0,1.345E0,1.78E0));
#2667=VERTEX_POINT('',#2665);
#2668=VERTEX_POINT('',#2666);
#2669=CARTESIAN_POINT('',(4.925E0,-1.405E0,3.55E0));
#2670=VERTEX_POINT('',#2669);
#2671=CARTESIAN_POINT('',(4.925E0,1.345E0,3.55E0));
#2672=VERTEX_POINT('',#2671);
#2673=CARTESIAN_POINT('',(6.575E0,-1.405E0,5.E-2));
#2674=VERTEX_POINT('',#2673);
#2675=CARTESIAN_POINT('',(6.575E0,-8.75E-1,5.E-2));
#2676=VERTEX_POINT('',#2675);
#2677=CARTESIAN_POINT('',(6.575E0,8.75E-1,5.E-2));
#2678=VERTEX_POINT('',#2677);
#2679=CARTESIAN_POINT('',(6.575E0,1.345E0,5.E-2));
#2680=VERTEX_POINT('',#2679);
#2681=CARTESIAN_POINT('',(-4.925E0,-1.405E0,5.E-2));
#2682=CARTESIAN_POINT('',(-4.925E0,-8.75E-1,5.E-2));
#2683=VERTEX_POINT('',#2681);
#2684=VERTEX_POINT('',#2682);
#2685=CARTESIAN_POINT('',(-4.925E0,8.75E-1,5.E-2));
#2686=CARTESIAN_POINT('',(-4.925E0,1.345E0,5.E-2));
#2687=VERTEX_POINT('',#2685);
#2688=VERTEX_POINT('',#2686);
#2689=CARTESIAN_POINT('',(-6.325E0,-1.405E0,3.55E0));
#2690=CARTESIAN_POINT('',(-6.325E0,-1.405E0,1.78E0));
#2691=VERTEX_POINT('',#2689);
#2692=VERTEX_POINT('',#2690);
#2693=CARTESIAN_POINT('',(-6.325E0,1.345E0,3.55E0));
#2694=CARTESIAN_POINT('',(-6.325E0,1.345E0,1.78E0));
#2695=VERTEX_POINT('',#2693);
#2696=VERTEX_POINT('',#2694);
#2697=CARTESIAN_POINT('',(-4.925E0,-1.405E0,3.55E0));
#2698=VERTEX_POINT('',#2697);
#2699=CARTESIAN_POINT('',(-4.925E0,1.345E0,3.55E0));
#2700=VERTEX_POINT('',#2699);
#2701=CARTESIAN_POINT('',(-6.575E0,-1.405E0,5.E-2));
#2702=VERTEX_POINT('',#2701);
#2703=CARTESIAN_POINT('',(-6.575E0,-8.75E-1,5.E-2));
#2704=VERTEX_POINT('',#2703);
#2705=CARTESIAN_POINT('',(-6.575E0,8.75E-1,5.E-2));
#2706=VERTEX_POINT('',#2705);
#2707=CARTESIAN_POINT('',(-6.575E0,1.345E0,5.E-2));
#2708=VERTEX_POINT('',#2707);
#2709=CARTESIAN_POINT('',(2.68E0,3.3E0,-4.96E0));
#2710=CARTESIAN_POINT('',(2.68E0,3.3E0,-3.96E0));
#2711=VERTEX_POINT('',#2709);
#2712=VERTEX_POINT('',#2710);
#2713=CARTESIAN_POINT('',(3.32E0,3.3E0,-3.96E0));
#2714=VERTEX_POINT('',#2713);
#2715=CARTESIAN_POINT('',(3.32E0,3.3E0,-4.96E0));
#2716=VERTEX_POINT('',#2715);
#2717=CARTESIAN_POINT('',(-3.2E-1,3.3E0,-4.96E0));
#2718=CARTESIAN_POINT('',(-3.2E-1,3.3E0,-3.96E0));
#2719=VERTEX_POINT('',#2717);
#2720=VERTEX_POINT('',#2718);
#2721=CARTESIAN_POINT('',(3.2E-1,3.3E0,-3.96E0));
#2722=VERTEX_POINT('',#2721);
#2723=CARTESIAN_POINT('',(3.2E-1,3.3E0,-4.96E0));
#2724=VERTEX_POINT('',#2723);
#2725=CARTESIAN_POINT('',(-3.32E0,3.3E0,-4.96E0));
#2726=CARTESIAN_POINT('',(-3.32E0,3.3E0,-3.96E0));
#2727=VERTEX_POINT('',#2725);
#2728=VERTEX_POINT('',#2726);
#2729=CARTESIAN_POINT('',(-2.68E0,3.3E0,-3.96E0));
#2730=VERTEX_POINT('',#2729);
#2731=CARTESIAN_POINT('',(-2.68E0,3.3E0,-4.96E0));
#2732=VERTEX_POINT('',#2731);
#2733=CARTESIAN_POINT('',(5.325E0,8.75E-1,-2.7E0));
#2734=CARTESIAN_POINT('',(4.925E0,8.75E-1,-2.7E0));
#2735=VERTEX_POINT('',#2733);
#2736=VERTEX_POINT('',#2734);
#2737=CARTESIAN_POINT('',(4.925E0,-8.75E-1,-2.7E0));
#2738=VERTEX_POINT('',#2737);
#2739=CARTESIAN_POINT('',(5.325E0,-8.75E-1,-2.7E0));
#2740=VERTEX_POINT('',#2739);
#2741=CARTESIAN_POINT('',(5.325E0,-4.E-1,-2.7E0));
#2742=VERTEX_POINT('',#2741);
#2743=CARTESIAN_POINT('',(5.625E0,-4.E-1,-2.7E0));
#2744=VERTEX_POINT('',#2743);
#2745=CARTESIAN_POINT('',(5.625E0,4.E-1,-2.7E0));
#2746=VERTEX_POINT('',#2745);
#2747=CARTESIAN_POINT('',(5.325E0,4.E-1,-2.7E0));
#2748=VERTEX_POINT('',#2747);
#2749=CARTESIAN_POINT('',(-5.325E0,8.75E-1,-2.7E0));
#2750=CARTESIAN_POINT('',(-5.325E0,4.E-1,-2.7E0));
#2751=VERTEX_POINT('',#2749);
#2752=VERTEX_POINT('',#2750);
#2753=CARTESIAN_POINT('',(-5.625E0,4.E-1,-2.7E0));
#2754=VERTEX_POINT('',#2753);
#2755=CARTESIAN_POINT('',(-5.625E0,-4.E-1,-2.7E0));
#2756=VERTEX_POINT('',#2755);
#2757=CARTESIAN_POINT('',(-5.325E0,-4.E-1,-2.7E0));
#2758=VERTEX_POINT('',#2757);
#2759=CARTESIAN_POINT('',(-5.325E0,-8.75E-1,-2.7E0));
#2760=VERTEX_POINT('',#2759);
#2761=CARTESIAN_POINT('',(-4.925E0,-8.75E-1,-2.7E0));
#2762=VERTEX_POINT('',#2761);
#2763=CARTESIAN_POINT('',(-4.925E0,8.75E-1,-2.7E0));
#2764=VERTEX_POINT('',#2763);
#2765=CARTESIAN_POINT('',(5.325E0,-8.75E-1,-2.45E0));
#2766=CARTESIAN_POINT('',(5.325E0,-4.E-1,-2.45E0));
#2767=VERTEX_POINT('',#2765);
#2768=VERTEX_POINT('',#2766);
#2769=CARTESIAN_POINT('',(5.625E0,-4.E-1,-2.45E0));
#2770=VERTEX_POINT('',#2769);
#2771=CARTESIAN_POINT('',(5.625E0,4.E-1,-2.45E0));
#2772=VERTEX_POINT('',#2771);
#2773=CARTESIAN_POINT('',(5.325E0,4.E-1,-2.45E0));
#2774=VERTEX_POINT('',#2773);
#2775=CARTESIAN_POINT('',(5.325E0,8.75E-1,-2.45E0));
#2776=VERTEX_POINT('',#2775);
#2777=CARTESIAN_POINT('',(-5.325E0,8.75E-1,-2.45E0));
#2778=CARTESIAN_POINT('',(-5.325E0,4.E-1,-2.45E0));
#2779=VERTEX_POINT('',#2777);
#2780=VERTEX_POINT('',#2778);
#2781=CARTESIAN_POINT('',(-5.625E0,4.E-1,-2.45E0));
#2782=VERTEX_POINT('',#2781);
#2783=CARTESIAN_POINT('',(-5.625E0,-4.E-1,-2.45E0));
#2784=VERTEX_POINT('',#2783);
#2785=CARTESIAN_POINT('',(-5.325E0,-4.E-1,-2.45E0));
#2786=VERTEX_POINT('',#2785);
#2787=CARTESIAN_POINT('',(-5.325E0,-8.75E-1,-2.45E0));
#2788=VERTEX_POINT('',#2787);
#2789=CARTESIAN_POINT('',(6.575E0,-8.75E-1,-2.45E0));
#2790=VERTEX_POINT('',#2789);
#2791=CARTESIAN_POINT('',(6.575E0,8.75E-1,-2.45E0));
#2792=VERTEX_POINT('',#2791);
#2793=CARTESIAN_POINT('',(-6.575E0,-8.75E-1,-2.45E0));
#2794=VERTEX_POINT('',#2793);
#2795=CARTESIAN_POINT('',(-6.575E0,8.75E-1,-2.45E0));
#2796=VERTEX_POINT('',#2795);
#2797=CARTESIAN_POINT('',(4.75E-1,-3.97E0,3.55E0));
#2798=CARTESIAN_POINT('',(1.475E0,-3.97E0,3.55E0));
#2799=VERTEX_POINT('',#2797);
#2800=VERTEX_POINT('',#2798);
#2801=CARTESIAN_POINT('',(4.75E-1,-3.97E0,-2.96E0));
#2802=CARTESIAN_POINT('',(1.475E0,-3.97E0,-2.96E0));
#2803=VERTEX_POINT('',#2801);
#2804=VERTEX_POINT('',#2802);
#2805=CARTESIAN_POINT('',(-1.475E0,-3.46E0,3.55E0));
#2806=CARTESIAN_POINT('',(-4.75E-1,-3.46E0,3.55E0));
#2807=VERTEX_POINT('',#2805);
#2808=VERTEX_POINT('',#2806);
#2809=CARTESIAN_POINT('',(4.75E-1,-3.46E0,3.55E0));
#2810=CARTESIAN_POINT('',(1.475E0,-3.46E0,3.55E0));
#2811=VERTEX_POINT('',#2809);
#2812=VERTEX_POINT('',#2810);
#2813=CARTESIAN_POINT('',(-1.475E0,-3.46E0,-2.96E0));
#2814=CARTESIAN_POINT('',(-4.75E-1,-3.46E0,-2.96E0));
#2815=VERTEX_POINT('',#2813);
#2816=VERTEX_POINT('',#2814);
#2817=CARTESIAN_POINT('',(4.75E-1,-3.46E0,-2.96E0));
#2818=CARTESIAN_POINT('',(1.475E0,-3.46E0,-2.96E0));
#2819=VERTEX_POINT('',#2817);
#2820=VERTEX_POINT('',#2818);
#2821=CARTESIAN_POINT('',(2.68E0,1.18E0,-7.415E0));
#2822=CARTESIAN_POINT('',(2.68E0,1.375E0,-8.14E0));
#2823=VERTEX_POINT('',#2821);
#2824=VERTEX_POINT('',#2822);
#2825=CARTESIAN_POINT('',(2.68E0,1.625E0,-8.14E0));
#2826=VERTEX_POINT('',#2825);
#2827=CARTESIAN_POINT('',(2.68E0,1.82E0,-7.415E0));
#2828=VERTEX_POINT('',#2827);
#2829=CARTESIAN_POINT('',(2.68E0,-1.82E0,-7.415E0));
#2830=CARTESIAN_POINT('',(2.68E0,-1.625E0,-8.14E0));
#2831=VERTEX_POINT('',#2829);
#2832=VERTEX_POINT('',#2830);
#2833=CARTESIAN_POINT('',(2.68E0,-1.375E0,-8.14E0));
#2834=VERTEX_POINT('',#2833);
#2835=CARTESIAN_POINT('',(2.68E0,-1.18E0,-7.415E0));
#2836=VERTEX_POINT('',#2835);
#2837=CARTESIAN_POINT('',(3.32E0,1.18E0,-7.415E0));
#2838=CARTESIAN_POINT('',(3.32E0,1.375E0,-8.14E0));
#2839=VERTEX_POINT('',#2837);
#2840=VERTEX_POINT('',#2838);
#2841=CARTESIAN_POINT('',(3.32E0,1.625E0,-8.14E0));
#2842=VERTEX_POINT('',#2841);
#2843=CARTESIAN_POINT('',(3.32E0,1.82E0,-7.415E0));
#2844=VERTEX_POINT('',#2843);
#2845=CARTESIAN_POINT('',(3.32E0,-1.82E0,-7.415E0));
#2846=CARTESIAN_POINT('',(3.32E0,-1.625E0,-8.14E0));
#2847=VERTEX_POINT('',#2845);
#2848=VERTEX_POINT('',#2846);
#2849=CARTESIAN_POINT('',(3.32E0,-1.375E0,-8.14E0));
#2850=VERTEX_POINT('',#2849);
#2851=CARTESIAN_POINT('',(3.32E0,-1.18E0,-7.415E0));
#2852=VERTEX_POINT('',#2851);
#2853=CARTESIAN_POINT('',(2.68E0,1.18E0,-4.235E0));
#2854=VERTEX_POINT('',#2853);
#2855=CARTESIAN_POINT('',(2.68E0,-1.18E0,-4.235E0));
#2856=VERTEX_POINT('',#2855);
#2857=CARTESIAN_POINT('',(3.32E0,1.18E0,-4.235E0));
#2858=VERTEX_POINT('',#2857);
#2859=CARTESIAN_POINT('',(3.32E0,-1.18E0,-4.235E0));
#2860=VERTEX_POINT('',#2859);
#2861=CARTESIAN_POINT('',(-3.2E-1,1.18E0,-7.415E0));
#2862=CARTESIAN_POINT('',(-3.2E-1,1.375E0,-8.14E0));
#2863=VERTEX_POINT('',#2861);
#2864=VERTEX_POINT('',#2862);
#2865=CARTESIAN_POINT('',(-3.2E-1,1.625E0,-8.14E0));
#2866=VERTEX_POINT('',#2865);
#2867=CARTESIAN_POINT('',(-3.2E-1,1.82E0,-7.415E0));
#2868=VERTEX_POINT('',#2867);
#2869=CARTESIAN_POINT('',(-3.2E-1,-1.82E0,-7.415E0));
#2870=CARTESIAN_POINT('',(-3.2E-1,-1.625E0,-8.14E0));
#2871=VERTEX_POINT('',#2869);
#2872=VERTEX_POINT('',#2870);
#2873=CARTESIAN_POINT('',(-3.2E-1,-1.375E0,-8.14E0));
#2874=VERTEX_POINT('',#2873);
#2875=CARTESIAN_POINT('',(-3.2E-1,-1.18E0,-7.415E0));
#2876=VERTEX_POINT('',#2875);
#2877=CARTESIAN_POINT('',(3.2E-1,1.18E0,-7.415E0));
#2878=CARTESIAN_POINT('',(3.2E-1,1.375E0,-8.14E0));
#2879=VERTEX_POINT('',#2877);
#2880=VERTEX_POINT('',#2878);
#2881=CARTESIAN_POINT('',(3.2E-1,1.625E0,-8.14E0));
#2882=VERTEX_POINT('',#2881);
#2883=CARTESIAN_POINT('',(3.2E-1,1.82E0,-7.415E0));
#2884=VERTEX_POINT('',#2883);
#2885=CARTESIAN_POINT('',(3.2E-1,-1.82E0,-7.415E0));
#2886=CARTESIAN_POINT('',(3.2E-1,-1.625E0,-8.14E0));
#2887=VERTEX_POINT('',#2885);
#2888=VERTEX_POINT('',#2886);
#2889=CARTESIAN_POINT('',(3.2E-1,-1.375E0,-8.14E0));
#2890=VERTEX_POINT('',#2889);
#2891=CARTESIAN_POINT('',(3.2E-1,-1.18E0,-7.415E0));
#2892=VERTEX_POINT('',#2891);
#2893=CARTESIAN_POINT('',(-3.2E-1,1.18E0,-4.235E0));
#2894=VERTEX_POINT('',#2893);
#2895=CARTESIAN_POINT('',(-3.2E-1,-1.18E0,-4.235E0));
#2896=VERTEX_POINT('',#2895);
#2897=CARTESIAN_POINT('',(3.2E-1,1.18E0,-4.235E0));
#2898=VERTEX_POINT('',#2897);
#2899=CARTESIAN_POINT('',(3.2E-1,-1.18E0,-4.235E0));
#2900=VERTEX_POINT('',#2899);
#2901=CARTESIAN_POINT('',(-3.32E0,1.18E0,-7.415E0));
#2902=CARTESIAN_POINT('',(-3.32E0,1.375E0,-8.14E0));
#2903=VERTEX_POINT('',#2901);
#2904=VERTEX_POINT('',#2902);
#2905=CARTESIAN_POINT('',(-3.32E0,1.625E0,-8.14E0));
#2906=VERTEX_POINT('',#2905);
#2907=CARTESIAN_POINT('',(-3.32E0,1.82E0,-7.415E0));
#2908=VERTEX_POINT('',#2907);
#2909=CARTESIAN_POINT('',(-3.32E0,-1.82E0,-7.415E0));
#2910=CARTESIAN_POINT('',(-3.32E0,-1.625E0,-8.14E0));
#2911=VERTEX_POINT('',#2909);
#2912=VERTEX_POINT('',#2910);
#2913=CARTESIAN_POINT('',(-3.32E0,-1.375E0,-8.14E0));
#2914=VERTEX_POINT('',#2913);
#2915=CARTESIAN_POINT('',(-3.32E0,-1.18E0,-7.415E0));
#2916=VERTEX_POINT('',#2915);
#2917=CARTESIAN_POINT('',(-2.68E0,1.18E0,-7.415E0));
#2918=CARTESIAN_POINT('',(-2.68E0,1.375E0,-8.14E0));
#2919=VERTEX_POINT('',#2917);
#2920=VERTEX_POINT('',#2918);
#2921=CARTESIAN_POINT('',(-2.68E0,1.625E0,-8.14E0));
#2922=VERTEX_POINT('',#2921);
#2923=CARTESIAN_POINT('',(-2.68E0,1.82E0,-7.415E0));
#2924=VERTEX_POINT('',#2923);
#2925=CARTESIAN_POINT('',(-2.68E0,-1.82E0,-7.415E0));
#2926=CARTESIAN_POINT('',(-2.68E0,-1.625E0,-8.14E0));
#2927=VERTEX_POINT('',#2925);
#2928=VERTEX_POINT('',#2926);
#2929=CARTESIAN_POINT('',(-2.68E0,-1.375E0,-8.14E0));
#2930=VERTEX_POINT('',#2929);
#2931=CARTESIAN_POINT('',(-2.68E0,-1.18E0,-7.415E0));
#2932=VERTEX_POINT('',#2931);
#2933=CARTESIAN_POINT('',(-3.32E0,1.18E0,-4.235E0));
#2934=VERTEX_POINT('',#2933);
#2935=CARTESIAN_POINT('',(-3.32E0,-1.18E0,-4.235E0));
#2936=VERTEX_POINT('',#2935);
#2937=CARTESIAN_POINT('',(-2.68E0,1.18E0,-4.235E0));
#2938=VERTEX_POINT('',#2937);
#2939=CARTESIAN_POINT('',(-2.68E0,-1.18E0,-4.235E0));
#2940=VERTEX_POINT('',#2939);
#2941=CARTESIAN_POINT('',(2.68E0,1.5E0,-4.235E0));
#2942=VERTEX_POINT('',#2941);
#2943=CARTESIAN_POINT('',(2.68E0,-1.82E0,-4.235E0));
#2944=VERTEX_POINT('',#2943);
#2945=CARTESIAN_POINT('',(3.32E0,1.5E0,-4.235E0));
#2946=VERTEX_POINT('',#2945);
#2947=CARTESIAN_POINT('',(3.32E0,-1.82E0,-4.235E0));
#2948=VERTEX_POINT('',#2947);
#2949=CARTESIAN_POINT('',(2.68E0,1.82E0,-4.96E0));
#2950=VERTEX_POINT('',#2949);
#2951=CARTESIAN_POINT('',(3.32E0,1.82E0,-4.96E0));
#2952=VERTEX_POINT('',#2951);
#2953=CARTESIAN_POINT('',(-3.2E-1,1.5E0,-4.235E0));
#2954=VERTEX_POINT('',#2953);
#2955=CARTESIAN_POINT('',(-3.2E-1,-1.82E0,-4.235E0));
#2956=VERTEX_POINT('',#2955);
#2957=CARTESIAN_POINT('',(3.2E-1,1.5E0,-4.235E0));
#2958=VERTEX_POINT('',#2957);
#2959=CARTESIAN_POINT('',(3.2E-1,-1.82E0,-4.235E0));
#2960=VERTEX_POINT('',#2959);
#2961=CARTESIAN_POINT('',(-3.2E-1,1.82E0,-4.96E0));
#2962=VERTEX_POINT('',#2961);
#2963=CARTESIAN_POINT('',(3.2E-1,1.82E0,-4.96E0));
#2964=VERTEX_POINT('',#2963);
#2965=CARTESIAN_POINT('',(-3.32E0,1.5E0,-4.235E0));
#2966=VERTEX_POINT('',#2965);
#2967=CARTESIAN_POINT('',(-3.32E0,-1.82E0,-4.235E0));
#2968=VERTEX_POINT('',#2967);
#2969=CARTESIAN_POINT('',(-2.68E0,1.5E0,-4.235E0));
#2970=VERTEX_POINT('',#2969);
#2971=CARTESIAN_POINT('',(-2.68E0,-1.82E0,-4.235E0));
#2972=VERTEX_POINT('',#2971);
#2973=CARTESIAN_POINT('',(-3.32E0,1.82E0,-4.96E0));
#2974=VERTEX_POINT('',#2973);
#2975=CARTESIAN_POINT('',(-2.68E0,1.82E0,-4.96E0));
#2976=VERTEX_POINT('',#2975);
#2977=CARTESIAN_POINT('',(1.73E0,2.74E0,-1.65E0));
#2978=CARTESIAN_POINT('',(1.73E0,2.E-1,-1.65E0));
#2979=VERTEX_POINT('',#2977);
#2980=VERTEX_POINT('',#2978);
#2981=CARTESIAN_POINT('',(3.57E0,2.E-1,-1.65E0));
#2982=VERTEX_POINT('',#2981);
#2983=CARTESIAN_POINT('',(4.27E0,9.E-1,-1.65E0));
#2984=VERTEX_POINT('',#2983);
#2985=CARTESIAN_POINT('',(4.27E0,2.74E0,-1.65E0));
#2986=VERTEX_POINT('',#2985);
#2987=CARTESIAN_POINT('',(4.27E0,-2.6E-1,-1.65E0));
#2988=CARTESIAN_POINT('',(1.73E0,-2.6E-1,-1.65E0));
#2989=VERTEX_POINT('',#2987);
#2990=VERTEX_POINT('',#2988);
#2991=CARTESIAN_POINT('',(1.73E0,-2.1E0,-1.65E0));
#2992=VERTEX_POINT('',#2991);
#2993=CARTESIAN_POINT('',(2.43E0,-2.8E0,-1.65E0));
#2994=CARTESIAN_POINT('',(4.27E0,-2.8E0,-1.65E0));
#2995=VERTEX_POINT('',#2993);
#2996=VERTEX_POINT('',#2994);
#2997=CARTESIAN_POINT('',(-1.27E0,-2.6E-1,-1.65E0));
#2998=CARTESIAN_POINT('',(-1.27E0,-2.1E0,-1.65E0));
#2999=VERTEX_POINT('',#2997);
#3000=VERTEX_POINT('',#2998);
#3001=CARTESIAN_POINT('',(-5.7E-1,-2.8E0,-1.65E0));
#3002=CARTESIAN_POINT('',(1.27E0,-2.8E0,-1.65E0));
#3003=VERTEX_POINT('',#3001);
#3004=VERTEX_POINT('',#3002);
#3005=CARTESIAN_POINT('',(1.27E0,-2.6E-1,-1.65E0));
#3006=VERTEX_POINT('',#3005);
#3007=CARTESIAN_POINT('',(-5.7E-1,2.E-1,-1.65E0));
#3008=CARTESIAN_POINT('',(1.27E0,2.E-1,-1.65E0));
#3009=VERTEX_POINT('',#3007);
#3010=VERTEX_POINT('',#3008);
#3011=CARTESIAN_POINT('',(1.27E0,2.74E0,-1.65E0));
#3012=VERTEX_POINT('',#3011);
#3013=CARTESIAN_POINT('',(-1.27E0,2.74E0,-1.65E0));
#3014=VERTEX_POINT('',#3013);
#3015=CARTESIAN_POINT('',(-1.27E0,9.E-1,-1.65E0));
#3016=VERTEX_POINT('',#3015);
#3017=CARTESIAN_POINT('',(-3.57E0,2.E-1,-1.65E0));
#3018=CARTESIAN_POINT('',(-1.73E0,2.E-1,-1.65E0));
#3019=VERTEX_POINT('',#3017);
#3020=VERTEX_POINT('',#3018);
#3021=CARTESIAN_POINT('',(-1.73E0,2.74E0,-1.65E0));
#3022=VERTEX_POINT('',#3021);
#3023=CARTESIAN_POINT('',(-4.27E0,2.74E0,-1.65E0));
#3024=VERTEX_POINT('',#3023);
#3025=CARTESIAN_POINT('',(-4.27E0,9.E-1,-1.65E0));
#3026=VERTEX_POINT('',#3025);
#3027=CARTESIAN_POINT('',(-1.73E0,-2.6E-1,-1.65E0));
#3028=CARTESIAN_POINT('',(-4.27E0,-2.6E-1,-1.65E0));
#3029=VERTEX_POINT('',#3027);
#3030=VERTEX_POINT('',#3028);
#3031=CARTESIAN_POINT('',(-4.27E0,-2.1E0,-1.65E0));
#3032=VERTEX_POINT('',#3031);
#3033=CARTESIAN_POINT('',(-3.57E0,-2.8E0,-1.65E0));
#3034=VERTEX_POINT('',#3033);
#3035=CARTESIAN_POINT('',(-1.73E0,-2.8E0,-1.65E0));
#3036=VERTEX_POINT('',#3035);
#3037=CARTESIAN_POINT('',(1.73E0,2.74E0,4.95E0));
#3038=CARTESIAN_POINT('',(1.73E0,2.E-1,4.95E0));
#3039=VERTEX_POINT('',#3037);
#3040=VERTEX_POINT('',#3038);
#3041=CARTESIAN_POINT('',(3.57E0,2.E-1,4.95E0));
#3042=VERTEX_POINT('',#3041);
#3043=CARTESIAN_POINT('',(4.27E0,9.E-1,4.95E0));
#3044=VERTEX_POINT('',#3043);
#3045=CARTESIAN_POINT('',(4.27E0,2.74E0,4.95E0));
#3046=VERTEX_POINT('',#3045);
#3047=CARTESIAN_POINT('',(4.27E0,-2.6E-1,4.95E0));
#3048=CARTESIAN_POINT('',(1.73E0,-2.6E-1,4.95E0));
#3049=VERTEX_POINT('',#3047);
#3050=VERTEX_POINT('',#3048);
#3051=CARTESIAN_POINT('',(1.73E0,-2.1E0,4.95E0));
#3052=VERTEX_POINT('',#3051);
#3053=CARTESIAN_POINT('',(2.43E0,-2.8E0,4.95E0));
#3054=CARTESIAN_POINT('',(4.27E0,-2.8E0,4.95E0));
#3055=VERTEX_POINT('',#3053);
#3056=VERTEX_POINT('',#3054);
#3057=CARTESIAN_POINT('',(-1.27E0,-2.6E-1,4.95E0));
#3058=CARTESIAN_POINT('',(-1.27E0,-2.1E0,4.95E0));
#3059=VERTEX_POINT('',#3057);
#3060=VERTEX_POINT('',#3058);
#3061=CARTESIAN_POINT('',(-5.7E-1,-2.8E0,4.95E0));
#3062=CARTESIAN_POINT('',(1.27E0,-2.8E0,4.95E0));
#3063=VERTEX_POINT('',#3061);
#3064=VERTEX_POINT('',#3062);
#3065=CARTESIAN_POINT('',(1.27E0,-2.6E-1,4.95E0));
#3066=VERTEX_POINT('',#3065);
#3067=CARTESIAN_POINT('',(-5.7E-1,2.E-1,4.95E0));
#3068=CARTESIAN_POINT('',(1.27E0,2.E-1,4.95E0));
#3069=VERTEX_POINT('',#3067);
#3070=VERTEX_POINT('',#3068);
#3071=CARTESIAN_POINT('',(1.27E0,2.74E0,4.95E0));
#3072=VERTEX_POINT('',#3071);
#3073=CARTESIAN_POINT('',(-1.27E0,2.74E0,4.95E0));
#3074=VERTEX_POINT('',#3073);
#3075=CARTESIAN_POINT('',(-1.27E0,9.E-1,4.95E0));
#3076=VERTEX_POINT('',#3075);
#3077=CARTESIAN_POINT('',(-3.57E0,2.E-1,4.95E0));
#3078=CARTESIAN_POINT('',(-1.73E0,2.E-1,4.95E0));
#3079=VERTEX_POINT('',#3077);
#3080=VERTEX_POINT('',#3078);
#3081=CARTESIAN_POINT('',(-1.73E0,2.74E0,4.95E0));
#3082=VERTEX_POINT('',#3081);
#3083=CARTESIAN_POINT('',(-4.27E0,2.74E0,4.95E0));
#3084=VERTEX_POINT('',#3083);
#3085=CARTESIAN_POINT('',(-4.27E0,9.E-1,4.95E0));
#3086=VERTEX_POINT('',#3085);
#3087=CARTESIAN_POINT('',(-1.73E0,-2.6E-1,4.95E0));
#3088=CARTESIAN_POINT('',(-4.27E0,-2.6E-1,4.95E0));
#3089=VERTEX_POINT('',#3087);
#3090=VERTEX_POINT('',#3088);
#3091=CARTESIAN_POINT('',(-4.27E0,-2.1E0,4.95E0));
#3092=VERTEX_POINT('',#3091);
#3093=CARTESIAN_POINT('',(-3.57E0,-2.8E0,4.95E0));
#3094=VERTEX_POINT('',#3093);
#3095=CARTESIAN_POINT('',(-1.73E0,-2.8E0,4.95E0));
#3096=VERTEX_POINT('',#3095);
#3097=CARTESIAN_POINT('',(2.68E0,1.18E0,-3.96E0));
#3098=VERTEX_POINT('',#3097);
#3099=CARTESIAN_POINT('',(2.68E0,1.82E0,-3.96E0));
#3100=VERTEX_POINT('',#3099);
#3101=CARTESIAN_POINT('',(2.68E0,-1.82E0,-3.96E0));
#3102=VERTEX_POINT('',#3101);
#3103=CARTESIAN_POINT('',(2.68E0,-1.18E0,-3.96E0));
#3104=VERTEX_POINT('',#3103);
#3105=CARTESIAN_POINT('',(3.32E0,1.18E0,-3.96E0));
#3106=VERTEX_POINT('',#3105);
#3107=CARTESIAN_POINT('',(3.32E0,1.82E0,-3.96E0));
#3108=VERTEX_POINT('',#3107);
#3109=CARTESIAN_POINT('',(3.32E0,-1.82E0,-3.96E0));
#3110=VERTEX_POINT('',#3109);
#3111=CARTESIAN_POINT('',(3.32E0,-1.18E0,-3.96E0));
#3112=VERTEX_POINT('',#3111);
#3113=CARTESIAN_POINT('',(-3.2E-1,1.18E0,-3.96E0));
#3114=VERTEX_POINT('',#3113);
#3115=CARTESIAN_POINT('',(-3.2E-1,1.82E0,-3.96E0));
#3116=VERTEX_POINT('',#3115);
#3117=CARTESIAN_POINT('',(-3.2E-1,-1.82E0,-3.96E0));
#3118=VERTEX_POINT('',#3117);
#3119=CARTESIAN_POINT('',(-3.2E-1,-1.18E0,-3.96E0));
#3120=VERTEX_POINT('',#3119);
#3121=CARTESIAN_POINT('',(3.2E-1,1.18E0,-3.96E0));
#3122=VERTEX_POINT('',#3121);
#3123=CARTESIAN_POINT('',(3.2E-1,1.82E0,-3.96E0));
#3124=VERTEX_POINT('',#3123);
#3125=CARTESIAN_POINT('',(3.2E-1,-1.82E0,-3.96E0));
#3126=VERTEX_POINT('',#3125);
#3127=CARTESIAN_POINT('',(3.2E-1,-1.18E0,-3.96E0));
#3128=VERTEX_POINT('',#3127);
#3129=CARTESIAN_POINT('',(-3.32E0,1.18E0,-3.96E0));
#3130=VERTEX_POINT('',#3129);
#3131=CARTESIAN_POINT('',(-3.32E0,1.82E0,-3.96E0));
#3132=VERTEX_POINT('',#3131);
#3133=CARTESIAN_POINT('',(-3.32E0,-1.82E0,-3.96E0));
#3134=VERTEX_POINT('',#3133);
#3135=CARTESIAN_POINT('',(-3.32E0,-1.18E0,-3.96E0));
#3136=VERTEX_POINT('',#3135);
#3137=CARTESIAN_POINT('',(-2.68E0,1.18E0,-3.96E0));
#3138=VERTEX_POINT('',#3137);
#3139=CARTESIAN_POINT('',(-2.68E0,1.82E0,-3.96E0));
#3140=VERTEX_POINT('',#3139);
#3141=CARTESIAN_POINT('',(-2.68E0,-1.82E0,-3.96E0));
#3142=VERTEX_POINT('',#3141);
#3143=CARTESIAN_POINT('',(-2.68E0,-1.18E0,-3.96E0));
#3144=VERTEX_POINT('',#3143);
#3145=CARTESIAN_POINT('',(6.575E0,1.5E0,-4.235E0));
#3146=CARTESIAN_POINT('',(6.575E0,1.5E0,-4.96E0));
#3147=VERTEX_POINT('',#3145);
#3148=VERTEX_POINT('',#3146);
#3149=CARTESIAN_POINT('',(6.575E0,3.4E0,-4.96E0));
#3150=VERTEX_POINT('',#3149);
#3151=CARTESIAN_POINT('',(6.575E0,3.4E0,1.78E0));
#3152=VERTEX_POINT('',#3151);
#3153=CARTESIAN_POINT('',(6.575E0,-3.97E0,-4.96E0));
#3154=CARTESIAN_POINT('',(6.575E0,-2.5E0,-4.96E0));
#3155=VERTEX_POINT('',#3153);
#3156=VERTEX_POINT('',#3154);
#3157=CARTESIAN_POINT('',(6.575E0,-2.5E0,-4.235E0));
#3158=VERTEX_POINT('',#3157);
#3159=CARTESIAN_POINT('',(6.325E0,3.4E0,1.78E0));
#3160=VERTEX_POINT('',#3159);
#3161=CARTESIAN_POINT('',(-6.575E0,3.4E0,1.78E0));
#3162=CARTESIAN_POINT('',(-6.575E0,3.4E0,-4.96E0));
#3163=VERTEX_POINT('',#3161);
#3164=VERTEX_POINT('',#3162);
#3165=CARTESIAN_POINT('',(-6.575E0,1.5E0,-4.96E0));
#3166=VERTEX_POINT('',#3165);
#3167=CARTESIAN_POINT('',(-6.575E0,1.5E0,-4.235E0));
#3168=VERTEX_POINT('',#3167);
#3169=CARTESIAN_POINT('',(-6.575E0,-2.5E0,-4.235E0));
#3170=CARTESIAN_POINT('',(-6.575E0,-2.5E0,-4.96E0));
#3171=VERTEX_POINT('',#3169);
#3172=VERTEX_POINT('',#3170);
#3173=CARTESIAN_POINT('',(-6.575E0,-3.97E0,-4.96E0));
#3174=VERTEX_POINT('',#3173);
#3175=CARTESIAN_POINT('',(-6.325E0,3.4E0,1.78E0));
#3176=VERTEX_POINT('',#3175);
#3177=CARTESIAN_POINT('',(-6.43E0,2.44E0,-4.96E0));
#3178=CARTESIAN_POINT('',(-5.57E0,2.44E0,-4.96E0));
#3179=VERTEX_POINT('',#3177);
#3180=VERTEX_POINT('',#3178);
#3181=CARTESIAN_POINT('',(5.57E0,2.44E0,-4.96E0));
#3182=CARTESIAN_POINT('',(6.43E0,2.44E0,-4.96E0));
#3183=VERTEX_POINT('',#3181);
#3184=VERTEX_POINT('',#3182);
#3185=CARTESIAN_POINT('',(6.229999544279E0,2.44E0,-5.819999870421E0));
#3186=CARTESIAN_POINT('',(5.770000455721E0,2.44E0,-5.819999870421E0));
#3187=VERTEX_POINT('',#3185);
#3188=VERTEX_POINT('',#3186);
#3189=CARTESIAN_POINT('',(6.43E0,2.44E0,-5.619999388264E0));
#3190=CARTESIAN_POINT('',(5.57E0,2.44E0,-5.619999388264E0));
#3191=VERTEX_POINT('',#3189);
#3192=VERTEX_POINT('',#3190);
#3193=CARTESIAN_POINT('',(-5.770000455721E0,2.44E0,-5.819999870421E0));
#3194=CARTESIAN_POINT('',(-6.229999544279E0,2.44E0,-5.819999870421E0));
#3195=VERTEX_POINT('',#3193);
#3196=VERTEX_POINT('',#3194);
#3197=CARTESIAN_POINT('',(-5.57E0,2.44E0,-5.619999388264E0));
#3198=CARTESIAN_POINT('',(-6.43E0,2.44E0,-5.619999388264E0));
#3199=VERTEX_POINT('',#3197);
#3200=VERTEX_POINT('',#3198);
#3201=CARTESIAN_POINT('',(2.68E0,1.5E0,-4.96E0));
#3202=VERTEX_POINT('',#3201);
#3203=CARTESIAN_POINT('',(3.32E0,1.5E0,-4.96E0));
#3204=VERTEX_POINT('',#3203);
#3205=CARTESIAN_POINT('',(-3.2E-1,1.5E0,-4.96E0));
#3206=VERTEX_POINT('',#3205);
#3207=CARTESIAN_POINT('',(3.2E-1,1.5E0,-4.96E0));
#3208=VERTEX_POINT('',#3207);
#3209=CARTESIAN_POINT('',(-3.32E0,1.5E0,-4.96E0));
#3210=VERTEX_POINT('',#3209);
#3211=CARTESIAN_POINT('',(-2.68E0,1.5E0,-4.96E0));
#3212=VERTEX_POINT('',#3211);
#3213=CARTESIAN_POINT('',(6.575E0,-1.405E0,1.78E0));
#3214=VERTEX_POINT('',#3213);
#3215=CARTESIAN_POINT('',(6.575E0,1.345E0,1.78E0));
#3216=VERTEX_POINT('',#3215);
#3217=CARTESIAN_POINT('',(-6.575E0,-1.405E0,1.78E0));
#3218=VERTEX_POINT('',#3217);
#3219=CARTESIAN_POINT('',(-6.575E0,1.345E0,1.78E0));
#3220=VERTEX_POINT('',#3219);
#3221=CARTESIAN_POINT('',(5.375E0,-3.46E0,4.5E0));
#3222=VERTEX_POINT('',#3221);
#3223=CARTESIAN_POINT('',(-5.375E0,-3.46E0,4.5E0));
#3224=VERTEX_POINT('',#3223);
#3225=CARTESIAN_POINT('',(-6.325E0,-2.96E0,3.55E0));
#3226=VERTEX_POINT('',#3225);
#3227=CARTESIAN_POINT('',(-6.325E0,-2.96E0,1.78E0));
#3228=VERTEX_POINT('',#3227);
#3229=CARTESIAN_POINT('',(-6.575E0,-2.828421052632E0,-2.96E0));
#3230=VERTEX_POINT('',#3229);
#3231=CARTESIAN_POINT('',(6.575E0,-3.97E0,-2.96E0));
#3232=VERTEX_POINT('',#3231);
#3233=CARTESIAN_POINT('',(6.575E0,-2.828421052632E0,1.78E0));
#3234=VERTEX_POINT('',#3233);
#3235=CARTESIAN_POINT('',(-6.575E0,-3.97E0,-2.96E0));
#3236=VERTEX_POINT('',#3235);
#3237=CARTESIAN_POINT('',(-6.575E0,-2.828421052632E0,1.78E0));
#3238=VERTEX_POINT('',#3237);
#3239=CARTESIAN_POINT('',(6.275E0,-2.1475E0,1.8E0));
#3240=CARTESIAN_POINT('',(6.275E0,-2.1475E0,3.05E0));
#3241=VERTEX_POINT('',#3239);
#3242=VERTEX_POINT('',#3240);
#3243=CARTESIAN_POINT('',(6.275E0,-2.30375E0,3.05E0));
#3244=VERTEX_POINT('',#3243);
#3245=CARTESIAN_POINT('',(6.275E0,-2.46E0,2.863829809427E0));
#3246=VERTEX_POINT('',#3245);
#3247=CARTESIAN_POINT('',(6.275E0,-2.46E0,2.651063802838E0));
#3248=VERTEX_POINT('',#3247);
#3249=CARTESIAN_POINT('',(6.275E0,-2.30375E0,2.837234067917E0));
#3250=VERTEX_POINT('',#3249);
#3251=CARTESIAN_POINT('',(6.275E0,-2.30375E0,1.8E0));
#3252=VERTEX_POINT('',#3251);
#3253=CARTESIAN_POINT('',(6.325E0,-2.1475E0,1.8E0));
#3254=CARTESIAN_POINT('',(6.325E0,-2.1475E0,3.05E0));
#3255=VERTEX_POINT('',#3253);
#3256=VERTEX_POINT('',#3254);
#3257=CARTESIAN_POINT('',(6.325E0,-2.30375E0,3.05E0));
#3258=VERTEX_POINT('',#3257);
#3259=CARTESIAN_POINT('',(6.325E0,-2.46E0,2.863829809427E0));
#3260=VERTEX_POINT('',#3259);
#3261=CARTESIAN_POINT('',(6.325E0,-2.46E0,2.651063802838E0));
#3262=VERTEX_POINT('',#3261);
#3263=CARTESIAN_POINT('',(6.325E0,-2.30375E0,2.837234067917E0));
#3264=VERTEX_POINT('',#3263);
#3265=CARTESIAN_POINT('',(6.325E0,-2.30375E0,1.8E0));
#3266=VERTEX_POINT('',#3265);
#3267=CARTESIAN_POINT('',(-1.475E0,-3.97E0,3.55E0));
#3268=CARTESIAN_POINT('',(-4.75E-1,-3.97E0,3.55E0));
#3269=VERTEX_POINT('',#3267);
#3270=VERTEX_POINT('',#3268);
#3271=CARTESIAN_POINT('',(-1.475E0,-3.97E0,-2.96E0));
#3272=CARTESIAN_POINT('',(-4.75E-1,-3.97E0,-2.96E0));
#3273=VERTEX_POINT('',#3271);
#3274=VERTEX_POINT('',#3272);
#3275=CARTESIAN_POINT('',(-6.325E0,0.E0,0.E0));
#3276=DIRECTION('',(1.E0,0.E0,0.E0));
#3277=DIRECTION('',(0.E0,0.E0,-1.E0));
#3278=AXIS2_PLACEMENT_3D('',#3275,#3276,#3277);
#3279=PLANE('',#3278);
#3281=ORIENTED_EDGE('',*,*,#3280,.F.);
#3283=ORIENTED_EDGE('',*,*,#3282,.F.);
#3285=ORIENTED_EDGE('',*,*,#3284,.T.);
#3287=ORIENTED_EDGE('',*,*,#3286,.T.);
#3289=ORIENTED_EDGE('',*,*,#3288,.T.);
#3290=EDGE_LOOP('',(#3281,#3283,#3285,#3287,#3289));
#3291=FACE_OUTER_BOUND('',#3290,.F.);
#3292=ADVANCED_FACE('',(#3291),#3279,.F.);
#3293=CARTESIAN_POINT('',(-6.325E0,0.E0,0.E0));
#3294=DIRECTION('',(1.E0,0.E0,0.E0));
#3295=DIRECTION('',(0.E0,0.E0,-1.E0));
#3296=AXIS2_PLACEMENT_3D('',#3293,#3294,#3295);
#3297=PLANE('',#3296);
#3299=ORIENTED_EDGE('',*,*,#3298,.T.);
#3301=ORIENTED_EDGE('',*,*,#3300,.T.);
#3303=ORIENTED_EDGE('',*,*,#3302,.T.);
#3305=ORIENTED_EDGE('',*,*,#3304,.T.);
#3307=ORIENTED_EDGE('',*,*,#3306,.F.);
#3308=EDGE_LOOP('',(#3299,#3301,#3303,#3305,#3307));
#3309=FACE_OUTER_BOUND('',#3308,.F.);
#3310=ADVANCED_FACE('',(#3309),#3297,.F.);
#3311=CARTESIAN_POINT('',(-6.825E0,-1.405E0,3.55E0));
#3312=DIRECTION('',(0.E0,1.E0,0.E0));
#3313=DIRECTION('',(0.E0,0.E0,-1.E0));
#3314=AXIS2_PLACEMENT_3D('',#3311,#3312,#3313);
#3315=PLANE('',#3314);
#3316=ORIENTED_EDGE('',*,*,#3280,.T.);
#3318=ORIENTED_EDGE('',*,*,#3317,.T.);
#3320=ORIENTED_EDGE('',*,*,#3319,.T.);
#3322=ORIENTED_EDGE('',*,*,#3321,.T.);
#3324=ORIENTED_EDGE('',*,*,#3323,.F.);
#3326=ORIENTED_EDGE('',*,*,#3325,.T.);
#3327=EDGE_LOOP('',(#3316,#3318,#3320,#3322,#3324,#3326));
#3328=FACE_OUTER_BOUND('',#3327,.F.);
#3329=ADVANCED_FACE('',(#3328),#3315,.T.);
#3330=CARTESIAN_POINT('',(-6.325E0,-3.97E0,1.78E0));
#3331=DIRECTION('',(0.E0,0.E0,1.E0));
#3332=DIRECTION('',(0.E0,1.E0,0.E0));
#3333=AXIS2_PLACEMENT_3D('',#3330,#3331,#3332);
#3334=PLANE('',#3333);
#3335=ORIENTED_EDGE('',*,*,#3317,.F.);
#3336=ORIENTED_EDGE('',*,*,#3288,.F.);
#3338=ORIENTED_EDGE('',*,*,#3337,.T.);
#3340=ORIENTED_EDGE('',*,*,#3339,.T.);
#3341=EDGE_LOOP('',(#3335,#3336,#3338,#3340));
#3342=FACE_OUTER_BOUND('',#3341,.F.);
#3343=ADVANCED_FACE('',(#3342),#3334,.T.);
#3344=CARTESIAN_POINT('',(-6.325E0,-3.97E0,1.78E0));
#3345=DIRECTION('',(0.E0,0.E0,1.E0));
#3346=DIRECTION('',(0.E0,1.E0,0.E0));
#3347=AXIS2_PLACEMENT_3D('',#3344,#3345,#3346);
#3348=PLANE('',#3347);
#3350=ORIENTED_EDGE('',*,*,#3349,.T.);
#3352=ORIENTED_EDGE('',*,*,#3351,.T.);
#3354=ORIENTED_EDGE('',*,*,#3353,.F.);
#3355=ORIENTED_EDGE('',*,*,#3300,.F.);
#3356=EDGE_LOOP('',(#3350,#3352,#3354,#3355));
#3357=FACE_OUTER_BOUND('',#3356,.F.);
#3358=ADVANCED_FACE('',(#3357),#3348,.T.);
#3359=CARTESIAN_POINT('',(-5.375E0,-3.46E0,4.95E0));
#3360=DIRECTION('',(4.657464328326E-1,8.849182223820E-1,0.E0));
#3361=DIRECTION('',(-8.849182223820E-1,4.657464328326E-1,0.E0));
#3362=AXIS2_PLACEMENT_3D('',#3359,#3360,#3361);
#3363=PLANE('',#3362);
#3365=ORIENTED_EDGE('',*,*,#3364,.T.);
#3367=ORIENTED_EDGE('',*,*,#3366,.T.);
#3369=ORIENTED_EDGE('',*,*,#3368,.F.);
#3370=ORIENTED_EDGE('',*,*,#3337,.F.);
#3371=ORIENTED_EDGE('',*,*,#3286,.F.);
#3373=ORIENTED_EDGE('',*,*,#3372,.T.);
#3374=EDGE_LOOP('',(#3365,#3367,#3369,#3370,#3371,#3373));
#3375=FACE_OUTER_BOUND('',#3374,.F.);
#3376=ADVANCED_FACE('',(#3375),#3363,.F.);
#3377=CARTESIAN_POINT('',(-6.325E0,-3.46E0,4.95E0));
#3378=DIRECTION('',(0.E0,-1.E0,0.E0));
#3379=DIRECTION('',(0.E0,0.E0,-1.E0));
#3380=AXIS2_PLACEMENT_3D('',#3377,#3378,#3379);
#3381=PLANE('',#3380);
#3383=ORIENTED_EDGE('',*,*,#3382,.F.);
#3385=ORIENTED_EDGE('',*,*,#3384,.T.);
#3387=ORIENTED_EDGE('',*,*,#3386,.F.);
#3388=ORIENTED_EDGE('',*,*,#3364,.F.);
#3390=ORIENTED_EDGE('',*,*,#3389,.F.);
#3392=ORIENTED_EDGE('',*,*,#3391,.T.);
#3394=ORIENTED_EDGE('',*,*,#3393,.F.);
#3396=ORIENTED_EDGE('',*,*,#3395,.T.);
#3398=ORIENTED_EDGE('',*,*,#3397,.T.);
#3400=ORIENTED_EDGE('',*,*,#3399,.T.);
#3402=ORIENTED_EDGE('',*,*,#3401,.T.);
#3404=ORIENTED_EDGE('',*,*,#3403,.F.);
#3406=ORIENTED_EDGE('',*,*,#3405,.F.);
#3408=ORIENTED_EDGE('',*,*,#3407,.T.);
#3410=ORIENTED_EDGE('',*,*,#3409,.T.);
#3412=ORIENTED_EDGE('',*,*,#3411,.F.);
#3414=ORIENTED_EDGE('',*,*,#3413,.F.);
#3416=ORIENTED_EDGE('',*,*,#3415,.T.);
#3418=ORIENTED_EDGE('',*,*,#3417,.T.);
#3420=ORIENTED_EDGE('',*,*,#3419,.F.);
#3421=EDGE_LOOP('',(#3383,#3385,#3387,#3388,#3390,#3392,#3394,#3396,#3398,#3400,
#3402,#3404,#3406,#3408,#3410,#3412,#3414,#3416,#3418,#3420));
#3422=FACE_OUTER_BOUND('',#3421,.F.);
#3424=ORIENTED_EDGE('',*,*,#3423,.F.);
#3426=ORIENTED_EDGE('',*,*,#3425,.F.);
#3428=ORIENTED_EDGE('',*,*,#3427,.T.);
#3430=ORIENTED_EDGE('',*,*,#3429,.T.);
#3431=EDGE_LOOP('',(#3424,#3426,#3428,#3430));
#3432=FACE_BOUND('',#3431,.F.);
#3434=ORIENTED_EDGE('',*,*,#3433,.F.);
#3436=ORIENTED_EDGE('',*,*,#3435,.F.);
#3438=ORIENTED_EDGE('',*,*,#3437,.T.);
#3440=ORIENTED_EDGE('',*,*,#3439,.T.);
#3441=EDGE_LOOP('',(#3434,#3436,#3438,#3440));
#3442=FACE_BOUND('',#3441,.F.);
#3443=ADVANCED_FACE('',(#3422,#3432,#3442),#3381,.T.);
#3444=CARTESIAN_POINT('',(6.325E0,2.47E0,3.55E0));
#3445=DIRECTION('',(0.E0,0.E0,1.E0));
#3446=DIRECTION('',(1.E0,0.E0,0.E0));
#3447=AXIS2_PLACEMENT_3D('',#3444,#3445,#3446);
#3448=PLANE('',#3447);
#3449=ORIENTED_EDGE('',*,*,#3433,.T.);
#3451=ORIENTED_EDGE('',*,*,#3450,.F.);
#3453=ORIENTED_EDGE('',*,*,#3452,.F.);
#3455=ORIENTED_EDGE('',*,*,#3454,.F.);
#3456=EDGE_LOOP('',(#3449,#3451,#3453,#3455));
#3457=FACE_OUTER_BOUND('',#3456,.F.);
#3458=ADVANCED_FACE('',(#3457),#3448,.T.);
#3459=CARTESIAN_POINT('',(6.325E0,2.47E0,3.55E0));
#3460=DIRECTION('',(0.E0,0.E0,1.E0));
#3461=DIRECTION('',(1.E0,0.E0,0.E0));
#3462=AXIS2_PLACEMENT_3D('',#3459,#3460,#3461);
#3463=PLANE('',#3462);
#3464=ORIENTED_EDGE('',*,*,#3423,.T.);
#3466=ORIENTED_EDGE('',*,*,#3465,.F.);
#3468=ORIENTED_EDGE('',*,*,#3467,.F.);
#3470=ORIENTED_EDGE('',*,*,#3469,.F.);
#3471=EDGE_LOOP('',(#3464,#3466,#3468,#3470));
#3472=FACE_OUTER_BOUND('',#3471,.F.);
#3473=ADVANCED_FACE('',(#3472),#3463,.T.);
#3474=CARTESIAN_POINT('',(-4.75E-1,-3.97E0,3.55E0));
#3475=DIRECTION('',(1.E0,0.E0,0.E0));
#3476=DIRECTION('',(0.E0,1.E0,0.E0));
#3477=AXIS2_PLACEMENT_3D('',#3474,#3475,#3476);
#3478=PLANE('',#3477);
#3479=ORIENTED_EDGE('',*,*,#3439,.F.);
#3481=ORIENTED_EDGE('',*,*,#3480,.F.);
#3483=ORIENTED_EDGE('',*,*,#3482,.F.);
#3484=ORIENTED_EDGE('',*,*,#3450,.T.);
#3485=EDGE_LOOP('',(#3479,#3481,#3483,#3484));
#3486=FACE_OUTER_BOUND('',#3485,.F.);
#3487=ADVANCED_FACE('',(#3486),#3478,.T.);
#3488=CARTESIAN_POINT('',(-6.325E0,-3.46E0,-2.96E0));
#3489=DIRECTION('',(0.E0,0.E0,1.E0));
#3490=DIRECTION('',(0.E0,-1.E0,0.E0));
#3491=AXIS2_PLACEMENT_3D('',#3488,#3489,#3490);
#3492=PLANE('',#3491);
#3493=ORIENTED_EDGE('',*,*,#3437,.F.);
#3495=ORIENTED_EDGE('',*,*,#3494,.T.);
#3497=ORIENTED_EDGE('',*,*,#3496,.T.);
#3498=ORIENTED_EDGE('',*,*,#3480,.T.);
#3499=EDGE_LOOP('',(#3493,#3495,#3497,#3498));
#3500=FACE_OUTER_BOUND('',#3499,.F.);
#3501=ADVANCED_FACE('',(#3500),#3492,.F.);
#3502=CARTESIAN_POINT('',(-6.325E0,-3.46E0,-2.96E0));
#3503=DIRECTION('',(0.E0,0.E0,1.E0));
#3504=DIRECTION('',(0.E0,-1.E0,0.E0));
#3505=AXIS2_PLACEMENT_3D('',#3502,#3503,#3504);
#3506=PLANE('',#3505);
#3507=ORIENTED_EDGE('',*,*,#3427,.F.);
#3509=ORIENTED_EDGE('',*,*,#3508,.T.);
#3511=ORIENTED_EDGE('',*,*,#3510,.T.);
#3513=ORIENTED_EDGE('',*,*,#3512,.T.);
#3514=EDGE_LOOP('',(#3507,#3509,#3511,#3513));
#3515=FACE_OUTER_BOUND('',#3514,.F.);
#3516=ADVANCED_FACE('',(#3515),#3506,.F.);
#3517=CARTESIAN_POINT('',(-1.475E0,-3.46E0,3.55E0));
#3518=DIRECTION('',(-1.E0,0.E0,0.E0));
#3519=DIRECTION('',(0.E0,-1.E0,0.E0));
#3520=AXIS2_PLACEMENT_3D('',#3517,#3518,#3519);
#3521=PLANE('',#3520);
#3522=ORIENTED_EDGE('',*,*,#3435,.T.);
#3523=ORIENTED_EDGE('',*,*,#3454,.T.);
#3525=ORIENTED_EDGE('',*,*,#3524,.T.);
#3526=ORIENTED_EDGE('',*,*,#3494,.F.);
#3527=EDGE_LOOP('',(#3522,#3523,#3525,#3526));
#3528=FACE_OUTER_BOUND('',#3527,.F.);
#3529=ADVANCED_FACE('',(#3528),#3521,.T.);
#3530=CARTESIAN_POINT('',(-1.475E0,-3.97E0,3.55E0));
#3531=DIRECTION('',(0.E0,-1.E0,0.E0));
#3532=DIRECTION('',(1.E0,0.E0,0.E0));
#3533=AXIS2_PLACEMENT_3D('',#3530,#3531,#3532);
#3534=PLANE('',#3533);
#3535=ORIENTED_EDGE('',*,*,#3452,.T.);
#3536=ORIENTED_EDGE('',*,*,#3482,.T.);
#3537=ORIENTED_EDGE('',*,*,#3496,.F.);
#3538=ORIENTED_EDGE('',*,*,#3524,.F.);
#3539=EDGE_LOOP('',(#3535,#3536,#3537,#3538));
#3540=FACE_OUTER_BOUND('',#3539,.F.);
#3541=ADVANCED_FACE('',(#3540),#3534,.T.);
#3542=CARTESIAN_POINT('',(4.75E-1,-3.46E0,3.55E0));
#3543=DIRECTION('',(-1.E0,0.E0,0.E0));
#3544=DIRECTION('',(0.E0,-1.E0,0.E0));
#3545=AXIS2_PLACEMENT_3D('',#3542,#3543,#3544);
#3546=PLANE('',#3545);
#3547=ORIENTED_EDGE('',*,*,#3425,.T.);
#3548=ORIENTED_EDGE('',*,*,#3469,.T.);
#3550=ORIENTED_EDGE('',*,*,#3549,.T.);
#3551=ORIENTED_EDGE('',*,*,#3508,.F.);
#3552=EDGE_LOOP('',(#3547,#3548,#3550,#3551));
#3553=FACE_OUTER_BOUND('',#3552,.F.);
#3554=ADVANCED_FACE('',(#3553),#3546,.T.);
#3555=CARTESIAN_POINT('',(4.75E-1,-3.97E0,3.55E0));
#3556=DIRECTION('',(0.E0,-1.E0,0.E0));
#3557=DIRECTION('',(1.E0,0.E0,0.E0));
#3558=AXIS2_PLACEMENT_3D('',#3555,#3556,#3557);
#3559=PLANE('',#3558);
#3560=ORIENTED_EDGE('',*,*,#3467,.T.);
#3562=ORIENTED_EDGE('',*,*,#3561,.T.);
#3563=ORIENTED_EDGE('',*,*,#3510,.F.);
#3564=ORIENTED_EDGE('',*,*,#3549,.F.);
#3565=EDGE_LOOP('',(#3560,#3562,#3563,#3564));
#3566=FACE_OUTER_BOUND('',#3565,.F.);
#3567=ADVANCED_FACE('',(#3566),#3559,.T.);
#3568=CARTESIAN_POINT('',(1.475E0,-3.97E0,3.55E0));
#3569=DIRECTION('',(1.E0,0.E0,0.E0));
#3570=DIRECTION('',(0.E0,1.E0,0.E0));
#3571=AXIS2_PLACEMENT_3D('',#3568,#3569,#3570);
#3572=PLANE('',#3571);
#3573=ORIENTED_EDGE('',*,*,#3429,.F.);
#3574=ORIENTED_EDGE('',*,*,#3512,.F.);
#3575=ORIENTED_EDGE('',*,*,#3561,.F.);
#3576=ORIENTED_EDGE('',*,*,#3465,.T.);
#3577=EDGE_LOOP('',(#3573,#3574,#3575,#3576));
#3578=FACE_OUTER_BOUND('',#3577,.F.);
#3579=ADVANCED_FACE('',(#3578),#3572,.T.);
#3580=CARTESIAN_POINT('',(-3.32E0,3.4E0,-4.96E0));
#3581=DIRECTION('',(-1.E0,0.E0,0.E0));
#3582=DIRECTION('',(0.E0,0.E0,1.E0));
#3583=AXIS2_PLACEMENT_3D('',#3580,#3581,#3582);
#3584=PLANE('',#3583);
#3586=ORIENTED_EDGE('',*,*,#3585,.F.);
#3588=ORIENTED_EDGE('',*,*,#3587,.F.);
#3590=ORIENTED_EDGE('',*,*,#3589,.T.);
#3591=ORIENTED_EDGE('',*,*,#3382,.T.);
#3593=ORIENTED_EDGE('',*,*,#3592,.F.);
#3595=ORIENTED_EDGE('',*,*,#3594,.F.);
#3596=EDGE_LOOP('',(#3586,#3588,#3590,#3591,#3593,#3595));
#3597=FACE_OUTER_BOUND('',#3596,.F.);
#3598=ADVANCED_FACE('',(#3597),#3584,.F.);
#3599=CARTESIAN_POINT('',(-3.32E0,3.4E0,-4.96E0));
#3600=DIRECTION('',(-1.E0,0.E0,0.E0));
#3601=DIRECTION('',(0.E0,0.E0,1.E0));
#3602=AXIS2_PLACEMENT_3D('',#3599,#3600,#3601);
#3603=PLANE('',#3602);
#3605=ORIENTED_EDGE('',*,*,#3604,.F.);
#3607=ORIENTED_EDGE('',*,*,#3606,.T.);
#3609=ORIENTED_EDGE('',*,*,#3608,.F.);
#3611=ORIENTED_EDGE('',*,*,#3610,.F.);
#3612=EDGE_LOOP('',(#3605,#3607,#3609,#3611));
#3613=FACE_OUTER_BOUND('',#3612,.F.);
#3614=ADVANCED_FACE('',(#3613),#3603,.F.);
#3615=CARTESIAN_POINT('',(-3.32E0,3.4E0,-4.96E0));
#3616=DIRECTION('',(-1.E0,0.E0,0.E0));
#3617=DIRECTION('',(0.E0,0.E0,1.E0));
#3618=AXIS2_PLACEMENT_3D('',#3615,#3616,#3617);
#3619=PLANE('',#3618);
#3621=ORIENTED_EDGE('',*,*,#3620,.T.);
#3623=ORIENTED_EDGE('',*,*,#3622,.F.);
#3625=ORIENTED_EDGE('',*,*,#3624,.F.);
#3627=ORIENTED_EDGE('',*,*,#3626,.F.);
#3628=EDGE_LOOP('',(#3621,#3623,#3625,#3627));
#3629=FACE_OUTER_BOUND('',#3628,.F.);
#3630=ADVANCED_FACE('',(#3629),#3619,.F.);
#3631=CARTESIAN_POINT('',(-6.325E0,-2.5E0,-4.235E0));
#3632=DIRECTION('',(0.E0,0.E0,-1.E0));
#3633=DIRECTION('',(0.E0,1.E0,0.E0));
#3634=AXIS2_PLACEMENT_3D('',#3631,#3632,#3633);
#3635=PLANE('',#3634);
#3637=ORIENTED_EDGE('',*,*,#3636,.F.);
#3639=ORIENTED_EDGE('',*,*,#3638,.F.);
#3641=ORIENTED_EDGE('',*,*,#3640,.F.);
#3643=ORIENTED_EDGE('',*,*,#3642,.F.);
#3645=ORIENTED_EDGE('',*,*,#3644,.T.);
#3647=ORIENTED_EDGE('',*,*,#3646,.T.);
#3649=ORIENTED_EDGE('',*,*,#3648,.T.);
#3651=ORIENTED_EDGE('',*,*,#3650,.F.);
#3653=ORIENTED_EDGE('',*,*,#3652,.T.);
#3655=ORIENTED_EDGE('',*,*,#3654,.T.);
#3657=ORIENTED_EDGE('',*,*,#3656,.F.);
#3658=EDGE_LOOP('',(#3637,#3639,#3641,#3643,#3645,#3647,#3649,#3651,#3653,#3655,
#3657));
#3659=FACE_OUTER_BOUND('',#3658,.F.);
#3660=ADVANCED_FACE('',(#3659),#3635,.T.);
#3661=CARTESIAN_POINT('',(-6.325E0,-2.5E0,-4.235E0));
#3662=DIRECTION('',(0.E0,0.E0,-1.E0));
#3663=DIRECTION('',(0.E0,1.E0,0.E0));
#3664=AXIS2_PLACEMENT_3D('',#3661,#3662,#3663);
#3665=PLANE('',#3664);
#3667=ORIENTED_EDGE('',*,*,#3666,.F.);
#3669=ORIENTED_EDGE('',*,*,#3668,.F.);
#3671=ORIENTED_EDGE('',*,*,#3670,.F.);
#3673=ORIENTED_EDGE('',*,*,#3672,.F.);
#3675=ORIENTED_EDGE('',*,*,#3674,.T.);
#3677=ORIENTED_EDGE('',*,*,#3676,.T.);
#3679=ORIENTED_EDGE('',*,*,#3678,.T.);
#3681=ORIENTED_EDGE('',*,*,#3680,.T.);
#3683=ORIENTED_EDGE('',*,*,#3682,.T.);
#3685=ORIENTED_EDGE('',*,*,#3684,.F.);
#3686=EDGE_LOOP('',(#3667,#3669,#3671,#3673,#3675,#3677,#3679,#3681,#3683,
#3685));
#3687=FACE_OUTER_BOUND('',#3686,.F.);
#3688=ADVANCED_FACE('',(#3687),#3665,.T.);
#3689=CARTESIAN_POINT('',(-6.325E0,-2.5E0,-4.235E0));
#3690=DIRECTION('',(0.E0,0.E0,-1.E0));
#3691=DIRECTION('',(0.E0,1.E0,0.E0));
#3692=AXIS2_PLACEMENT_3D('',#3689,#3690,#3691);
#3693=PLANE('',#3692);
#3695=ORIENTED_EDGE('',*,*,#3694,.T.);
#3697=ORIENTED_EDGE('',*,*,#3696,.T.);
#3699=ORIENTED_EDGE('',*,*,#3698,.T.);
#3701=ORIENTED_EDGE('',*,*,#3700,.F.);
#3703=ORIENTED_EDGE('',*,*,#3702,.F.);
#3705=ORIENTED_EDGE('',*,*,#3704,.T.);
#3707=ORIENTED_EDGE('',*,*,#3706,.F.);
#3708=ORIENTED_EDGE('',*,*,#3585,.T.);
#3710=ORIENTED_EDGE('',*,*,#3709,.T.);
#3711=ORIENTED_EDGE('',*,*,#3604,.T.);
#3713=ORIENTED_EDGE('',*,*,#3712,.T.);
#3714=EDGE_LOOP('',(#3695,#3697,#3699,#3701,#3703,#3705,#3707,#3708,#3710,#3711,
#3713));
#3715=FACE_OUTER_BOUND('',#3714,.F.);
#3716=ADVANCED_FACE('',(#3715),#3693,.T.);
#3717=CARTESIAN_POINT('',(-6.325E0,-2.5E0,-4.235E0));
#3718=DIRECTION('',(0.E0,0.E0,-1.E0));
#3719=DIRECTION('',(0.E0,1.E0,0.E0));
#3720=AXIS2_PLACEMENT_3D('',#3717,#3718,#3719);
#3721=PLANE('',#3720);
#3723=ORIENTED_EDGE('',*,*,#3722,.F.);
#3725=ORIENTED_EDGE('',*,*,#3724,.F.);
#3727=ORIENTED_EDGE('',*,*,#3726,.F.);
#3729=ORIENTED_EDGE('',*,*,#3728,.F.);
#3731=ORIENTED_EDGE('',*,*,#3730,.T.);
#3733=ORIENTED_EDGE('',*,*,#3732,.T.);
#3735=ORIENTED_EDGE('',*,*,#3734,.T.);
#3737=ORIENTED_EDGE('',*,*,#3736,.T.);
#3739=ORIENTED_EDGE('',*,*,#3738,.T.);
#3741=ORIENTED_EDGE('',*,*,#3740,.F.);
#3742=EDGE_LOOP('',(#3723,#3725,#3727,#3729,#3731,#3733,#3735,#3737,#3739,
#3741));
#3743=FACE_OUTER_BOUND('',#3742,.F.);
#3744=ADVANCED_FACE('',(#3743),#3721,.T.);
#3745=CARTESIAN_POINT('',(3.32E0,3.4E0,-3.96E0));
#3746=DIRECTION('',(1.E0,0.E0,0.E0));
#3747=DIRECTION('',(0.E0,0.E0,-1.E0));
#3748=AXIS2_PLACEMENT_3D('',#3745,#3746,#3747);
#3749=PLANE('',#3748);
#3750=ORIENTED_EDGE('',*,*,#3640,.T.);
#3752=ORIENTED_EDGE('',*,*,#3751,.F.);
#3754=ORIENTED_EDGE('',*,*,#3753,.T.);
#3755=ORIENTED_EDGE('',*,*,#3401,.F.);
#3757=ORIENTED_EDGE('',*,*,#3756,.F.);
#3759=ORIENTED_EDGE('',*,*,#3758,.T.);
#3760=EDGE_LOOP('',(#3750,#3752,#3754,#3755,#3757,#3759));
#3761=FACE_OUTER_BOUND('',#3760,.F.);
#3762=ADVANCED_FACE('',(#3761),#3749,.F.);
#3763=CARTESIAN_POINT('',(3.32E0,3.4E0,-3.96E0));
#3764=DIRECTION('',(1.E0,0.E0,0.E0));
#3765=DIRECTION('',(0.E0,0.E0,-1.E0));
#3766=AXIS2_PLACEMENT_3D('',#3763,#3764,#3765);
#3767=PLANE('',#3766);
#3768=ORIENTED_EDGE('',*,*,#3636,.T.);
#3770=ORIENTED_EDGE('',*,*,#3769,.F.);
#3772=ORIENTED_EDGE('',*,*,#3771,.T.);
#3774=ORIENTED_EDGE('',*,*,#3773,.T.);
#3775=EDGE_LOOP('',(#3768,#3770,#3772,#3774));
#3776=FACE_OUTER_BOUND('',#3775,.F.);
#3777=ADVANCED_FACE('',(#3776),#3767,.F.);
#3778=CARTESIAN_POINT('',(3.32E0,3.4E0,-3.96E0));
#3779=DIRECTION('',(1.E0,0.E0,0.E0));
#3780=DIRECTION('',(0.E0,0.E0,-1.E0));
#3781=AXIS2_PLACEMENT_3D('',#3778,#3779,#3780);
#3782=PLANE('',#3781);
#3784=ORIENTED_EDGE('',*,*,#3783,.T.);
#3786=ORIENTED_EDGE('',*,*,#3785,.T.);
#3788=ORIENTED_EDGE('',*,*,#3787,.T.);
#3790=ORIENTED_EDGE('',*,*,#3789,.T.);
#3791=EDGE_LOOP('',(#3784,#3786,#3788,#3790));
#3792=FACE_OUTER_BOUND('',#3791,.F.);
#3793=ADVANCED_FACE('',(#3792),#3782,.F.);
#3794=CARTESIAN_POINT('',(2.68E0,-1.82E0,-3.96E0));
#3795=DIRECTION('',(0.E0,-1.E0,0.E0));
#3796=DIRECTION('',(0.E0,0.E0,-1.E0));
#3797=AXIS2_PLACEMENT_3D('',#3794,#3795,#3796);
#3798=PLANE('',#3797);
#3800=ORIENTED_EDGE('',*,*,#3799,.F.);
#3802=ORIENTED_EDGE('',*,*,#3801,.T.);
#3804=ORIENTED_EDGE('',*,*,#3803,.T.);
#3805=ORIENTED_EDGE('',*,*,#3751,.T.);
#3807=ORIENTED_EDGE('',*,*,#3806,.T.);
#3809=ORIENTED_EDGE('',*,*,#3808,.F.);
#3810=EDGE_LOOP('',(#3800,#3802,#3804,#3805,#3807,#3809));
#3811=FACE_OUTER_BOUND('',#3810,.F.);
#3812=ADVANCED_FACE('',(#3811),#3798,.T.);
#3813=CARTESIAN_POINT('',(2.68E0,0.E0,0.E0));
#3814=DIRECTION('',(1.E0,0.E0,0.E0));
#3815=DIRECTION('',(0.E0,0.E0,-1.E0));
#3816=AXIS2_PLACEMENT_3D('',#3813,#3814,#3815);
#3817=PLANE('',#3816);
#3819=ORIENTED_EDGE('',*,*,#3818,.T.);
#3821=ORIENTED_EDGE('',*,*,#3820,.T.);
#3823=ORIENTED_EDGE('',*,*,#3822,.T.);
#3825=ORIENTED_EDGE('',*,*,#3824,.T.);
#3827=ORIENTED_EDGE('',*,*,#3826,.T.);
#3829=ORIENTED_EDGE('',*,*,#3828,.F.);
#3831=ORIENTED_EDGE('',*,*,#3830,.F.);
#3832=ORIENTED_EDGE('',*,*,#3680,.F.);
#3833=EDGE_LOOP('',(#3819,#3821,#3823,#3825,#3827,#3829,#3831,#3832));
#3834=FACE_OUTER_BOUND('',#3833,.F.);
#3835=ADVANCED_FACE('',(#3834),#3817,.F.);
#3836=CARTESIAN_POINT('',(2.68E0,0.E0,0.E0));
#3837=DIRECTION('',(1.E0,0.E0,0.E0));
#3838=DIRECTION('',(0.E0,0.E0,-1.E0));
#3839=AXIS2_PLACEMENT_3D('',#3836,#3837,#3838);
#3840=PLANE('',#3839);
#3842=ORIENTED_EDGE('',*,*,#3841,.T.);
#3843=ORIENTED_EDGE('',*,*,#3676,.F.);
#3844=ORIENTED_EDGE('',*,*,#3799,.T.);
#3846=ORIENTED_EDGE('',*,*,#3845,.T.);
#3848=ORIENTED_EDGE('',*,*,#3847,.T.);
#3850=ORIENTED_EDGE('',*,*,#3849,.T.);
#3851=EDGE_LOOP('',(#3842,#3843,#3844,#3846,#3848,#3850));
#3852=FACE_OUTER_BOUND('',#3851,.F.);
#3853=ADVANCED_FACE('',(#3852),#3840,.F.);
#3854=CARTESIAN_POINT('',(2.68E0,1.18E0,-3.96E0));
#3855=DIRECTION('',(0.E0,-1.E0,0.E0));
#3856=DIRECTION('',(0.E0,0.E0,-1.E0));
#3857=AXIS2_PLACEMENT_3D('',#3854,#3855,#3856);
#3858=PLANE('',#3857);
#3859=ORIENTED_EDGE('',*,*,#3818,.F.);
#3861=ORIENTED_EDGE('',*,*,#3860,.T.);
#3863=ORIENTED_EDGE('',*,*,#3862,.T.);
#3864=ORIENTED_EDGE('',*,*,#3769,.T.);
#3866=ORIENTED_EDGE('',*,*,#3865,.T.);
#3868=ORIENTED_EDGE('',*,*,#3867,.F.);
#3869=EDGE_LOOP('',(#3859,#3861,#3863,#3864,#3866,#3868));
#3870=FACE_OUTER_BOUND('',#3869,.F.);
#3871=ADVANCED_FACE('',(#3870),#3858,.T.);
#3872=CARTESIAN_POINT('',(2.68E0,3.4E0,-4.96E0));
#3873=DIRECTION('',(-1.E0,0.E0,0.E0));
#3874=DIRECTION('',(0.E0,0.E0,1.E0));
#3875=AXIS2_PLACEMENT_3D('',#3872,#3873,#3874);
#3876=PLANE('',#3875);
#3877=ORIENTED_EDGE('',*,*,#3674,.F.);
#3879=ORIENTED_EDGE('',*,*,#3878,.F.);
#3881=ORIENTED_EDGE('',*,*,#3880,.T.);
#3882=ORIENTED_EDGE('',*,*,#3405,.T.);
#3884=ORIENTED_EDGE('',*,*,#3883,.F.);
#3885=ORIENTED_EDGE('',*,*,#3801,.F.);
#3886=EDGE_LOOP('',(#3877,#3879,#3881,#3882,#3884,#3885));
#3887=FACE_OUTER_BOUND('',#3886,.F.);
#3888=ADVANCED_FACE('',(#3887),#3876,.F.);
#3889=CARTESIAN_POINT('',(2.68E0,3.4E0,-4.96E0));
#3890=DIRECTION('',(-1.E0,0.E0,0.E0));
#3891=DIRECTION('',(0.E0,0.E0,1.E0));
#3892=AXIS2_PLACEMENT_3D('',#3889,#3890,#3891);
#3893=PLANE('',#3892);
#3894=ORIENTED_EDGE('',*,*,#3678,.F.);
#3896=ORIENTED_EDGE('',*,*,#3895,.T.);
#3898=ORIENTED_EDGE('',*,*,#3897,.F.);
#3899=ORIENTED_EDGE('',*,*,#3860,.F.);
#3900=EDGE_LOOP('',(#3894,#3896,#3898,#3899));
#3901=FACE_OUTER_BOUND('',#3900,.F.);
#3902=ADVANCED_FACE('',(#3901),#3893,.F.);
#3903=CARTESIAN_POINT('',(2.68E0,3.4E0,-4.96E0));
#3904=DIRECTION('',(-1.E0,0.E0,0.E0));
#3905=DIRECTION('',(0.E0,0.E0,1.E0));
#3906=AXIS2_PLACEMENT_3D('',#3903,#3904,#3905);
#3907=PLANE('',#3906);
#3909=ORIENTED_EDGE('',*,*,#3908,.T.);
#3911=ORIENTED_EDGE('',*,*,#3910,.F.);
#3913=ORIENTED_EDGE('',*,*,#3912,.F.);
#3915=ORIENTED_EDGE('',*,*,#3914,.F.);
#3916=EDGE_LOOP('',(#3909,#3911,#3913,#3915));
#3917=FACE_OUTER_BOUND('',#3916,.F.);
#3918=ADVANCED_FACE('',(#3917),#3907,.F.);
#3919=CARTESIAN_POINT('',(-6.325E0,-2.5E0,-4.96E0));
#3920=DIRECTION('',(0.E0,1.E0,0.E0));
#3921=DIRECTION('',(0.E0,0.E0,1.E0));
#3922=AXIS2_PLACEMENT_3D('',#3919,#3920,#3921);
#3923=PLANE('',#3922);
#3924=ORIENTED_EDGE('',*,*,#3758,.F.);
#3926=ORIENTED_EDGE('',*,*,#3925,.F.);
#3928=ORIENTED_EDGE('',*,*,#3927,.T.);
#3929=ORIENTED_EDGE('',*,*,#3642,.T.);
#3930=EDGE_LOOP('',(#3924,#3926,#3928,#3929));
#3931=FACE_OUTER_BOUND('',#3930,.F.);
#3932=ADVANCED_FACE('',(#3931),#3923,.T.);
#3933=CARTESIAN_POINT('',(-6.325E0,-2.5E0,-4.96E0));
#3934=DIRECTION('',(0.E0,1.E0,0.E0));
#3935=DIRECTION('',(0.E0,0.E0,1.E0));
#3936=AXIS2_PLACEMENT_3D('',#3933,#3934,#3935);
#3937=PLANE('',#3936);
#3939=ORIENTED_EDGE('',*,*,#3938,.F.);
#3941=ORIENTED_EDGE('',*,*,#3940,.F.);
#3942=ORIENTED_EDGE('',*,*,#3878,.T.);
#3943=ORIENTED_EDGE('',*,*,#3672,.T.);
#3944=EDGE_LOOP('',(#3939,#3941,#3942,#3943));
#3945=FACE_OUTER_BOUND('',#3944,.F.);
#3946=ADVANCED_FACE('',(#3945),#3937,.T.);
#3947=CARTESIAN_POINT('',(-6.325E0,-2.5E0,-4.96E0));
#3948=DIRECTION('',(0.E0,1.E0,0.E0));
#3949=DIRECTION('',(0.E0,0.E0,1.E0));
#3950=AXIS2_PLACEMENT_3D('',#3947,#3948,#3949);
#3951=PLANE('',#3950);
#3952=ORIENTED_EDGE('',*,*,#3587,.T.);
#3953=ORIENTED_EDGE('',*,*,#3706,.T.);
#3955=ORIENTED_EDGE('',*,*,#3954,.T.);
#3957=ORIENTED_EDGE('',*,*,#3956,.F.);
#3958=EDGE_LOOP('',(#3952,#3953,#3955,#3957));
#3959=FACE_OUTER_BOUND('',#3958,.F.);
#3960=ADVANCED_FACE('',(#3959),#3951,.T.);
#3961=CARTESIAN_POINT('',(-6.325E0,-2.5E0,-4.96E0));
#3962=DIRECTION('',(0.E0,1.E0,0.E0));
#3963=DIRECTION('',(0.E0,0.E0,1.E0));
#3964=AXIS2_PLACEMENT_3D('',#3961,#3962,#3963);
#3965=PLANE('',#3964);
#3967=ORIENTED_EDGE('',*,*,#3966,.F.);
#3969=ORIENTED_EDGE('',*,*,#3968,.F.);
#3971=ORIENTED_EDGE('',*,*,#3970,.T.);
#3972=ORIENTED_EDGE('',*,*,#3728,.T.);
#3973=EDGE_LOOP('',(#3967,#3969,#3971,#3972));
#3974=FACE_OUTER_BOUND('',#3973,.F.);
#3975=ADVANCED_FACE('',(#3974),#3965,.T.);
#3976=CARTESIAN_POINT('',(-6.325E0,-3.97E0,-4.96E0));
#3977=DIRECTION('',(0.E0,0.E0,-1.E0));
#3978=DIRECTION('',(0.E0,1.E0,0.E0));
#3979=AXIS2_PLACEMENT_3D('',#3976,#3977,#3978);
#3980=PLANE('',#3979);
#3981=ORIENTED_EDGE('',*,*,#3756,.T.);
#3982=ORIENTED_EDGE('',*,*,#3399,.F.);
#3984=ORIENTED_EDGE('',*,*,#3983,.F.);
#3986=ORIENTED_EDGE('',*,*,#3985,.F.);
#3988=ORIENTED_EDGE('',*,*,#3987,.T.);
#3989=ORIENTED_EDGE('',*,*,#3925,.T.);
#3990=EDGE_LOOP('',(#3981,#3982,#3984,#3986,#3988,#3989));
#3991=FACE_OUTER_BOUND('',#3990,.F.);
#3992=ADVANCED_FACE('',(#3991),#3980,.T.);
#3993=CARTESIAN_POINT('',(-6.325E0,-3.97E0,-4.96E0));
#3994=DIRECTION('',(0.E0,0.E0,-1.E0));
#3995=DIRECTION('',(0.E0,1.E0,0.E0));
#3996=AXIS2_PLACEMENT_3D('',#3993,#3994,#3995);
#3997=PLANE('',#3996);
#3999=ORIENTED_EDGE('',*,*,#3998,.T.);
#4000=ORIENTED_EDGE('',*,*,#3407,.F.);
#4001=ORIENTED_EDGE('',*,*,#3880,.F.);
#4002=ORIENTED_EDGE('',*,*,#3940,.T.);
#4003=EDGE_LOOP('',(#3999,#4000,#4001,#4002));
#4004=FACE_OUTER_BOUND('',#4003,.F.);
#4005=ADVANCED_FACE('',(#4004),#3997,.T.);
#4006=CARTESIAN_POINT('',(-6.325E0,-3.97E0,-4.96E0));
#4007=DIRECTION('',(0.E0,0.E0,-1.E0));
#4008=DIRECTION('',(0.E0,1.E0,0.E0));
#4009=AXIS2_PLACEMENT_3D('',#4006,#4007,#4008);
#4010=PLANE('',#4009);
#4011=ORIENTED_EDGE('',*,*,#3589,.F.);
#4012=ORIENTED_EDGE('',*,*,#3956,.T.);
#4014=ORIENTED_EDGE('',*,*,#4013,.T.);
#4016=ORIENTED_EDGE('',*,*,#4015,.F.);
#4018=ORIENTED_EDGE('',*,*,#4017,.T.);
#4019=ORIENTED_EDGE('',*,*,#3384,.F.);
#4020=EDGE_LOOP('',(#4011,#4012,#4014,#4016,#4018,#4019));
#4021=FACE_OUTER_BOUND('',#4020,.F.);
#4022=ADVANCED_FACE('',(#4021),#4010,.T.);
#4023=CARTESIAN_POINT('',(-6.325E0,-3.97E0,-4.96E0));
#4024=DIRECTION('',(0.E0,0.E0,-1.E0));
#4025=DIRECTION('',(0.E0,1.E0,0.E0));
#4026=AXIS2_PLACEMENT_3D('',#4023,#4024,#4025);
#4027=PLANE('',#4026);
#4029=ORIENTED_EDGE('',*,*,#4028,.T.);
#4030=ORIENTED_EDGE('',*,*,#3415,.F.);
#4032=ORIENTED_EDGE('',*,*,#4031,.F.);
#4033=ORIENTED_EDGE('',*,*,#3968,.T.);
#4034=EDGE_LOOP('',(#4029,#4030,#4032,#4033));
#4035=FACE_OUTER_BOUND('',#4034,.F.);
#4036=ADVANCED_FACE('',(#4035),#4027,.T.);
#4037=CARTESIAN_POINT('',(5.375E0,-3.97E0,-2.96E0));
#4038=DIRECTION('',(1.E0,0.E0,0.E0));
#4039=DIRECTION('',(0.E0,1.E0,0.E0));
#4040=AXIS2_PLACEMENT_3D('',#4037,#4038,#4039);
#4041=PLANE('',#4040);
#4043=ORIENTED_EDGE('',*,*,#4042,.F.);
#4045=ORIENTED_EDGE('',*,*,#4044,.T.);
#4046=ORIENTED_EDGE('',*,*,#3983,.T.);
#4047=ORIENTED_EDGE('',*,*,#3397,.F.);
#4048=EDGE_LOOP('',(#4043,#4045,#4046,#4047));
#4049=FACE_OUTER_BOUND('',#4048,.F.);
#4050=ADVANCED_FACE('',(#4049),#4041,.F.);
#4051=CARTESIAN_POINT('',(-6.325E0,-3.46E0,-2.96E0));
#4052=DIRECTION('',(0.E0,0.E0,1.E0));
#4053=DIRECTION('',(0.E0,-1.E0,0.E0));
#4054=AXIS2_PLACEMENT_3D('',#4051,#4052,#4053);
#4055=PLANE('',#4054);
#4056=ORIENTED_EDGE('',*,*,#4042,.T.);
#4058=ORIENTED_EDGE('',*,*,#4057,.F.);
#4060=ORIENTED_EDGE('',*,*,#4059,.F.);
#4062=ORIENTED_EDGE('',*,*,#4061,.T.);
#4063=EDGE_LOOP('',(#4056,#4058,#4060,#4062));
#4064=FACE_OUTER_BOUND('',#4063,.F.);
#4065=ADVANCED_FACE('',(#4064),#4055,.T.);
#4066=CARTESIAN_POINT('',(-6.325E0,-3.46E0,-2.96E0));
#4067=DIRECTION('',(0.E0,0.E0,1.E0));
#4068=DIRECTION('',(0.E0,-1.E0,0.E0));
#4069=AXIS2_PLACEMENT_3D('',#4066,#4067,#4068);
#4070=PLANE('',#4069);
#4072=ORIENTED_EDGE('',*,*,#4071,.F.);
#4074=ORIENTED_EDGE('',*,*,#4073,.T.);
#4076=ORIENTED_EDGE('',*,*,#4075,.T.);
#4077=ORIENTED_EDGE('',*,*,#3366,.F.);
#4078=EDGE_LOOP('',(#4072,#4074,#4076,#4077));
#4079=FACE_OUTER_BOUND('',#4078,.F.);
#4080=ADVANCED_FACE('',(#4079),#4070,.T.);
#4081=CARTESIAN_POINT('',(6.705E0,-2.76E0,4.95E0));
#4082=DIRECTION('',(-4.657464328326E-1,8.849182223820E-1,0.E0));
#4083=DIRECTION('',(-8.849182223820E-1,-4.657464328326E-1,0.E0));
#4084=AXIS2_PLACEMENT_3D('',#4081,#4082,#4083);
#4085=PLANE('',#4084);
#4086=ORIENTED_EDGE('',*,*,#4057,.T.);
#4087=ORIENTED_EDGE('',*,*,#3395,.F.);
#4089=ORIENTED_EDGE('',*,*,#4088,.F.);
#4091=ORIENTED_EDGE('',*,*,#4090,.T.);
#4093=ORIENTED_EDGE('',*,*,#4092,.T.);
#4095=ORIENTED_EDGE('',*,*,#4094,.T.);
#4096=EDGE_LOOP('',(#4086,#4087,#4089,#4091,#4093,#4095));
#4097=FACE_OUTER_BOUND('',#4096,.F.);
#4098=ADVANCED_FACE('',(#4097),#4085,.F.);
#4099=CARTESIAN_POINT('',(6.325E0,3.4E0,3.55E0));
#4100=DIRECTION('',(-7.071067811865E-1,0.E0,-7.071067811865E-1));
#4101=DIRECTION('',(-7.071067811865E-1,0.E0,7.071067811865E-1));
#4102=AXIS2_PLACEMENT_3D('',#4099,#4100,#4101);
#4103=PLANE('',#4102);
#4105=ORIENTED_EDGE('',*,*,#4104,.T.);
#4107=ORIENTED_EDGE('',*,*,#4106,.F.);
#4109=ORIENTED_EDGE('',*,*,#4108,.F.);
#4111=ORIENTED_EDGE('',*,*,#4110,.T.);
#4112=EDGE_LOOP('',(#4105,#4107,#4109,#4111));
#4113=FACE_OUTER_BOUND('',#4112,.F.);
#4114=ADVANCED_FACE('',(#4113),#4103,.F.);
#4115=CARTESIAN_POINT('',(6.325E0,3.4E0,3.55E0));
#4116=DIRECTION('',(-7.071067811865E-1,0.E0,-7.071067811865E-1));
#4117=DIRECTION('',(-7.071067811865E-1,0.E0,7.071067811865E-1));
#4118=AXIS2_PLACEMENT_3D('',#4115,#4116,#4117);
#4119=PLANE('',#4118);
#4121=ORIENTED_EDGE('',*,*,#4120,.F.);
#4123=ORIENTED_EDGE('',*,*,#4122,.T.);
#4124=ORIENTED_EDGE('',*,*,#4088,.T.);
#4125=ORIENTED_EDGE('',*,*,#3393,.T.);
#4127=ORIENTED_EDGE('',*,*,#4126,.F.);
#4128=EDGE_LOOP('',(#4121,#4123,#4124,#4125,#4127));
#4129=FACE_OUTER_BOUND('',#4128,.F.);
#4130=ADVANCED_FACE('',(#4129),#4119,.F.);
#4131=CARTESIAN_POINT('',(0.E0,2.47E0,0.E0));
#4132=DIRECTION('',(0.E0,1.E0,0.E0));
#4133=DIRECTION('',(1.E0,0.E0,0.E0));
#4134=AXIS2_PLACEMENT_3D('',#4131,#4132,#4133);
#4135=PLANE('',#4134);
#4136=ORIENTED_EDGE('',*,*,#4104,.F.);
#4138=ORIENTED_EDGE('',*,*,#4137,.T.);
#4140=ORIENTED_EDGE('',*,*,#4139,.T.);
#4141=EDGE_LOOP('',(#4136,#4138,#4140));
#4142=FACE_OUTER_BOUND('',#4141,.F.);
#4143=ADVANCED_FACE('',(#4142),#4135,.F.);
#4144=CARTESIAN_POINT('',(0.E0,2.47E0,0.E0));
#4145=DIRECTION('',(0.E0,1.E0,0.E0));
#4146=DIRECTION('',(1.E0,0.E0,0.E0));
#4147=AXIS2_PLACEMENT_3D('',#4144,#4145,#4146);
#4148=PLANE('',#4147);
#4150=ORIENTED_EDGE('',*,*,#4149,.F.);
#4152=ORIENTED_EDGE('',*,*,#4151,.T.);
#4154=ORIENTED_EDGE('',*,*,#4153,.T.);
#4155=EDGE_LOOP('',(#4150,#4152,#4154));
#4156=FACE_OUTER_BOUND('',#4155,.F.);
#4157=ADVANCED_FACE('',(#4156),#4148,.F.);
#4158=CARTESIAN_POINT('',(6.325E0,2.47E0,3.55E0));
#4159=DIRECTION('',(0.E0,0.E0,-1.E0));
#4160=DIRECTION('',(-1.E0,0.E0,0.E0));
#4161=AXIS2_PLACEMENT_3D('',#4158,#4159,#4160);
#4162=PLANE('',#4161);
#4164=ORIENTED_EDGE('',*,*,#4163,.F.);
#4166=ORIENTED_EDGE('',*,*,#4165,.F.);
#4168=ORIENTED_EDGE('',*,*,#4167,.T.);
#4170=ORIENTED_EDGE('',*,*,#4169,.F.);
#4171=EDGE_LOOP('',(#4164,#4166,#4168,#4170));
#4172=FACE_OUTER_BOUND('',#4171,.F.);
#4173=ADVANCED_FACE('',(#4172),#4162,.F.);
#4174=CARTESIAN_POINT('',(6.325E0,2.47E0,3.55E0));
#4175=DIRECTION('',(0.E0,0.E0,-1.E0));
#4176=DIRECTION('',(-1.E0,0.E0,0.E0));
#4177=AXIS2_PLACEMENT_3D('',#4174,#4175,#4176);
#4178=PLANE('',#4177);
#4180=ORIENTED_EDGE('',*,*,#4179,.T.);
#4182=ORIENTED_EDGE('',*,*,#4181,.F.);
#4183=ORIENTED_EDGE('',*,*,#4137,.F.);
#4185=ORIENTED_EDGE('',*,*,#4184,.F.);
#4186=EDGE_LOOP('',(#4180,#4182,#4183,#4185));
#4187=FACE_OUTER_BOUND('',#4186,.F.);
#4188=ADVANCED_FACE('',(#4187),#4178,.F.);
#4189=CARTESIAN_POINT('',(6.825E0,-1.405E0,3.55E0));
#4190=DIRECTION('',(0.E0,-1.E0,0.E0));
#4191=DIRECTION('',(0.E0,0.E0,-1.E0));
#4192=AXIS2_PLACEMENT_3D('',#4189,#4190,#4191);
#4193=PLANE('',#4192);
#4195=ORIENTED_EDGE('',*,*,#4194,.F.);
#4196=ORIENTED_EDGE('',*,*,#4163,.T.);
#4198=ORIENTED_EDGE('',*,*,#4197,.T.);
#4200=ORIENTED_EDGE('',*,*,#4199,.F.);
#4202=ORIENTED_EDGE('',*,*,#4201,.F.);
#4204=ORIENTED_EDGE('',*,*,#4203,.F.);
#4205=EDGE_LOOP('',(#4195,#4196,#4198,#4200,#4202,#4204));
#4206=FACE_OUTER_BOUND('',#4205,.F.);
#4207=ADVANCED_FACE('',(#4206),#4193,.F.);
#4208=CARTESIAN_POINT('',(6.325E0,0.E0,0.E0));
#4209=DIRECTION('',(1.E0,0.E0,0.E0));
#4210=DIRECTION('',(0.E0,0.E0,-1.E0));
#4211=AXIS2_PLACEMENT_3D('',#4208,#4209,#4210);
#4212=PLANE('',#4211);
#4213=ORIENTED_EDGE('',*,*,#4194,.T.);
#4215=ORIENTED_EDGE('',*,*,#4214,.F.);
#4216=ORIENTED_EDGE('',*,*,#4090,.F.);
#4217=ORIENTED_EDGE('',*,*,#4122,.F.);
#4218=ORIENTED_EDGE('',*,*,#4165,.T.);
#4219=EDGE_LOOP('',(#4213,#4215,#4216,#4217,#4218));
#4220=FACE_OUTER_BOUND('',#4219,.F.);
#4222=ORIENTED_EDGE('',*,*,#4221,.T.);
#4224=ORIENTED_EDGE('',*,*,#4223,.T.);
#4226=ORIENTED_EDGE('',*,*,#4225,.T.);
#4228=ORIENTED_EDGE('',*,*,#4227,.T.);
#4230=ORIENTED_EDGE('',*,*,#4229,.T.);
#4232=ORIENTED_EDGE('',*,*,#4231,.T.);
#4234=ORIENTED_EDGE('',*,*,#4233,.T.);
#4235=EDGE_LOOP('',(#4222,#4224,#4226,#4228,#4230,#4232,#4234));
#4236=FACE_BOUND('',#4235,.F.);
#4237=ADVANCED_FACE('',(#4220,#4236),#4212,.T.);
#4238=CARTESIAN_POINT('',(6.325E0,0.E0,0.E0));
#4239=DIRECTION('',(1.E0,0.E0,0.E0));
#4240=DIRECTION('',(0.E0,0.E0,-1.E0));
#4241=AXIS2_PLACEMENT_3D('',#4238,#4239,#4240);
#4242=PLANE('',#4241);
#4244=ORIENTED_EDGE('',*,*,#4243,.F.);
#4245=ORIENTED_EDGE('',*,*,#4184,.T.);
#4246=ORIENTED_EDGE('',*,*,#4110,.F.);
#4248=ORIENTED_EDGE('',*,*,#4247,.F.);
#4250=ORIENTED_EDGE('',*,*,#4249,.F.);
#4251=EDGE_LOOP('',(#4244,#4245,#4246,#4248,#4250));
#4252=FACE_OUTER_BOUND('',#4251,.F.);
#4253=ADVANCED_FACE('',(#4252),#4242,.T.);
#4254=CARTESIAN_POINT('',(6.325E0,3.4E0,1.78E0));
#4255=DIRECTION('',(0.E0,0.E0,1.E0));
#4256=DIRECTION('',(0.E0,-1.E0,0.E0));
#4257=AXIS2_PLACEMENT_3D('',#4254,#4255,#4256);
#4258=PLANE('',#4257);
#4259=ORIENTED_EDGE('',*,*,#4203,.T.);
#4261=ORIENTED_EDGE('',*,*,#4260,.T.);
#4262=ORIENTED_EDGE('',*,*,#4092,.F.);
#4263=ORIENTED_EDGE('',*,*,#4214,.T.);
#4264=EDGE_LOOP('',(#4259,#4261,#4262,#4263));
#4265=FACE_OUTER_BOUND('',#4264,.F.);
#4266=ADVANCED_FACE('',(#4265),#4258,.T.);
#4267=CARTESIAN_POINT('',(6.325E0,3.4E0,1.78E0));
#4268=DIRECTION('',(0.E0,0.E0,1.E0));
#4269=DIRECTION('',(0.E0,-1.E0,0.E0));
#4270=AXIS2_PLACEMENT_3D('',#4267,#4268,#4269);
#4271=PLANE('',#4270);
#4273=ORIENTED_EDGE('',*,*,#4272,.F.);
#4274=ORIENTED_EDGE('',*,*,#4249,.T.);
#4276=ORIENTED_EDGE('',*,*,#4275,.T.);
#4278=ORIENTED_EDGE('',*,*,#4277,.T.);
#4279=EDGE_LOOP('',(#4273,#4274,#4276,#4278));
#4280=FACE_OUTER_BOUND('',#4279,.F.);
#4281=ADVANCED_FACE('',(#4280),#4271,.T.);
#4282=CARTESIAN_POINT('',(6.575E0,0.E0,0.E0));
#4283=DIRECTION('',(1.E0,0.E0,0.E0));
#4284=DIRECTION('',(0.E0,-1.E0,0.E0));
#4285=AXIS2_PLACEMENT_3D('',#4282,#4283,#4284);
#4286=PLANE('',#4285);
#4287=ORIENTED_EDGE('',*,*,#4201,.T.);
#4289=ORIENTED_EDGE('',*,*,#4288,.T.);
#4291=ORIENTED_EDGE('',*,*,#4290,.T.);
#4293=ORIENTED_EDGE('',*,*,#4292,.T.);
#4295=ORIENTED_EDGE('',*,*,#4294,.T.);
#4297=ORIENTED_EDGE('',*,*,#4296,.T.);
#4299=ORIENTED_EDGE('',*,*,#4298,.F.);
#4300=ORIENTED_EDGE('',*,*,#4277,.F.);
#4302=ORIENTED_EDGE('',*,*,#4301,.F.);
#4304=ORIENTED_EDGE('',*,*,#4303,.F.);
#4306=ORIENTED_EDGE('',*,*,#4305,.F.);
#4307=ORIENTED_EDGE('',*,*,#3652,.F.);
#4309=ORIENTED_EDGE('',*,*,#4308,.T.);
#4311=ORIENTED_EDGE('',*,*,#4310,.T.);
#4313=ORIENTED_EDGE('',*,*,#4312,.T.);
#4314=ORIENTED_EDGE('',*,*,#3644,.F.);
#4315=ORIENTED_EDGE('',*,*,#3927,.F.);
#4316=ORIENTED_EDGE('',*,*,#3987,.F.);
#4318=ORIENTED_EDGE('',*,*,#4317,.F.);
#4319=ORIENTED_EDGE('',*,*,#4059,.T.);
#4320=ORIENTED_EDGE('',*,*,#4094,.F.);
#4321=ORIENTED_EDGE('',*,*,#4260,.F.);
#4322=EDGE_LOOP('',(#4287,#4289,#4291,#4293,#4295,#4297,#4299,#4300,#4302,#4304,
#4306,#4307,#4309,#4311,#4313,#4314,#4315,#4316,#4318,#4319,#4320,#4321));
#4323=FACE_OUTER_BOUND('',#4322,.F.);
#4324=ADVANCED_FACE('',(#4323),#4286,.T.);
#4325=CARTESIAN_POINT('',(6.825E0,-1.405E0,5.E-2));
#4326=DIRECTION('',(0.E0,0.E0,-1.E0));
#4327=DIRECTION('',(0.E0,1.E0,0.E0));
#4328=AXIS2_PLACEMENT_3D('',#4325,#4326,#4327);
#4329=PLANE('',#4328);
#4330=ORIENTED_EDGE('',*,*,#4199,.T.);
#4332=ORIENTED_EDGE('',*,*,#4331,.T.);
#4334=ORIENTED_EDGE('',*,*,#4333,.F.);
#4335=ORIENTED_EDGE('',*,*,#4288,.F.);
#4336=EDGE_LOOP('',(#4330,#4332,#4334,#4335));
#4337=FACE_OUTER_BOUND('',#4336,.F.);
#4338=ADVANCED_FACE('',(#4337),#4329,.F.);
#4339=CARTESIAN_POINT('',(4.925E0,2.47E0,3.55E0));
#4340=DIRECTION('',(-1.E0,0.E0,0.E0));
#4341=DIRECTION('',(0.E0,0.E0,1.E0));
#4342=AXIS2_PLACEMENT_3D('',#4339,#4340,#4341);
#4343=PLANE('',#4342);
#4345=ORIENTED_EDGE('',*,*,#4344,.T.);
#4347=ORIENTED_EDGE('',*,*,#4346,.T.);
#4349=ORIENTED_EDGE('',*,*,#4348,.F.);
#4350=ORIENTED_EDGE('',*,*,#4331,.F.);
#4351=ORIENTED_EDGE('',*,*,#4197,.F.);
#4352=ORIENTED_EDGE('',*,*,#4169,.T.);
#4354=ORIENTED_EDGE('',*,*,#4353,.T.);
#4356=ORIENTED_EDGE('',*,*,#4355,.T.);
#4357=ORIENTED_EDGE('',*,*,#4139,.F.);
#4358=ORIENTED_EDGE('',*,*,#4181,.T.);
#4360=ORIENTED_EDGE('',*,*,#4359,.F.);
#4362=ORIENTED_EDGE('',*,*,#4361,.F.);
#4363=EDGE_LOOP('',(#4345,#4347,#4349,#4350,#4351,#4352,#4354,#4356,#4357,#4358,
#4360,#4362));
#4364=FACE_OUTER_BOUND('',#4363,.F.);
#4365=ADVANCED_FACE('',(#4364),#4343,.F.);
#4366=CARTESIAN_POINT('',(6.825E0,8.75E-1,-2.45E0));
#4367=DIRECTION('',(0.E0,1.E0,0.E0));
#4368=DIRECTION('',(0.E0,0.E0,1.E0));
#4369=AXIS2_PLACEMENT_3D('',#4366,#4367,#4368);
#4370=PLANE('',#4369);
#4372=ORIENTED_EDGE('',*,*,#4371,.T.);
#4374=ORIENTED_EDGE('',*,*,#4373,.T.);
#4376=ORIENTED_EDGE('',*,*,#4375,.T.);
#4377=ORIENTED_EDGE('',*,*,#4344,.F.);
#4379=ORIENTED_EDGE('',*,*,#4378,.F.);
#4380=ORIENTED_EDGE('',*,*,#4294,.F.);
#4381=EDGE_LOOP('',(#4372,#4374,#4376,#4377,#4379,#4380));
#4382=FACE_OUTER_BOUND('',#4381,.F.);
#4383=ADVANCED_FACE('',(#4382),#4370,.F.);
#4384=CARTESIAN_POINT('',(6.825E0,-8.75E-1,-2.45E0));
#4385=DIRECTION('',(0.E0,0.E0,-1.E0));
#4386=DIRECTION('',(0.E0,1.E0,0.E0));
#4387=AXIS2_PLACEMENT_3D('',#4384,#4385,#4386);
#4388=PLANE('',#4387);
#4390=ORIENTED_EDGE('',*,*,#4389,.T.);
#4392=ORIENTED_EDGE('',*,*,#4391,.T.);
#4394=ORIENTED_EDGE('',*,*,#4393,.T.);
#4396=ORIENTED_EDGE('',*,*,#4395,.T.);
#4398=ORIENTED_EDGE('',*,*,#4397,.F.);
#4399=ORIENTED_EDGE('',*,*,#4371,.F.);
#4400=ORIENTED_EDGE('',*,*,#4292,.F.);
#4402=ORIENTED_EDGE('',*,*,#4401,.T.);
#4403=EDGE_LOOP('',(#4390,#4392,#4394,#4396,#4398,#4399,#4400,#4402));
#4404=FACE_OUTER_BOUND('',#4403,.F.);
#4405=ADVANCED_FACE('',(#4404),#4388,.F.);
#4406=CARTESIAN_POINT('',(5.325E0,-8.75E-1,-2.45E0));
#4407=DIRECTION('',(1.E0,0.E0,0.E0));
#4408=DIRECTION('',(0.E0,1.E0,0.E0));
#4409=AXIS2_PLACEMENT_3D('',#4406,#4407,#4408);
#4410=PLANE('',#4409);
#4411=ORIENTED_EDGE('',*,*,#4389,.F.);
#4413=ORIENTED_EDGE('',*,*,#4412,.T.);
#4415=ORIENTED_EDGE('',*,*,#4414,.T.);
#4417=ORIENTED_EDGE('',*,*,#4416,.F.);
#4418=EDGE_LOOP('',(#4411,#4413,#4415,#4417));
#4419=FACE_OUTER_BOUND('',#4418,.F.);
#4420=ADVANCED_FACE('',(#4419),#4410,.F.);
#4421=CARTESIAN_POINT('',(6.825E0,-8.75E-1,5.E-2));
#4422=DIRECTION('',(0.E0,-1.E0,0.E0));
#4423=DIRECTION('',(0.E0,0.E0,-1.E0));
#4424=AXIS2_PLACEMENT_3D('',#4421,#4422,#4423);
#4425=PLANE('',#4424);
#4426=ORIENTED_EDGE('',*,*,#4348,.T.);
#4428=ORIENTED_EDGE('',*,*,#4427,.T.);
#4429=ORIENTED_EDGE('',*,*,#4412,.F.);
#4430=ORIENTED_EDGE('',*,*,#4401,.F.);
#4431=ORIENTED_EDGE('',*,*,#4290,.F.);
#4432=ORIENTED_EDGE('',*,*,#4333,.T.);
#4433=EDGE_LOOP('',(#4426,#4428,#4429,#4430,#4431,#4432));
#4434=FACE_OUTER_BOUND('',#4433,.F.);
#4435=ADVANCED_FACE('',(#4434),#4425,.F.);
#4436=CARTESIAN_POINT('',(6.825E0,-8.75E-1,-2.7E0));
#4437=DIRECTION('',(0.E0,0.E0,1.E0));
#4438=DIRECTION('',(1.E0,0.E0,0.E0));
#4439=AXIS2_PLACEMENT_3D('',#4436,#4437,#4438);
#4440=PLANE('',#4439);
#4441=ORIENTED_EDGE('',*,*,#4375,.F.);
#4443=ORIENTED_EDGE('',*,*,#4442,.F.);
#4445=ORIENTED_EDGE('',*,*,#4444,.F.);
#4447=ORIENTED_EDGE('',*,*,#4446,.F.);
#4449=ORIENTED_EDGE('',*,*,#4448,.F.);
#4450=ORIENTED_EDGE('',*,*,#4414,.F.);
#4451=ORIENTED_EDGE('',*,*,#4427,.F.);
#4452=ORIENTED_EDGE('',*,*,#4346,.F.);
#4453=EDGE_LOOP('',(#4441,#4443,#4445,#4447,#4449,#4450,#4451,#4452));
#4454=FACE_OUTER_BOUND('',#4453,.F.);
#4455=ADVANCED_FACE('',(#4454),#4440,.T.);
#4456=CARTESIAN_POINT('',(6.825E0,-8.75E-1,-2.7E0));
#4457=DIRECTION('',(0.E0,0.E0,1.E0));
#4458=DIRECTION('',(1.E0,0.E0,0.E0));
#4459=AXIS2_PLACEMENT_3D('',#4456,#4457,#4458);
#4460=PLANE('',#4459);
#4462=ORIENTED_EDGE('',*,*,#4461,.F.);
#4464=ORIENTED_EDGE('',*,*,#4463,.F.);
#4466=ORIENTED_EDGE('',*,*,#4465,.F.);
#4468=ORIENTED_EDGE('',*,*,#4467,.F.);
#4470=ORIENTED_EDGE('',*,*,#4469,.F.);
#4472=ORIENTED_EDGE('',*,*,#4471,.F.);
#4474=ORIENTED_EDGE('',*,*,#4473,.F.);
#4476=ORIENTED_EDGE('',*,*,#4475,.F.);
#4477=EDGE_LOOP('',(#4462,#4464,#4466,#4468,#4470,#4472,#4474,#4476));
#4478=FACE_OUTER_BOUND('',#4477,.F.);
#4479=ADVANCED_FACE('',(#4478),#4460,.T.);
#4480=CARTESIAN_POINT('',(5.325E0,4.E-1,-2.45E0));
#4481=DIRECTION('',(1.E0,0.E0,0.E0));
#4482=DIRECTION('',(0.E0,1.E0,0.E0));
#4483=AXIS2_PLACEMENT_3D('',#4480,#4481,#4482);
#4484=PLANE('',#4483);
#4485=ORIENTED_EDGE('',*,*,#4397,.T.);
#4487=ORIENTED_EDGE('',*,*,#4486,.T.);
#4488=ORIENTED_EDGE('',*,*,#4442,.T.);
#4489=ORIENTED_EDGE('',*,*,#4373,.F.);
#4490=EDGE_LOOP('',(#4485,#4487,#4488,#4489));
#4491=FACE_OUTER_BOUND('',#4490,.F.);
#4492=ADVANCED_FACE('',(#4491),#4484,.F.);
#4493=CARTESIAN_POINT('',(5.625E0,4.E-1,-2.45E0));
#4494=DIRECTION('',(0.E0,1.E0,0.E0));
#4495=DIRECTION('',(-1.E0,0.E0,0.E0));
#4496=AXIS2_PLACEMENT_3D('',#4493,#4494,#4495);
#4497=PLANE('',#4496);
#4498=ORIENTED_EDGE('',*,*,#4395,.F.);
#4500=ORIENTED_EDGE('',*,*,#4499,.T.);
#4501=ORIENTED_EDGE('',*,*,#4444,.T.);
#4502=ORIENTED_EDGE('',*,*,#4486,.F.);
#4503=EDGE_LOOP('',(#4498,#4500,#4501,#4502));
#4504=FACE_OUTER_BOUND('',#4503,.F.);
#4505=ADVANCED_FACE('',(#4504),#4497,.F.);
#4506=CARTESIAN_POINT('',(5.625E0,-4.E-1,-2.45E0));
#4507=DIRECTION('',(1.E0,0.E0,0.E0));
#4508=DIRECTION('',(0.E0,1.E0,0.E0));
#4509=AXIS2_PLACEMENT_3D('',#4506,#4507,#4508);
#4510=PLANE('',#4509);
#4511=ORIENTED_EDGE('',*,*,#4393,.F.);
#4513=ORIENTED_EDGE('',*,*,#4512,.T.);
#4514=ORIENTED_EDGE('',*,*,#4446,.T.);
#4515=ORIENTED_EDGE('',*,*,#4499,.F.);
#4516=EDGE_LOOP('',(#4511,#4513,#4514,#4515));
#4517=FACE_OUTER_BOUND('',#4516,.F.);
#4518=ADVANCED_FACE('',(#4517),#4510,.F.);
#4519=CARTESIAN_POINT('',(5.325E0,-4.E-1,-2.45E0));
#4520=DIRECTION('',(0.E0,-1.E0,0.E0));
#4521=DIRECTION('',(1.E0,0.E0,0.E0));
#4522=AXIS2_PLACEMENT_3D('',#4519,#4520,#4521);
#4523=PLANE('',#4522);
#4524=ORIENTED_EDGE('',*,*,#4391,.F.);
#4525=ORIENTED_EDGE('',*,*,#4416,.T.);
#4526=ORIENTED_EDGE('',*,*,#4448,.T.);
#4527=ORIENTED_EDGE('',*,*,#4512,.F.);
#4528=EDGE_LOOP('',(#4524,#4525,#4526,#4527));
#4529=FACE_OUTER_BOUND('',#4528,.F.);
#4530=ADVANCED_FACE('',(#4529),#4523,.F.);
#4531=CARTESIAN_POINT('',(-5.325E0,8.75E-1,-2.45E0));
#4532=DIRECTION('',(-1.E0,0.E0,0.E0));
#4533=DIRECTION('',(0.E0,-1.E0,0.E0));
#4534=AXIS2_PLACEMENT_3D('',#4531,#4532,#4533);
#4535=PLANE('',#4534);
#4537=ORIENTED_EDGE('',*,*,#4536,.F.);
#4539=ORIENTED_EDGE('',*,*,#4538,.T.);
#4540=ORIENTED_EDGE('',*,*,#4461,.T.);
#4542=ORIENTED_EDGE('',*,*,#4541,.F.);
#4543=EDGE_LOOP('',(#4537,#4539,#4540,#4542));
#4544=FACE_OUTER_BOUND('',#4543,.F.);
#4545=ADVANCED_FACE('',(#4544),#4535,.F.);
#4546=CARTESIAN_POINT('',(-6.825E0,-8.75E-1,-2.45E0));
#4547=DIRECTION('',(0.E0,0.E0,1.E0));
#4548=DIRECTION('',(0.E0,1.E0,0.E0));
#4549=AXIS2_PLACEMENT_3D('',#4546,#4547,#4548);
#4550=PLANE('',#4549);
#4551=ORIENTED_EDGE('',*,*,#4536,.T.);
#4553=ORIENTED_EDGE('',*,*,#4552,.T.);
#4555=ORIENTED_EDGE('',*,*,#4554,.T.);
#4557=ORIENTED_EDGE('',*,*,#4556,.T.);
#4559=ORIENTED_EDGE('',*,*,#4558,.F.);
#4561=ORIENTED_EDGE('',*,*,#4560,.F.);
#4563=ORIENTED_EDGE('',*,*,#4562,.T.);
#4565=ORIENTED_EDGE('',*,*,#4564,.T.);
#4566=EDGE_LOOP('',(#4551,#4553,#4555,#4557,#4559,#4561,#4563,#4565));
#4567=FACE_OUTER_BOUND('',#4566,.F.);
#4568=ADVANCED_FACE('',(#4567),#4550,.T.);
#4569=CARTESIAN_POINT('',(-5.325E0,4.E-1,-2.45E0));
#4570=DIRECTION('',(0.E0,1.E0,0.E0));
#4571=DIRECTION('',(-1.E0,0.E0,0.E0));
#4572=AXIS2_PLACEMENT_3D('',#4569,#4570,#4571);
#4573=PLANE('',#4572);
#4574=ORIENTED_EDGE('',*,*,#4552,.F.);
#4575=ORIENTED_EDGE('',*,*,#4541,.T.);
#4576=ORIENTED_EDGE('',*,*,#4475,.T.);
#4578=ORIENTED_EDGE('',*,*,#4577,.F.);
#4579=EDGE_LOOP('',(#4574,#4575,#4576,#4578));
#4580=FACE_OUTER_BOUND('',#4579,.F.);
#4581=ADVANCED_FACE('',(#4580),#4573,.F.);
#4582=CARTESIAN_POINT('',(-5.625E0,4.E-1,-2.45E0));
#4583=DIRECTION('',(-1.E0,0.E0,0.E0));
#4584=DIRECTION('',(0.E0,-1.E0,0.E0));
#4585=AXIS2_PLACEMENT_3D('',#4582,#4583,#4584);
#4586=PLANE('',#4585);
#4587=ORIENTED_EDGE('',*,*,#4554,.F.);
#4588=ORIENTED_EDGE('',*,*,#4577,.T.);
#4589=ORIENTED_EDGE('',*,*,#4473,.T.);
#4591=ORIENTED_EDGE('',*,*,#4590,.F.);
#4592=EDGE_LOOP('',(#4587,#4588,#4589,#4591));
#4593=FACE_OUTER_BOUND('',#4592,.F.);
#4594=ADVANCED_FACE('',(#4593),#4586,.F.);
#4595=CARTESIAN_POINT('',(-5.625E0,-4.E-1,-2.45E0));
#4596=DIRECTION('',(0.E0,-1.E0,0.E0));
#4597=DIRECTION('',(1.E0,0.E0,0.E0));
#4598=AXIS2_PLACEMENT_3D('',#4595,#4596,#4597);
#4599=PLANE('',#4598);
#4600=ORIENTED_EDGE('',*,*,#4556,.F.);
#4601=ORIENTED_EDGE('',*,*,#4590,.T.);
#4602=ORIENTED_EDGE('',*,*,#4471,.T.);
#4604=ORIENTED_EDGE('',*,*,#4603,.F.);
#4605=EDGE_LOOP('',(#4600,#4601,#4602,#4604));
#4606=FACE_OUTER_BOUND('',#4605,.F.);
#4607=ADVANCED_FACE('',(#4606),#4599,.F.);
#4608=CARTESIAN_POINT('',(-5.325E0,-4.E-1,-2.45E0));
#4609=DIRECTION('',(-1.E0,0.E0,0.E0));
#4610=DIRECTION('',(0.E0,-1.E0,0.E0));
#4611=AXIS2_PLACEMENT_3D('',#4608,#4609,#4610);
#4612=PLANE('',#4611);
#4613=ORIENTED_EDGE('',*,*,#4558,.T.);
#4614=ORIENTED_EDGE('',*,*,#4603,.T.);
#4615=ORIENTED_EDGE('',*,*,#4469,.T.);
#4617=ORIENTED_EDGE('',*,*,#4616,.F.);
#4618=EDGE_LOOP('',(#4613,#4614,#4615,#4617));
#4619=FACE_OUTER_BOUND('',#4618,.F.);
#4620=ADVANCED_FACE('',(#4619),#4612,.F.);
#4621=CARTESIAN_POINT('',(-6.825E0,-8.75E-1,5.E-2));
#4622=DIRECTION('',(0.E0,1.E0,0.E0));
#4623=DIRECTION('',(0.E0,0.E0,-1.E0));
#4624=AXIS2_PLACEMENT_3D('',#4621,#4622,#4623);
#4625=PLANE('',#4624);
#4626=ORIENTED_EDGE('',*,*,#4560,.T.);
#4627=ORIENTED_EDGE('',*,*,#4616,.T.);
#4628=ORIENTED_EDGE('',*,*,#4467,.T.);
#4630=ORIENTED_EDGE('',*,*,#4629,.F.);
#4632=ORIENTED_EDGE('',*,*,#4631,.F.);
#4634=ORIENTED_EDGE('',*,*,#4633,.T.);
#4635=EDGE_LOOP('',(#4626,#4627,#4628,#4630,#4632,#4634));
#4636=FACE_OUTER_BOUND('',#4635,.F.);
#4637=ADVANCED_FACE('',(#4636),#4625,.T.);
#4638=CARTESIAN_POINT('',(-4.925E0,2.47E0,4.95E0));
#4639=DIRECTION('',(1.E0,0.E0,0.E0));
#4640=DIRECTION('',(0.E0,0.E0,-1.E0));
#4641=AXIS2_PLACEMENT_3D('',#4638,#4639,#4640);
#4642=PLANE('',#4641);
#4643=ORIENTED_EDGE('',*,*,#4629,.T.);
#4644=ORIENTED_EDGE('',*,*,#4465,.T.);
#4646=ORIENTED_EDGE('',*,*,#4645,.F.);
#4648=ORIENTED_EDGE('',*,*,#4647,.T.);
#4650=ORIENTED_EDGE('',*,*,#4649,.T.);
#4652=ORIENTED_EDGE('',*,*,#4651,.F.);
#4653=ORIENTED_EDGE('',*,*,#4151,.F.);
#4655=ORIENTED_EDGE('',*,*,#4654,.F.);
#4657=ORIENTED_EDGE('',*,*,#4656,.T.);
#4659=ORIENTED_EDGE('',*,*,#4658,.F.);
#4660=ORIENTED_EDGE('',*,*,#3323,.T.);
#4662=ORIENTED_EDGE('',*,*,#4661,.T.);
#4663=EDGE_LOOP('',(#4643,#4644,#4646,#4648,#4650,#4652,#4653,#4655,#4657,#4659,
#4660,#4662));
#4664=FACE_OUTER_BOUND('',#4663,.F.);
#4665=ADVANCED_FACE('',(#4664),#4642,.F.);
#4666=CARTESIAN_POINT('',(-6.825E0,8.75E-1,-2.45E0));
#4667=DIRECTION('',(0.E0,-1.E0,0.E0));
#4668=DIRECTION('',(0.E0,0.E0,1.E0));
#4669=AXIS2_PLACEMENT_3D('',#4666,#4667,#4668);
#4670=PLANE('',#4669);
#4671=ORIENTED_EDGE('',*,*,#4645,.T.);
#4672=ORIENTED_EDGE('',*,*,#4463,.T.);
#4673=ORIENTED_EDGE('',*,*,#4538,.F.);
#4674=ORIENTED_EDGE('',*,*,#4564,.F.);
#4676=ORIENTED_EDGE('',*,*,#4675,.T.);
#4678=ORIENTED_EDGE('',*,*,#4677,.T.);
#4679=EDGE_LOOP('',(#4671,#4672,#4673,#4674,#4676,#4678));
#4680=FACE_OUTER_BOUND('',#4679,.F.);
#4681=ADVANCED_FACE('',(#4680),#4670,.T.);
#4682=CARTESIAN_POINT('',(-6.575E0,0.E0,0.E0));
#4683=DIRECTION('',(-1.E0,0.E0,0.E0));
#4684=DIRECTION('',(0.E0,1.E0,0.E0));
#4685=AXIS2_PLACEMENT_3D('',#4682,#4683,#4684);
#4686=PLANE('',#4685);
#4687=ORIENTED_EDGE('',*,*,#3319,.F.);
#4688=ORIENTED_EDGE('',*,*,#3339,.F.);
#4689=ORIENTED_EDGE('',*,*,#3368,.T.);
#4690=ORIENTED_EDGE('',*,*,#4075,.F.);
#4692=ORIENTED_EDGE('',*,*,#4691,.F.);
#4693=ORIENTED_EDGE('',*,*,#4013,.F.);
#4694=ORIENTED_EDGE('',*,*,#3954,.F.);
#4695=ORIENTED_EDGE('',*,*,#3704,.F.);
#4697=ORIENTED_EDGE('',*,*,#4696,.F.);
#4699=ORIENTED_EDGE('',*,*,#4698,.F.);
#4701=ORIENTED_EDGE('',*,*,#4700,.F.);
#4702=ORIENTED_EDGE('',*,*,#3696,.F.);
#4704=ORIENTED_EDGE('',*,*,#4703,.F.);
#4706=ORIENTED_EDGE('',*,*,#4705,.F.);
#4708=ORIENTED_EDGE('',*,*,#4707,.F.);
#4709=ORIENTED_EDGE('',*,*,#3351,.F.);
#4711=ORIENTED_EDGE('',*,*,#4710,.T.);
#4713=ORIENTED_EDGE('',*,*,#4712,.F.);
#4714=ORIENTED_EDGE('',*,*,#4675,.F.);
#4715=ORIENTED_EDGE('',*,*,#4562,.F.);
#4716=ORIENTED_EDGE('',*,*,#4633,.F.);
#4718=ORIENTED_EDGE('',*,*,#4717,.F.);
#4719=EDGE_LOOP('',(#4687,#4688,#4689,#4690,#4692,#4693,#4694,#4695,#4697,#4699,
#4701,#4702,#4704,#4706,#4708,#4709,#4711,#4713,#4714,#4715,#4716,#4718));
#4720=FACE_OUTER_BOUND('',#4719,.F.);
#4721=ADVANCED_FACE('',(#4720),#4686,.T.);
#4722=CARTESIAN_POINT('',(-6.325E0,-3.97E0,-2.96E0));
#4723=DIRECTION('',(0.E0,-1.E0,0.E0));
#4724=DIRECTION('',(0.E0,0.E0,-1.E0));
#4725=AXIS2_PLACEMENT_3D('',#4722,#4723,#4724);
#4726=PLANE('',#4725);
#4727=ORIENTED_EDGE('',*,*,#4044,.F.);
#4728=ORIENTED_EDGE('',*,*,#4061,.F.);
#4729=ORIENTED_EDGE('',*,*,#4317,.T.);
#4730=ORIENTED_EDGE('',*,*,#3985,.T.);
#4731=EDGE_LOOP('',(#4727,#4728,#4729,#4730));
#4732=FACE_OUTER_BOUND('',#4731,.F.);
#4733=ADVANCED_FACE('',(#4732),#4726,.T.);
#4734=CARTESIAN_POINT('',(-6.325E0,-3.97E0,-2.96E0));
#4735=DIRECTION('',(0.E0,-1.E0,0.E0));
#4736=DIRECTION('',(0.E0,0.E0,-1.E0));
#4737=AXIS2_PLACEMENT_3D('',#4734,#4735,#4736);
#4738=PLANE('',#4737);
#4740=ORIENTED_EDGE('',*,*,#4739,.T.);
#4741=ORIENTED_EDGE('',*,*,#4015,.T.);
#4742=ORIENTED_EDGE('',*,*,#4691,.T.);
#4743=ORIENTED_EDGE('',*,*,#4073,.F.);
#4744=EDGE_LOOP('',(#4740,#4741,#4742,#4743));
#4745=FACE_OUTER_BOUND('',#4744,.F.);
#4746=ADVANCED_FACE('',(#4745),#4738,.T.);
#4747=CARTESIAN_POINT('',(-5.375E0,-3.46E0,-2.96E0));
#4748=DIRECTION('',(-1.E0,0.E0,0.E0));
#4749=DIRECTION('',(0.E0,-1.E0,0.E0));
#4750=AXIS2_PLACEMENT_3D('',#4747,#4748,#4749);
#4751=PLANE('',#4750);
#4752=ORIENTED_EDGE('',*,*,#4071,.T.);
#4753=ORIENTED_EDGE('',*,*,#3386,.T.);
#4754=ORIENTED_EDGE('',*,*,#4017,.F.);
#4755=ORIENTED_EDGE('',*,*,#4739,.F.);
#4756=EDGE_LOOP('',(#4752,#4753,#4754,#4755));
#4757=FACE_OUTER_BOUND('',#4756,.F.);
#4758=ADVANCED_FACE('',(#4757),#4751,.F.);
#4759=CARTESIAN_POINT('',(-6.575E0,-1.03E0,-3.635E0));
#4760=DIRECTION('',(0.E0,1.E0,0.E0));
#4761=DIRECTION('',(0.E0,0.E0,-1.E0));
#4762=AXIS2_PLACEMENT_3D('',#4759,#4760,#4761);
#4763=PLANE('',#4762);
#4764=ORIENTED_EDGE('',*,*,#3702,.T.);
#4766=ORIENTED_EDGE('',*,*,#4765,.F.);
#4768=ORIENTED_EDGE('',*,*,#4767,.F.);
#4769=ORIENTED_EDGE('',*,*,#4696,.T.);
#4770=EDGE_LOOP('',(#4764,#4766,#4768,#4769));
#4771=FACE_OUTER_BOUND('',#4770,.F.);
#4772=ADVANCED_FACE('',(#4771),#4763,.T.);
#4773=CARTESIAN_POINT('',(-5.575E0,0.E0,0.E0));
#4774=DIRECTION('',(1.E0,0.E0,0.E0));
#4775=DIRECTION('',(0.E0,0.E0,-1.E0));
#4776=AXIS2_PLACEMENT_3D('',#4773,#4774,#4775);
#4777=PLANE('',#4776);
#4778=ORIENTED_EDGE('',*,*,#3700,.T.);
#4780=ORIENTED_EDGE('',*,*,#4779,.T.);
#4782=ORIENTED_EDGE('',*,*,#4781,.T.);
#4783=ORIENTED_EDGE('',*,*,#4765,.T.);
#4784=EDGE_LOOP('',(#4778,#4780,#4782,#4783));
#4785=FACE_OUTER_BOUND('',#4784,.F.);
#4786=ADVANCED_FACE('',(#4785),#4777,.F.);
#4787=CARTESIAN_POINT('',(-6.575E0,9.7E-1,-4.235E0));
#4788=DIRECTION('',(0.E0,-1.E0,0.E0));
#4789=DIRECTION('',(0.E0,0.E0,1.E0));
#4790=AXIS2_PLACEMENT_3D('',#4787,#4788,#4789);
#4791=PLANE('',#4790);
#4792=ORIENTED_EDGE('',*,*,#3698,.F.);
#4793=ORIENTED_EDGE('',*,*,#4700,.T.);
#4795=ORIENTED_EDGE('',*,*,#4794,.T.);
#4796=ORIENTED_EDGE('',*,*,#4779,.F.);
#4797=EDGE_LOOP('',(#4792,#4793,#4795,#4796));
#4798=FACE_OUTER_BOUND('',#4797,.F.);
#4799=ADVANCED_FACE('',(#4798),#4791,.T.);
#4800=CARTESIAN_POINT('',(-6.575E0,9.7E-1,-3.635E0));
#4801=DIRECTION('',(0.E0,0.E0,-1.E0));
#4802=DIRECTION('',(0.E0,-1.E0,0.E0));
#4803=AXIS2_PLACEMENT_3D('',#4800,#4801,#4802);
#4804=PLANE('',#4803);
#4805=ORIENTED_EDGE('',*,*,#4794,.F.);
#4806=ORIENTED_EDGE('',*,*,#4698,.T.);
#4807=ORIENTED_EDGE('',*,*,#4767,.T.);
#4808=ORIENTED_EDGE('',*,*,#4781,.F.);
#4809=EDGE_LOOP('',(#4805,#4806,#4807,#4808));
#4810=FACE_OUTER_BOUND('',#4809,.F.);
#4811=ADVANCED_FACE('',(#4810),#4804,.T.);
#4812=CARTESIAN_POINT('',(-6.325E0,1.5E0,-4.235E0));
#4813=DIRECTION('',(0.E0,-1.E0,0.E0));
#4814=DIRECTION('',(0.E0,0.E0,-1.E0));
#4815=AXIS2_PLACEMENT_3D('',#4812,#4813,#4814);
#4816=PLANE('',#4815);
#4817=ORIENTED_EDGE('',*,*,#3654,.F.);
#4818=ORIENTED_EDGE('',*,*,#4305,.T.);
#4820=ORIENTED_EDGE('',*,*,#4819,.T.);
#4822=ORIENTED_EDGE('',*,*,#4821,.F.);
#4823=EDGE_LOOP('',(#4817,#4818,#4820,#4822));
#4824=FACE_OUTER_BOUND('',#4823,.F.);
#4825=ADVANCED_FACE('',(#4824),#4816,.T.);
#4826=CARTESIAN_POINT('',(-6.325E0,1.5E0,-4.235E0));
#4827=DIRECTION('',(0.E0,-1.E0,0.E0));
#4828=DIRECTION('',(0.E0,0.E0,-1.E0));
#4829=AXIS2_PLACEMENT_3D('',#4826,#4827,#4828);
#4830=PLANE('',#4829);
#4831=ORIENTED_EDGE('',*,*,#3682,.F.);
#4832=ORIENTED_EDGE('',*,*,#3830,.T.);
#4834=ORIENTED_EDGE('',*,*,#4833,.T.);
#4836=ORIENTED_EDGE('',*,*,#4835,.F.);
#4837=EDGE_LOOP('',(#4831,#4832,#4834,#4836));
#4838=FACE_OUTER_BOUND('',#4837,.F.);
#4839=ADVANCED_FACE('',(#4838),#4830,.T.);
#4840=CARTESIAN_POINT('',(-6.325E0,1.5E0,-4.235E0));
#4841=DIRECTION('',(0.E0,-1.E0,0.E0));
#4842=DIRECTION('',(0.E0,0.E0,-1.E0));
#4843=AXIS2_PLACEMENT_3D('',#4840,#4841,#4842);
#4844=PLANE('',#4843);
#4846=ORIENTED_EDGE('',*,*,#4845,.T.);
#4847=ORIENTED_EDGE('',*,*,#4703,.T.);
#4848=ORIENTED_EDGE('',*,*,#3694,.F.);
#4850=ORIENTED_EDGE('',*,*,#4849,.T.);
#4851=EDGE_LOOP('',(#4846,#4847,#4848,#4850));
#4852=FACE_OUTER_BOUND('',#4851,.F.);
#4853=ADVANCED_FACE('',(#4852),#4844,.T.);
#4854=CARTESIAN_POINT('',(-6.325E0,1.5E0,-4.235E0));
#4855=DIRECTION('',(0.E0,-1.E0,0.E0));
#4856=DIRECTION('',(0.E0,0.E0,-1.E0));
#4857=AXIS2_PLACEMENT_3D('',#4854,#4855,#4856);
#4858=PLANE('',#4857);
#4859=ORIENTED_EDGE('',*,*,#3738,.F.);
#4861=ORIENTED_EDGE('',*,*,#4860,.T.);
#4863=ORIENTED_EDGE('',*,*,#4862,.T.);
#4865=ORIENTED_EDGE('',*,*,#4864,.F.);
#4866=EDGE_LOOP('',(#4859,#4861,#4863,#4865));
#4867=FACE_OUTER_BOUND('',#4866,.F.);
#4868=ADVANCED_FACE('',(#4867),#4858,.T.);
#4869=CARTESIAN_POINT('',(-6.325E0,1.5E0,-4.96E0));
#4870=DIRECTION('',(0.E0,0.E0,-1.E0));
#4871=DIRECTION('',(0.E0,1.E0,0.E0));
#4872=AXIS2_PLACEMENT_3D('',#4869,#4870,#4871);
#4873=PLANE('',#4872);
#4874=ORIENTED_EDGE('',*,*,#4819,.F.);
#4875=ORIENTED_EDGE('',*,*,#4303,.T.);
#4877=ORIENTED_EDGE('',*,*,#4876,.T.);
#4879=ORIENTED_EDGE('',*,*,#4878,.F.);
#4881=ORIENTED_EDGE('',*,*,#4880,.F.);
#4882=ORIENTED_EDGE('',*,*,#3785,.F.);
#4884=ORIENTED_EDGE('',*,*,#4883,.F.);
#4885=EDGE_LOOP('',(#4874,#4875,#4877,#4879,#4881,#4882,#4884));
#4886=FACE_OUTER_BOUND('',#4885,.F.);
#4888=ORIENTED_EDGE('',*,*,#4887,.T.);
#4890=ORIENTED_EDGE('',*,*,#4889,.T.);
#4891=EDGE_LOOP('',(#4888,#4890));
#4892=FACE_BOUND('',#4891,.F.);
#4893=ADVANCED_FACE('',(#4886,#4892),#4873,.T.);
#4894=CARTESIAN_POINT('',(-6.325E0,1.5E0,-4.96E0));
#4895=DIRECTION('',(0.E0,0.E0,-1.E0));
#4896=DIRECTION('',(0.E0,1.E0,0.E0));
#4897=AXIS2_PLACEMENT_3D('',#4894,#4895,#4896);
#4898=PLANE('',#4897);
#4899=ORIENTED_EDGE('',*,*,#4833,.F.);
#4900=ORIENTED_EDGE('',*,*,#3828,.T.);
#4901=ORIENTED_EDGE('',*,*,#3914,.T.);
#4903=ORIENTED_EDGE('',*,*,#4902,.F.);
#4905=ORIENTED_EDGE('',*,*,#4904,.F.);
#4907=ORIENTED_EDGE('',*,*,#4906,.F.);
#4908=EDGE_LOOP('',(#4899,#4900,#4901,#4903,#4905,#4907));
#4909=FACE_OUTER_BOUND('',#4908,.F.);
#4910=ADVANCED_FACE('',(#4909),#4898,.T.);
#4911=CARTESIAN_POINT('',(-6.325E0,1.5E0,-4.96E0));
#4912=DIRECTION('',(0.E0,0.E0,-1.E0));
#4913=DIRECTION('',(0.E0,1.E0,0.E0));
#4914=AXIS2_PLACEMENT_3D('',#4911,#4912,#4913);
#4915=PLANE('',#4914);
#4916=ORIENTED_EDGE('',*,*,#3626,.T.);
#4918=ORIENTED_EDGE('',*,*,#4917,.F.);
#4920=ORIENTED_EDGE('',*,*,#4919,.T.);
#4922=ORIENTED_EDGE('',*,*,#4921,.T.);
#4923=ORIENTED_EDGE('',*,*,#4705,.T.);
#4924=ORIENTED_EDGE('',*,*,#4845,.F.);
#4926=ORIENTED_EDGE('',*,*,#4925,.T.);
#4927=EDGE_LOOP('',(#4916,#4918,#4920,#4922,#4923,#4924,#4926));
#4928=FACE_OUTER_BOUND('',#4927,.F.);
#4930=ORIENTED_EDGE('',*,*,#4929,.T.);
#4932=ORIENTED_EDGE('',*,*,#4931,.T.);
#4933=EDGE_LOOP('',(#4930,#4932));
#4934=FACE_BOUND('',#4933,.F.);
#4935=ADVANCED_FACE('',(#4928,#4934),#4915,.T.);
#4936=CARTESIAN_POINT('',(-6.325E0,1.5E0,-4.96E0));
#4937=DIRECTION('',(0.E0,0.E0,-1.E0));
#4938=DIRECTION('',(0.E0,1.E0,0.E0));
#4939=AXIS2_PLACEMENT_3D('',#4936,#4937,#4938);
#4940=PLANE('',#4939);
#4941=ORIENTED_EDGE('',*,*,#4862,.F.);
#4943=ORIENTED_EDGE('',*,*,#4942,.T.);
#4945=ORIENTED_EDGE('',*,*,#4944,.T.);
#4947=ORIENTED_EDGE('',*,*,#4946,.F.);
#4949=ORIENTED_EDGE('',*,*,#4948,.F.);
#4951=ORIENTED_EDGE('',*,*,#4950,.F.);
#4952=EDGE_LOOP('',(#4941,#4943,#4945,#4947,#4949,#4951));
#4953=FACE_OUTER_BOUND('',#4952,.F.);
#4954=ADVANCED_FACE('',(#4953),#4940,.T.);
#4955=CARTESIAN_POINT('',(-6.325E0,3.4E0,-4.96E0));
#4956=DIRECTION('',(0.E0,1.E0,0.E0));
#4957=DIRECTION('',(0.E0,0.E0,1.E0));
#4958=AXIS2_PLACEMENT_3D('',#4955,#4956,#4957);
#4959=PLANE('',#4958);
#4961=ORIENTED_EDGE('',*,*,#4960,.T.);
#4963=ORIENTED_EDGE('',*,*,#4962,.T.);
#4965=ORIENTED_EDGE('',*,*,#4964,.F.);
#4966=ORIENTED_EDGE('',*,*,#4876,.F.);
#4967=ORIENTED_EDGE('',*,*,#4301,.T.);
#4968=ORIENTED_EDGE('',*,*,#4275,.F.);
#4969=ORIENTED_EDGE('',*,*,#4247,.T.);
#4970=ORIENTED_EDGE('',*,*,#4108,.T.);
#4972=ORIENTED_EDGE('',*,*,#4971,.F.);
#4974=ORIENTED_EDGE('',*,*,#4973,.T.);
#4975=ORIENTED_EDGE('',*,*,#3302,.F.);
#4976=ORIENTED_EDGE('',*,*,#3353,.T.);
#4977=ORIENTED_EDGE('',*,*,#4707,.T.);
#4978=ORIENTED_EDGE('',*,*,#4921,.F.);
#4979=EDGE_LOOP('',(#4961,#4963,#4965,#4966,#4967,#4968,#4969,#4970,#4972,#4974,
#4975,#4976,#4977,#4978));
#4980=FACE_OUTER_BOUND('',#4979,.F.);
#4982=ORIENTED_EDGE('',*,*,#4981,.F.);
#4984=ORIENTED_EDGE('',*,*,#4983,.T.);
#4986=ORIENTED_EDGE('',*,*,#4985,.T.);
#4988=ORIENTED_EDGE('',*,*,#4987,.F.);
#4989=EDGE_LOOP('',(#4982,#4984,#4986,#4988));
#4990=FACE_BOUND('',#4989,.F.);
#4991=ADVANCED_FACE('',(#4980,#4990),#4959,.T.);
#4992=CARTESIAN_POINT('',(-7.5E-1,0.E0,0.E0));
#4993=DIRECTION('',(1.E0,0.E0,0.E0));
#4994=DIRECTION('',(0.E0,0.E0,-1.E0));
#4995=AXIS2_PLACEMENT_3D('',#4992,#4993,#4994);
#4996=PLANE('',#4995);
#4997=ORIENTED_EDGE('',*,*,#4981,.T.);
#4999=ORIENTED_EDGE('',*,*,#4998,.T.);
#5001=ORIENTED_EDGE('',*,*,#5000,.T.);
#5003=ORIENTED_EDGE('',*,*,#5002,.T.);
#5005=ORIENTED_EDGE('',*,*,#5004,.T.);
#5006=EDGE_LOOP('',(#4997,#4999,#5001,#5003,#5005));
#5007=FACE_OUTER_BOUND('',#5006,.F.);
#5008=ADVANCED_FACE('',(#5007),#4996,.F.);
#5009=CARTESIAN_POINT('',(-7.5E-1,3.9E0,1.95E0));
#5010=DIRECTION('',(1.E0,0.E0,0.E0));
#5011=DIRECTION('',(0.E0,0.E0,-1.E0));
#5012=AXIS2_PLACEMENT_3D('',#5009,#5010,#5011);
#5013=CYLINDRICAL_SURFACE('',#5012,5.E-1);
#5014=ORIENTED_EDGE('',*,*,#4987,.T.);
#5016=ORIENTED_EDGE('',*,*,#5015,.T.);
#5018=ORIENTED_EDGE('',*,*,#5017,.F.);
#5019=ORIENTED_EDGE('',*,*,#4998,.F.);
#5020=EDGE_LOOP('',(#5014,#5016,#5018,#5019));
#5021=FACE_OUTER_BOUND('',#5020,.F.);
#5022=ADVANCED_FACE('',(#5021),#5013,.F.);
#5023=CARTESIAN_POINT('',(7.5E-1,0.E0,0.E0));
#5024=DIRECTION('',(1.E0,0.E0,0.E0));
#5025=DIRECTION('',(0.E0,0.E0,-1.E0));
#5026=AXIS2_PLACEMENT_3D('',#5023,#5024,#5025);
#5027=PLANE('',#5026);
#5028=ORIENTED_EDGE('',*,*,#4985,.F.);
#5030=ORIENTED_EDGE('',*,*,#5029,.F.);
#5032=ORIENTED_EDGE('',*,*,#5031,.F.);
#5034=ORIENTED_EDGE('',*,*,#5033,.F.);
#5035=ORIENTED_EDGE('',*,*,#5015,.F.);
#5036=EDGE_LOOP('',(#5028,#5030,#5032,#5034,#5035));
#5037=FACE_OUTER_BOUND('',#5036,.F.);
#5038=ADVANCED_FACE('',(#5037),#5027,.T.);
#5039=CARTESIAN_POINT('',(-7.5E-1,4.8E0,3.2E0));
#5040=DIRECTION('',(0.E0,7.071067811865E-1,7.071067811865E-1));
#5041=DIRECTION('',(0.E0,-7.071067811865E-1,7.071067811865E-1));
#5042=AXIS2_PLACEMENT_3D('',#5039,#5040,#5041);
#5043=PLANE('',#5042);
#5044=ORIENTED_EDGE('',*,*,#4983,.F.);
#5045=ORIENTED_EDGE('',*,*,#5004,.F.);
#5047=ORIENTED_EDGE('',*,*,#5046,.T.);
#5048=ORIENTED_EDGE('',*,*,#5029,.T.);
#5049=EDGE_LOOP('',(#5044,#5045,#5047,#5048));
#5050=FACE_OUTER_BOUND('',#5049,.F.);
#5051=ADVANCED_FACE('',(#5050),#5043,.T.);
#5052=CARTESIAN_POINT('',(-7.5E-1,4.8E0,2.45E0));
#5053=DIRECTION('',(0.E0,1.E0,0.E0));
#5054=DIRECTION('',(0.E0,0.E0,1.E0));
#5055=AXIS2_PLACEMENT_3D('',#5052,#5053,#5054);
#5056=PLANE('',#5055);
#5057=ORIENTED_EDGE('',*,*,#5002,.F.);
#5059=ORIENTED_EDGE('',*,*,#5058,.T.);
#5060=ORIENTED_EDGE('',*,*,#5031,.T.);
#5061=ORIENTED_EDGE('',*,*,#5046,.F.);
#5062=EDGE_LOOP('',(#5057,#5059,#5060,#5061));
#5063=FACE_OUTER_BOUND('',#5062,.F.);
#5064=ADVANCED_FACE('',(#5063),#5056,.T.);
#5065=CARTESIAN_POINT('',(-7.5E-1,3.9E0,2.45E0));
#5066=DIRECTION('',(0.E0,0.E0,-1.E0));
#5067=DIRECTION('',(0.E0,1.E0,0.E0));
#5068=AXIS2_PLACEMENT_3D('',#5065,#5066,#5067);
#5069=PLANE('',#5068);
#5070=ORIENTED_EDGE('',*,*,#5000,.F.);
#5071=ORIENTED_EDGE('',*,*,#5017,.T.);
#5072=ORIENTED_EDGE('',*,*,#5033,.T.);
#5073=ORIENTED_EDGE('',*,*,#5058,.F.);
#5074=EDGE_LOOP('',(#5070,#5071,#5072,#5073));
#5075=FACE_OUTER_BOUND('',#5074,.F.);
#5076=ADVANCED_FACE('',(#5075),#5069,.T.);
#5077=CARTESIAN_POINT('',(-4.925E0,3.4E0,-4.96E0));
#5078=DIRECTION('',(-1.E0,0.E0,0.E0));
#5079=DIRECTION('',(0.E0,0.E0,1.E0));
#5080=AXIS2_PLACEMENT_3D('',#5077,#5078,#5079);
#5081=PLANE('',#5080);
#5082=ORIENTED_EDGE('',*,*,#4960,.F.);
#5083=ORIENTED_EDGE('',*,*,#4919,.F.);
#5085=ORIENTED_EDGE('',*,*,#5084,.T.);
#5087=ORIENTED_EDGE('',*,*,#5086,.F.);
#5088=EDGE_LOOP('',(#5082,#5083,#5085,#5087));
#5089=FACE_OUTER_BOUND('',#5088,.F.);
#5090=ADVANCED_FACE('',(#5089),#5081,.F.);
#5091=CARTESIAN_POINT('',(-6.325E0,3.3E0,-4.96E0));
#5092=DIRECTION('',(0.E0,1.E0,0.E0));
#5093=DIRECTION('',(1.E0,0.E0,0.E0));
#5094=AXIS2_PLACEMENT_3D('',#5091,#5092,#5093);
#5095=PLANE('',#5094);
#5096=ORIENTED_EDGE('',*,*,#3624,.T.);
#5098=ORIENTED_EDGE('',*,*,#5097,.T.);
#5100=ORIENTED_EDGE('',*,*,#5099,.F.);
#5101=ORIENTED_EDGE('',*,*,#4946,.T.);
#5103=ORIENTED_EDGE('',*,*,#5102,.T.);
#5105=ORIENTED_EDGE('',*,*,#5104,.T.);
#5107=ORIENTED_EDGE('',*,*,#5106,.F.);
#5108=ORIENTED_EDGE('',*,*,#4902,.T.);
#5109=ORIENTED_EDGE('',*,*,#3912,.T.);
#5111=ORIENTED_EDGE('',*,*,#5110,.T.);
#5112=ORIENTED_EDGE('',*,*,#3787,.F.);
#5113=ORIENTED_EDGE('',*,*,#4880,.T.);
#5115=ORIENTED_EDGE('',*,*,#5114,.F.);
#5117=ORIENTED_EDGE('',*,*,#5116,.F.);
#5118=ORIENTED_EDGE('',*,*,#5084,.F.);
#5119=ORIENTED_EDGE('',*,*,#4917,.T.);
#5120=EDGE_LOOP('',(#5096,#5098,#5100,#5101,#5103,#5105,#5107,#5108,#5109,#5111,
#5112,#5113,#5115,#5117,#5118,#5119));
#5121=FACE_OUTER_BOUND('',#5120,.F.);
#5122=ADVANCED_FACE('',(#5121),#5095,.T.);
#5123=CARTESIAN_POINT('',(-3.32E0,3.4E0,-3.96E0));
#5124=DIRECTION('',(0.E0,0.E0,1.E0));
#5125=DIRECTION('',(1.E0,0.E0,0.E0));
#5126=AXIS2_PLACEMENT_3D('',#5123,#5124,#5125);
#5127=PLANE('',#5126);
#5129=ORIENTED_EDGE('',*,*,#5128,.F.);
#5130=ORIENTED_EDGE('',*,*,#3608,.T.);
#5132=ORIENTED_EDGE('',*,*,#5131,.T.);
#5134=ORIENTED_EDGE('',*,*,#5133,.F.);
#5135=EDGE_LOOP('',(#5129,#5130,#5132,#5134));
#5136=FACE_OUTER_BOUND('',#5135,.F.);
#5137=ADVANCED_FACE('',(#5136),#5127,.F.);
#5138=CARTESIAN_POINT('',(-3.32E0,3.4E0,-3.96E0));
#5139=DIRECTION('',(0.E0,0.E0,1.E0));
#5140=DIRECTION('',(1.E0,0.E0,0.E0));
#5141=AXIS2_PLACEMENT_3D('',#5138,#5139,#5140);
#5142=PLANE('',#5141);
#5144=ORIENTED_EDGE('',*,*,#5143,.T.);
#5146=ORIENTED_EDGE('',*,*,#5145,.F.);
#5147=ORIENTED_EDGE('',*,*,#5097,.F.);
#5148=ORIENTED_EDGE('',*,*,#3622,.T.);
#5149=EDGE_LOOP('',(#5144,#5146,#5147,#5148));
#5150=FACE_OUTER_BOUND('',#5149,.F.);
#5151=ADVANCED_FACE('',(#5150),#5142,.F.);
#5152=CARTESIAN_POINT('',(-3.32E0,3.4E0,-3.96E0));
#5153=DIRECTION('',(0.E0,0.E0,1.E0));
#5154=DIRECTION('',(1.E0,0.E0,0.E0));
#5155=AXIS2_PLACEMENT_3D('',#5152,#5153,#5154);
#5156=PLANE('',#5155);
#5158=ORIENTED_EDGE('',*,*,#5157,.F.);
#5159=ORIENTED_EDGE('',*,*,#3592,.T.);
#5160=ORIENTED_EDGE('',*,*,#3419,.T.);
#5162=ORIENTED_EDGE('',*,*,#5161,.F.);
#5163=EDGE_LOOP('',(#5158,#5159,#5160,#5162));
#5164=FACE_OUTER_BOUND('',#5163,.F.);
#5165=ADVANCED_FACE('',(#5164),#5156,.F.);
#5166=CARTESIAN_POINT('',(-3.32E0,1.18E0,-3.96E0));
#5167=DIRECTION('',(0.E0,-1.E0,0.E0));
#5168=DIRECTION('',(0.E0,0.E0,-1.E0));
#5169=AXIS2_PLACEMENT_3D('',#5166,#5167,#5168);
#5170=PLANE('',#5169);
#5172=ORIENTED_EDGE('',*,*,#5171,.F.);
#5173=ORIENTED_EDGE('',*,*,#3610,.T.);
#5174=ORIENTED_EDGE('',*,*,#5128,.T.);
#5176=ORIENTED_EDGE('',*,*,#5175,.T.);
#5178=ORIENTED_EDGE('',*,*,#5177,.T.);
#5180=ORIENTED_EDGE('',*,*,#5179,.F.);
#5181=EDGE_LOOP('',(#5172,#5173,#5174,#5176,#5178,#5180));
#5182=FACE_OUTER_BOUND('',#5181,.F.);
#5183=ADVANCED_FACE('',(#5182),#5170,.T.);
#5184=CARTESIAN_POINT('',(-3.32E0,0.E0,0.E0));
#5185=DIRECTION('',(1.E0,0.E0,0.E0));
#5186=DIRECTION('',(0.E0,0.E0,-1.E0));
#5187=AXIS2_PLACEMENT_3D('',#5184,#5185,#5186);
#5188=PLANE('',#5187);
#5189=ORIENTED_EDGE('',*,*,#5171,.T.);
#5191=ORIENTED_EDGE('',*,*,#5190,.T.);
#5193=ORIENTED_EDGE('',*,*,#5192,.T.);
#5195=ORIENTED_EDGE('',*,*,#5194,.T.);
#5197=ORIENTED_EDGE('',*,*,#5196,.T.);
#5198=ORIENTED_EDGE('',*,*,#4925,.F.);
#5199=ORIENTED_EDGE('',*,*,#4849,.F.);
#5200=ORIENTED_EDGE('',*,*,#3712,.F.);
#5201=EDGE_LOOP('',(#5189,#5191,#5193,#5195,#5197,#5198,#5199,#5200));
#5202=FACE_OUTER_BOUND('',#5201,.F.);
#5203=ADVANCED_FACE('',(#5202),#5188,.F.);
#5204=CARTESIAN_POINT('',(-3.32E0,0.E0,0.E0));
#5205=DIRECTION('',(1.E0,0.E0,0.E0));
#5206=DIRECTION('',(0.E0,0.E0,-1.E0));
#5207=AXIS2_PLACEMENT_3D('',#5204,#5205,#5206);
#5208=PLANE('',#5207);
#5210=ORIENTED_EDGE('',*,*,#5209,.T.);
#5211=ORIENTED_EDGE('',*,*,#3709,.F.);
#5213=ORIENTED_EDGE('',*,*,#5212,.T.);
#5215=ORIENTED_EDGE('',*,*,#5214,.T.);
#5217=ORIENTED_EDGE('',*,*,#5216,.T.);
#5219=ORIENTED_EDGE('',*,*,#5218,.T.);
#5220=EDGE_LOOP('',(#5210,#5211,#5213,#5215,#5217,#5219));
#5221=FACE_OUTER_BOUND('',#5220,.F.);
#5222=ADVANCED_FACE('',(#5221),#5208,.F.);
#5223=CARTESIAN_POINT('',(-3.32E0,1.18E0,-7.415E0));
#5224=DIRECTION('',(0.E0,-9.656800311022E-1,-2.597346290551E-1));
#5225=DIRECTION('',(0.E0,2.597346290551E-1,-9.656800311022E-1));
#5226=AXIS2_PLACEMENT_3D('',#5223,#5224,#5225);
#5227=PLANE('',#5226);
#5228=ORIENTED_EDGE('',*,*,#5190,.F.);
#5229=ORIENTED_EDGE('',*,*,#5179,.T.);
#5231=ORIENTED_EDGE('',*,*,#5230,.T.);
#5233=ORIENTED_EDGE('',*,*,#5232,.F.);
#5234=EDGE_LOOP('',(#5228,#5229,#5231,#5233));
#5235=FACE_OUTER_BOUND('',#5234,.F.);
#5236=ADVANCED_FACE('',(#5235),#5227,.T.);
#5237=CARTESIAN_POINT('',(-2.68E0,0.E0,0.E0));
#5238=DIRECTION('',(1.E0,0.E0,0.E0));
#5239=DIRECTION('',(0.E0,0.E0,-1.E0));
#5240=AXIS2_PLACEMENT_3D('',#5237,#5238,#5239);
#5241=PLANE('',#5240);
#5242=ORIENTED_EDGE('',*,*,#5177,.F.);
#5243=ORIENTED_EDGE('',*,*,#3740,.T.);
#5244=ORIENTED_EDGE('',*,*,#4864,.T.);
#5245=ORIENTED_EDGE('',*,*,#4950,.T.);
#5247=ORIENTED_EDGE('',*,*,#5246,.F.);
#5249=ORIENTED_EDGE('',*,*,#5248,.F.);
#5251=ORIENTED_EDGE('',*,*,#5250,.F.);
#5252=ORIENTED_EDGE('',*,*,#5230,.F.);
#5253=EDGE_LOOP('',(#5242,#5243,#5244,#5245,#5247,#5249,#5251,#5252));
#5254=FACE_OUTER_BOUND('',#5253,.F.);
#5255=ADVANCED_FACE('',(#5254),#5241,.T.);
#5256=CARTESIAN_POINT('',(-2.68E0,0.E0,0.E0));
#5257=DIRECTION('',(1.E0,0.E0,0.E0));
#5258=DIRECTION('',(0.E0,0.E0,-1.E0));
#5259=AXIS2_PLACEMENT_3D('',#5256,#5257,#5258);
#5260=PLANE('',#5259);
#5262=ORIENTED_EDGE('',*,*,#5261,.F.);
#5264=ORIENTED_EDGE('',*,*,#5263,.F.);
#5266=ORIENTED_EDGE('',*,*,#5265,.F.);
#5268=ORIENTED_EDGE('',*,*,#5267,.F.);
#5270=ORIENTED_EDGE('',*,*,#5269,.F.);
#5271=ORIENTED_EDGE('',*,*,#3724,.T.);
#5272=EDGE_LOOP('',(#5262,#5264,#5266,#5268,#5270,#5271));
#5273=FACE_OUTER_BOUND('',#5272,.F.);
#5274=ADVANCED_FACE('',(#5273),#5260,.T.);
#5275=CARTESIAN_POINT('',(-3.32E0,1.82E0,-7.415E0));
#5276=DIRECTION('',(0.E0,1.E0,0.E0));
#5277=DIRECTION('',(0.E0,0.E0,1.E0));
#5278=AXIS2_PLACEMENT_3D('',#5275,#5276,#5277);
#5279=PLANE('',#5278);
#5280=ORIENTED_EDGE('',*,*,#5196,.F.);
#5282=ORIENTED_EDGE('',*,*,#5281,.T.);
#5283=ORIENTED_EDGE('',*,*,#5246,.T.);
#5285=ORIENTED_EDGE('',*,*,#5284,.F.);
#5286=ORIENTED_EDGE('',*,*,#5143,.F.);
#5287=ORIENTED_EDGE('',*,*,#3620,.F.);
#5288=EDGE_LOOP('',(#5280,#5282,#5283,#5285,#5286,#5287));
#5289=FACE_OUTER_BOUND('',#5288,.F.);
#5290=ADVANCED_FACE('',(#5289),#5279,.T.);
#5291=CARTESIAN_POINT('',(-3.32E0,1.625E0,-8.14E0));
#5292=DIRECTION('',(0.E0,9.656800311022E-1,-2.597346290551E-1));
#5293=DIRECTION('',(0.E0,2.597346290551E-1,9.656800311022E-1));
#5294=AXIS2_PLACEMENT_3D('',#5291,#5292,#5293);
#5295=PLANE('',#5294);
#5296=ORIENTED_EDGE('',*,*,#5194,.F.);
#5298=ORIENTED_EDGE('',*,*,#5297,.T.);
#5299=ORIENTED_EDGE('',*,*,#5248,.T.);
#5300=ORIENTED_EDGE('',*,*,#5281,.F.);
#5301=EDGE_LOOP('',(#5296,#5298,#5299,#5300));
#5302=FACE_OUTER_BOUND('',#5301,.F.);
#5303=ADVANCED_FACE('',(#5302),#5295,.T.);
#5304=CARTESIAN_POINT('',(-3.32E0,1.375E0,-8.14E0));
#5305=DIRECTION('',(0.E0,0.E0,-1.E0));
#5306=DIRECTION('',(0.E0,1.E0,0.E0));
#5307=AXIS2_PLACEMENT_3D('',#5304,#5305,#5306);
#5308=PLANE('',#5307);
#5309=ORIENTED_EDGE('',*,*,#5192,.F.);
#5310=ORIENTED_EDGE('',*,*,#5232,.T.);
#5311=ORIENTED_EDGE('',*,*,#5250,.T.);
#5312=ORIENTED_EDGE('',*,*,#5297,.F.);
#5313=EDGE_LOOP('',(#5309,#5310,#5311,#5312));
#5314=FACE_OUTER_BOUND('',#5313,.F.);
#5315=ADVANCED_FACE('',(#5314),#5308,.T.);
#5316=CARTESIAN_POINT('',(-2.68E0,3.4E0,-3.96E0));
#5317=DIRECTION('',(1.E0,0.E0,0.E0));
#5318=DIRECTION('',(0.E0,0.E0,-1.E0));
#5319=AXIS2_PLACEMENT_3D('',#5316,#5317,#5318);
#5320=PLANE('',#5319);
#5321=ORIENTED_EDGE('',*,*,#3726,.T.);
#5323=ORIENTED_EDGE('',*,*,#5322,.F.);
#5324=ORIENTED_EDGE('',*,*,#5161,.T.);
#5325=ORIENTED_EDGE('',*,*,#3417,.F.);
#5326=ORIENTED_EDGE('',*,*,#4028,.F.);
#5327=ORIENTED_EDGE('',*,*,#3966,.T.);
#5328=EDGE_LOOP('',(#5321,#5323,#5324,#5325,#5326,#5327));
#5329=FACE_OUTER_BOUND('',#5328,.F.);
#5330=ADVANCED_FACE('',(#5329),#5320,.F.);
#5331=CARTESIAN_POINT('',(-2.68E0,3.4E0,-3.96E0));
#5332=DIRECTION('',(1.E0,0.E0,0.E0));
#5333=DIRECTION('',(0.E0,0.E0,-1.E0));
#5334=AXIS2_PLACEMENT_3D('',#5331,#5332,#5333);
#5335=PLANE('',#5334);
#5336=ORIENTED_EDGE('',*,*,#3722,.T.);
#5337=ORIENTED_EDGE('',*,*,#5175,.F.);
#5338=ORIENTED_EDGE('',*,*,#5133,.T.);
#5340=ORIENTED_EDGE('',*,*,#5339,.T.);
#5341=EDGE_LOOP('',(#5336,#5337,#5338,#5340));
#5342=FACE_OUTER_BOUND('',#5341,.F.);
#5343=ADVANCED_FACE('',(#5342),#5335,.F.);
#5344=CARTESIAN_POINT('',(-2.68E0,3.4E0,-3.96E0));
#5345=DIRECTION('',(1.E0,0.E0,0.E0));
#5346=DIRECTION('',(0.E0,0.E0,-1.E0));
#5347=AXIS2_PLACEMENT_3D('',#5344,#5345,#5346);
#5348=PLANE('',#5347);
#5349=ORIENTED_EDGE('',*,*,#5284,.T.);
#5350=ORIENTED_EDGE('',*,*,#4948,.T.);
#5351=ORIENTED_EDGE('',*,*,#5099,.T.);
#5352=ORIENTED_EDGE('',*,*,#5145,.T.);
#5353=EDGE_LOOP('',(#5349,#5350,#5351,#5352));
#5354=FACE_OUTER_BOUND('',#5353,.F.);
#5355=ADVANCED_FACE('',(#5354),#5348,.F.);
#5356=CARTESIAN_POINT('',(-3.32E0,-1.82E0,-3.96E0));
#5357=DIRECTION('',(0.E0,-1.E0,0.E0));
#5358=DIRECTION('',(0.E0,0.E0,-1.E0));
#5359=AXIS2_PLACEMENT_3D('',#5356,#5357,#5358);
#5360=PLANE('',#5359);
#5361=ORIENTED_EDGE('',*,*,#5212,.F.);
#5362=ORIENTED_EDGE('',*,*,#3594,.T.);
#5363=ORIENTED_EDGE('',*,*,#5157,.T.);
#5364=ORIENTED_EDGE('',*,*,#5322,.T.);
#5365=ORIENTED_EDGE('',*,*,#5269,.T.);
#5367=ORIENTED_EDGE('',*,*,#5366,.F.);
#5368=EDGE_LOOP('',(#5361,#5362,#5363,#5364,#5365,#5367));
#5369=FACE_OUTER_BOUND('',#5368,.F.);
#5370=ADVANCED_FACE('',(#5369),#5360,.T.);
#5371=CARTESIAN_POINT('',(-3.32E0,-1.82E0,-7.415E0));
#5372=DIRECTION('',(0.E0,-9.656800311022E-1,-2.597346290551E-1));
#5373=DIRECTION('',(0.E0,2.597346290551E-1,-9.656800311022E-1));
#5374=AXIS2_PLACEMENT_3D('',#5371,#5372,#5373);
#5375=PLANE('',#5374);
#5376=ORIENTED_EDGE('',*,*,#5214,.F.);
#5377=ORIENTED_EDGE('',*,*,#5366,.T.);
#5378=ORIENTED_EDGE('',*,*,#5267,.T.);
#5380=ORIENTED_EDGE('',*,*,#5379,.F.);
#5381=EDGE_LOOP('',(#5376,#5377,#5378,#5380));
#5382=FACE_OUTER_BOUND('',#5381,.F.);
#5383=ADVANCED_FACE('',(#5382),#5375,.T.);
#5384=CARTESIAN_POINT('',(-3.32E0,-1.625E0,-8.14E0));
#5385=DIRECTION('',(0.E0,0.E0,-1.E0));
#5386=DIRECTION('',(0.E0,1.E0,0.E0));
#5387=AXIS2_PLACEMENT_3D('',#5384,#5385,#5386);
#5388=PLANE('',#5387);
#5389=ORIENTED_EDGE('',*,*,#5216,.F.);
#5390=ORIENTED_EDGE('',*,*,#5379,.T.);
#5391=ORIENTED_EDGE('',*,*,#5265,.T.);
#5393=ORIENTED_EDGE('',*,*,#5392,.F.);
#5394=EDGE_LOOP('',(#5389,#5390,#5391,#5393));
#5395=FACE_OUTER_BOUND('',#5394,.F.);
#5396=ADVANCED_FACE('',(#5395),#5388,.T.);
#5397=CARTESIAN_POINT('',(-3.32E0,-1.375E0,-8.14E0));
#5398=DIRECTION('',(0.E0,9.656800311022E-1,-2.597346290551E-1));
#5399=DIRECTION('',(0.E0,2.597346290551E-1,9.656800311022E-1));
#5400=AXIS2_PLACEMENT_3D('',#5397,#5398,#5399);
#5401=PLANE('',#5400);
#5402=ORIENTED_EDGE('',*,*,#5218,.F.);
#5403=ORIENTED_EDGE('',*,*,#5392,.T.);
#5404=ORIENTED_EDGE('',*,*,#5263,.T.);
#5406=ORIENTED_EDGE('',*,*,#5405,.F.);
#5407=EDGE_LOOP('',(#5402,#5403,#5404,#5406));
#5408=FACE_OUTER_BOUND('',#5407,.F.);
#5409=ADVANCED_FACE('',(#5408),#5401,.T.);
#5410=CARTESIAN_POINT('',(-3.32E0,-1.18E0,-7.415E0));
#5411=DIRECTION('',(0.E0,1.E0,0.E0));
#5412=DIRECTION('',(0.E0,0.E0,1.E0));
#5413=AXIS2_PLACEMENT_3D('',#5410,#5411,#5412);
#5414=PLANE('',#5413);
#5415=ORIENTED_EDGE('',*,*,#5209,.F.);
#5416=ORIENTED_EDGE('',*,*,#5405,.T.);
#5417=ORIENTED_EDGE('',*,*,#5261,.T.);
#5418=ORIENTED_EDGE('',*,*,#5339,.F.);
#5419=ORIENTED_EDGE('',*,*,#5131,.F.);
#5420=ORIENTED_EDGE('',*,*,#3606,.F.);
#5421=EDGE_LOOP('',(#5415,#5416,#5417,#5418,#5419,#5420));
#5422=FACE_OUTER_BOUND('',#5421,.F.);
#5423=ADVANCED_FACE('',(#5422),#5414,.T.);
#5424=CARTESIAN_POINT('',(-3.2E-1,3.4E0,-4.96E0));
#5425=DIRECTION('',(-1.E0,0.E0,0.E0));
#5426=DIRECTION('',(0.E0,0.E0,1.E0));
#5427=AXIS2_PLACEMENT_3D('',#5424,#5425,#5426);
#5428=PLANE('',#5427);
#5429=ORIENTED_EDGE('',*,*,#3730,.F.);
#5430=ORIENTED_EDGE('',*,*,#3970,.F.);
#5431=ORIENTED_EDGE('',*,*,#4031,.T.);
#5432=ORIENTED_EDGE('',*,*,#3413,.T.);
#5434=ORIENTED_EDGE('',*,*,#5433,.F.);
#5436=ORIENTED_EDGE('',*,*,#5435,.F.);
#5437=EDGE_LOOP('',(#5429,#5430,#5431,#5432,#5434,#5436));
#5438=FACE_OUTER_BOUND('',#5437,.F.);
#5439=ADVANCED_FACE('',(#5438),#5428,.F.);
#5440=CARTESIAN_POINT('',(-3.2E-1,3.4E0,-4.96E0));
#5441=DIRECTION('',(-1.E0,0.E0,0.E0));
#5442=DIRECTION('',(0.E0,0.E0,1.E0));
#5443=AXIS2_PLACEMENT_3D('',#5440,#5441,#5442);
#5444=PLANE('',#5443);
#5445=ORIENTED_EDGE('',*,*,#3734,.F.);
#5447=ORIENTED_EDGE('',*,*,#5446,.T.);
#5449=ORIENTED_EDGE('',*,*,#5448,.F.);
#5451=ORIENTED_EDGE('',*,*,#5450,.F.);
#5452=EDGE_LOOP('',(#5445,#5447,#5449,#5451));
#5453=FACE_OUTER_BOUND('',#5452,.F.);
#5454=ADVANCED_FACE('',(#5453),#5444,.F.);
#5455=CARTESIAN_POINT('',(-3.2E-1,3.4E0,-4.96E0));
#5456=DIRECTION('',(-1.E0,0.E0,0.E0));
#5457=DIRECTION('',(0.E0,0.E0,1.E0));
#5458=AXIS2_PLACEMENT_3D('',#5455,#5456,#5457);
#5459=PLANE('',#5458);
#5461=ORIENTED_EDGE('',*,*,#5460,.T.);
#5463=ORIENTED_EDGE('',*,*,#5462,.F.);
#5464=ORIENTED_EDGE('',*,*,#5102,.F.);
#5465=ORIENTED_EDGE('',*,*,#4944,.F.);
#5466=EDGE_LOOP('',(#5461,#5463,#5464,#5465));
#5467=FACE_OUTER_BOUND('',#5466,.F.);
#5468=ADVANCED_FACE('',(#5467),#5459,.F.);
#5469=CARTESIAN_POINT('',(-3.2E-1,3.4E0,-3.96E0));
#5470=DIRECTION('',(0.E0,0.E0,1.E0));
#5471=DIRECTION('',(1.E0,0.E0,0.E0));
#5472=AXIS2_PLACEMENT_3D('',#5469,#5470,#5471);
#5473=PLANE('',#5472);
#5475=ORIENTED_EDGE('',*,*,#5474,.F.);
#5476=ORIENTED_EDGE('',*,*,#5448,.T.);
#5478=ORIENTED_EDGE('',*,*,#5477,.T.);
#5480=ORIENTED_EDGE('',*,*,#5479,.F.);
#5481=EDGE_LOOP('',(#5475,#5476,#5478,#5480));
#5482=FACE_OUTER_BOUND('',#5481,.F.);
#5483=ADVANCED_FACE('',(#5482),#5473,.F.);
#5484=CARTESIAN_POINT('',(-3.2E-1,3.4E0,-3.96E0));
#5485=DIRECTION('',(0.E0,0.E0,1.E0));
#5486=DIRECTION('',(1.E0,0.E0,0.E0));
#5487=AXIS2_PLACEMENT_3D('',#5484,#5485,#5486);
#5488=PLANE('',#5487);
#5490=ORIENTED_EDGE('',*,*,#5489,.T.);
#5492=ORIENTED_EDGE('',*,*,#5491,.F.);
#5493=ORIENTED_EDGE('',*,*,#5104,.F.);
#5494=ORIENTED_EDGE('',*,*,#5462,.T.);
#5495=EDGE_LOOP('',(#5490,#5492,#5493,#5494));
#5496=FACE_OUTER_BOUND('',#5495,.F.);
#5497=ADVANCED_FACE('',(#5496),#5488,.F.);
#5498=CARTESIAN_POINT('',(-3.2E-1,3.4E0,-3.96E0));
#5499=DIRECTION('',(0.E0,0.E0,1.E0));
#5500=DIRECTION('',(1.E0,0.E0,0.E0));
#5501=AXIS2_PLACEMENT_3D('',#5498,#5499,#5500);
#5502=PLANE('',#5501);
#5504=ORIENTED_EDGE('',*,*,#5503,.F.);
#5505=ORIENTED_EDGE('',*,*,#5433,.T.);
#5506=ORIENTED_EDGE('',*,*,#3411,.T.);
#5508=ORIENTED_EDGE('',*,*,#5507,.F.);
#5509=EDGE_LOOP('',(#5504,#5505,#5506,#5508));
#5510=FACE_OUTER_BOUND('',#5509,.F.);
#5511=ADVANCED_FACE('',(#5510),#5502,.F.);
#5512=CARTESIAN_POINT('',(-3.2E-1,1.18E0,-3.96E0));
#5513=DIRECTION('',(0.E0,-1.E0,0.E0));
#5514=DIRECTION('',(0.E0,0.E0,-1.E0));
#5515=AXIS2_PLACEMENT_3D('',#5512,#5513,#5514);
#5516=PLANE('',#5515);
#5518=ORIENTED_EDGE('',*,*,#5517,.F.);
#5519=ORIENTED_EDGE('',*,*,#5450,.T.);
#5520=ORIENTED_EDGE('',*,*,#5474,.T.);
#5522=ORIENTED_EDGE('',*,*,#5521,.T.);
#5524=ORIENTED_EDGE('',*,*,#5523,.T.);
#5526=ORIENTED_EDGE('',*,*,#5525,.F.);
#5527=EDGE_LOOP('',(#5518,#5519,#5520,#5522,#5524,#5526));
#5528=FACE_OUTER_BOUND('',#5527,.F.);
#5529=ADVANCED_FACE('',(#5528),#5516,.T.);
#5530=CARTESIAN_POINT('',(-3.2E-1,0.E0,0.E0));
#5531=DIRECTION('',(1.E0,0.E0,0.E0));
#5532=DIRECTION('',(0.E0,0.E0,-1.E0));
#5533=AXIS2_PLACEMENT_3D('',#5530,#5531,#5532);
#5534=PLANE('',#5533);
#5535=ORIENTED_EDGE('',*,*,#5517,.T.);
#5537=ORIENTED_EDGE('',*,*,#5536,.T.);
#5539=ORIENTED_EDGE('',*,*,#5538,.T.);
#5541=ORIENTED_EDGE('',*,*,#5540,.T.);
#5543=ORIENTED_EDGE('',*,*,#5542,.T.);
#5544=ORIENTED_EDGE('',*,*,#4942,.F.);
#5545=ORIENTED_EDGE('',*,*,#4860,.F.);
#5546=ORIENTED_EDGE('',*,*,#3736,.F.);
#5547=EDGE_LOOP('',(#5535,#5537,#5539,#5541,#5543,#5544,#5545,#5546));
#5548=FACE_OUTER_BOUND('',#5547,.F.);
#5549=ADVANCED_FACE('',(#5548),#5534,.F.);
#5550=CARTESIAN_POINT('',(-3.2E-1,0.E0,0.E0));
#5551=DIRECTION('',(1.E0,0.E0,0.E0));
#5552=DIRECTION('',(0.E0,0.E0,-1.E0));
#5553=AXIS2_PLACEMENT_3D('',#5550,#5551,#5552);
#5554=PLANE('',#5553);
#5556=ORIENTED_EDGE('',*,*,#5555,.T.);
#5557=ORIENTED_EDGE('',*,*,#3732,.F.);
#5559=ORIENTED_EDGE('',*,*,#5558,.T.);
#5561=ORIENTED_EDGE('',*,*,#5560,.T.);
#5563=ORIENTED_EDGE('',*,*,#5562,.T.);
#5565=ORIENTED_EDGE('',*,*,#5564,.T.);
#5566=EDGE_LOOP('',(#5556,#5557,#5559,#5561,#5563,#5565));
#5567=FACE_OUTER_BOUND('',#5566,.F.);
#5568=ADVANCED_FACE('',(#5567),#5554,.F.);
#5569=CARTESIAN_POINT('',(-3.2E-1,1.18E0,-7.415E0));
#5570=DIRECTION('',(0.E0,-9.656800311022E-1,-2.597346290551E-1));
#5571=DIRECTION('',(0.E0,2.597346290551E-1,-9.656800311022E-1));
#5572=AXIS2_PLACEMENT_3D('',#5569,#5570,#5571);
#5573=PLANE('',#5572);
#5574=ORIENTED_EDGE('',*,*,#5536,.F.);
#5575=ORIENTED_EDGE('',*,*,#5525,.T.);
#5577=ORIENTED_EDGE('',*,*,#5576,.T.);
#5579=ORIENTED_EDGE('',*,*,#5578,.F.);
#5580=EDGE_LOOP('',(#5574,#5575,#5577,#5579));
#5581=FACE_OUTER_BOUND('',#5580,.F.);
#5582=ADVANCED_FACE('',(#5581),#5573,.T.);
#5583=CARTESIAN_POINT('',(3.2E-1,0.E0,0.E0));
#5584=DIRECTION('',(1.E0,0.E0,0.E0));
#5585=DIRECTION('',(0.E0,0.E0,-1.E0));
#5586=AXIS2_PLACEMENT_3D('',#5583,#5584,#5585);
#5587=PLANE('',#5586);
#5588=ORIENTED_EDGE('',*,*,#5523,.F.);
#5589=ORIENTED_EDGE('',*,*,#3684,.T.);
#5590=ORIENTED_EDGE('',*,*,#4835,.T.);
#5591=ORIENTED_EDGE('',*,*,#4906,.T.);
#5593=ORIENTED_EDGE('',*,*,#5592,.F.);
#5595=ORIENTED_EDGE('',*,*,#5594,.F.);
#5597=ORIENTED_EDGE('',*,*,#5596,.F.);
#5598=ORIENTED_EDGE('',*,*,#5576,.F.);
#5599=EDGE_LOOP('',(#5588,#5589,#5590,#5591,#5593,#5595,#5597,#5598));
#5600=FACE_OUTER_BOUND('',#5599,.F.);
#5601=ADVANCED_FACE('',(#5600),#5587,.T.);
#5602=CARTESIAN_POINT('',(3.2E-1,0.E0,0.E0));
#5603=DIRECTION('',(1.E0,0.E0,0.E0));
#5604=DIRECTION('',(0.E0,0.E0,-1.E0));
#5605=AXIS2_PLACEMENT_3D('',#5602,#5603,#5604);
#5606=PLANE('',#5605);
#5608=ORIENTED_EDGE('',*,*,#5607,.F.);
#5610=ORIENTED_EDGE('',*,*,#5609,.F.);
#5612=ORIENTED_EDGE('',*,*,#5611,.F.);
#5614=ORIENTED_EDGE('',*,*,#5613,.F.);
#5616=ORIENTED_EDGE('',*,*,#5615,.F.);
#5617=ORIENTED_EDGE('',*,*,#3668,.T.);
#5618=EDGE_LOOP('',(#5608,#5610,#5612,#5614,#5616,#5617));
#5619=FACE_OUTER_BOUND('',#5618,.F.);
#5620=ADVANCED_FACE('',(#5619),#5606,.T.);
#5621=CARTESIAN_POINT('',(-3.2E-1,1.82E0,-7.415E0));
#5622=DIRECTION('',(0.E0,1.E0,0.E0));
#5623=DIRECTION('',(0.E0,0.E0,1.E0));
#5624=AXIS2_PLACEMENT_3D('',#5621,#5622,#5623);
#5625=PLANE('',#5624);
#5626=ORIENTED_EDGE('',*,*,#5542,.F.);
#5628=ORIENTED_EDGE('',*,*,#5627,.T.);
#5629=ORIENTED_EDGE('',*,*,#5592,.T.);
#5631=ORIENTED_EDGE('',*,*,#5630,.F.);
#5632=ORIENTED_EDGE('',*,*,#5489,.F.);
#5633=ORIENTED_EDGE('',*,*,#5460,.F.);
#5634=EDGE_LOOP('',(#5626,#5628,#5629,#5631,#5632,#5633));
#5635=FACE_OUTER_BOUND('',#5634,.F.);
#5636=ADVANCED_FACE('',(#5635),#5625,.T.);
#5637=CARTESIAN_POINT('',(-3.2E-1,1.625E0,-8.14E0));
#5638=DIRECTION('',(0.E0,9.656800311022E-1,-2.597346290551E-1));
#5639=DIRECTION('',(0.E0,2.597346290551E-1,9.656800311022E-1));
#5640=AXIS2_PLACEMENT_3D('',#5637,#5638,#5639);
#5641=PLANE('',#5640);
#5642=ORIENTED_EDGE('',*,*,#5540,.F.);
#5644=ORIENTED_EDGE('',*,*,#5643,.T.);
#5645=ORIENTED_EDGE('',*,*,#5594,.T.);
#5646=ORIENTED_EDGE('',*,*,#5627,.F.);
#5647=EDGE_LOOP('',(#5642,#5644,#5645,#5646));
#5648=FACE_OUTER_BOUND('',#5647,.F.);
#5649=ADVANCED_FACE('',(#5648),#5641,.T.);
#5650=CARTESIAN_POINT('',(-3.2E-1,1.375E0,-8.14E0));
#5651=DIRECTION('',(0.E0,0.E0,-1.E0));
#5652=DIRECTION('',(0.E0,1.E0,0.E0));
#5653=AXIS2_PLACEMENT_3D('',#5650,#5651,#5652);
#5654=PLANE('',#5653);
#5655=ORIENTED_EDGE('',*,*,#5538,.F.);
#5656=ORIENTED_EDGE('',*,*,#5578,.T.);
#5657=ORIENTED_EDGE('',*,*,#5596,.T.);
#5658=ORIENTED_EDGE('',*,*,#5643,.F.);
#5659=EDGE_LOOP('',(#5655,#5656,#5657,#5658));
#5660=FACE_OUTER_BOUND('',#5659,.F.);
#5661=ADVANCED_FACE('',(#5660),#5654,.T.);
#5662=CARTESIAN_POINT('',(3.2E-1,3.4E0,-3.96E0));
#5663=DIRECTION('',(1.E0,0.E0,0.E0));
#5664=DIRECTION('',(0.E0,0.E0,-1.E0));
#5665=AXIS2_PLACEMENT_3D('',#5662,#5663,#5664);
#5666=PLANE('',#5665);
#5667=ORIENTED_EDGE('',*,*,#3670,.T.);
#5669=ORIENTED_EDGE('',*,*,#5668,.F.);
#5670=ORIENTED_EDGE('',*,*,#5507,.T.);
#5671=ORIENTED_EDGE('',*,*,#3409,.F.);
#5672=ORIENTED_EDGE('',*,*,#3998,.F.);
#5673=ORIENTED_EDGE('',*,*,#3938,.T.);
#5674=EDGE_LOOP('',(#5667,#5669,#5670,#5671,#5672,#5673));
#5675=FACE_OUTER_BOUND('',#5674,.F.);
#5676=ADVANCED_FACE('',(#5675),#5666,.F.);
#5677=CARTESIAN_POINT('',(3.2E-1,3.4E0,-3.96E0));
#5678=DIRECTION('',(1.E0,0.E0,0.E0));
#5679=DIRECTION('',(0.E0,0.E0,-1.E0));
#5680=AXIS2_PLACEMENT_3D('',#5677,#5678,#5679);
#5681=PLANE('',#5680);
#5682=ORIENTED_EDGE('',*,*,#3666,.T.);
#5683=ORIENTED_EDGE('',*,*,#5521,.F.);
#5684=ORIENTED_EDGE('',*,*,#5479,.T.);
#5686=ORIENTED_EDGE('',*,*,#5685,.T.);
#5687=EDGE_LOOP('',(#5682,#5683,#5684,#5686));
#5688=FACE_OUTER_BOUND('',#5687,.F.);
#5689=ADVANCED_FACE('',(#5688),#5681,.F.);
#5690=CARTESIAN_POINT('',(3.2E-1,3.4E0,-3.96E0));
#5691=DIRECTION('',(1.E0,0.E0,0.E0));
#5692=DIRECTION('',(0.E0,0.E0,-1.E0));
#5693=AXIS2_PLACEMENT_3D('',#5690,#5691,#5692);
#5694=PLANE('',#5693);
#5695=ORIENTED_EDGE('',*,*,#5630,.T.);
#5696=ORIENTED_EDGE('',*,*,#4904,.T.);
#5697=ORIENTED_EDGE('',*,*,#5106,.T.);
#5698=ORIENTED_EDGE('',*,*,#5491,.T.);
#5699=EDGE_LOOP('',(#5695,#5696,#5697,#5698));
#5700=FACE_OUTER_BOUND('',#5699,.F.);
#5701=ADVANCED_FACE('',(#5700),#5694,.F.);
#5702=CARTESIAN_POINT('',(-3.2E-1,-1.82E0,-3.96E0));
#5703=DIRECTION('',(0.E0,-1.E0,0.E0));
#5704=DIRECTION('',(0.E0,0.E0,-1.E0));
#5705=AXIS2_PLACEMENT_3D('',#5702,#5703,#5704);
#5706=PLANE('',#5705);
#5707=ORIENTED_EDGE('',*,*,#5558,.F.);
#5708=ORIENTED_EDGE('',*,*,#5435,.T.);
#5709=ORIENTED_EDGE('',*,*,#5503,.T.);
#5710=ORIENTED_EDGE('',*,*,#5668,.T.);
#5711=ORIENTED_EDGE('',*,*,#5615,.T.);
#5713=ORIENTED_EDGE('',*,*,#5712,.F.);
#5714=EDGE_LOOP('',(#5707,#5708,#5709,#5710,#5711,#5713));
#5715=FACE_OUTER_BOUND('',#5714,.F.);
#5716=ADVANCED_FACE('',(#5715),#5706,.T.);
#5717=CARTESIAN_POINT('',(-3.2E-1,-1.82E0,-7.415E0));
#5718=DIRECTION('',(0.E0,-9.656800311022E-1,-2.597346290551E-1));
#5719=DIRECTION('',(0.E0,2.597346290551E-1,-9.656800311022E-1));
#5720=AXIS2_PLACEMENT_3D('',#5717,#5718,#5719);
#5721=PLANE('',#5720);
#5722=ORIENTED_EDGE('',*,*,#5560,.F.);
#5723=ORIENTED_EDGE('',*,*,#5712,.T.);
#5724=ORIENTED_EDGE('',*,*,#5613,.T.);
#5726=ORIENTED_EDGE('',*,*,#5725,.F.);
#5727=EDGE_LOOP('',(#5722,#5723,#5724,#5726));
#5728=FACE_OUTER_BOUND('',#5727,.F.);
#5729=ADVANCED_FACE('',(#5728),#5721,.T.);
#5730=CARTESIAN_POINT('',(-3.2E-1,-1.625E0,-8.14E0));
#5731=DIRECTION('',(0.E0,0.E0,-1.E0));
#5732=DIRECTION('',(0.E0,1.E0,0.E0));
#5733=AXIS2_PLACEMENT_3D('',#5730,#5731,#5732);
#5734=PLANE('',#5733);
#5735=ORIENTED_EDGE('',*,*,#5562,.F.);
#5736=ORIENTED_EDGE('',*,*,#5725,.T.);
#5737=ORIENTED_EDGE('',*,*,#5611,.T.);
#5739=ORIENTED_EDGE('',*,*,#5738,.F.);
#5740=EDGE_LOOP('',(#5735,#5736,#5737,#5739));
#5741=FACE_OUTER_BOUND('',#5740,.F.);
#5742=ADVANCED_FACE('',(#5741),#5734,.T.);
#5743=CARTESIAN_POINT('',(-3.2E-1,-1.375E0,-8.14E0));
#5744=DIRECTION('',(0.E0,9.656800311022E-1,-2.597346290551E-1));
#5745=DIRECTION('',(0.E0,2.597346290551E-1,9.656800311022E-1));
#5746=AXIS2_PLACEMENT_3D('',#5743,#5744,#5745);
#5747=PLANE('',#5746);
#5748=ORIENTED_EDGE('',*,*,#5564,.F.);
#5749=ORIENTED_EDGE('',*,*,#5738,.T.);
#5750=ORIENTED_EDGE('',*,*,#5609,.T.);
#5752=ORIENTED_EDGE('',*,*,#5751,.F.);
#5753=EDGE_LOOP('',(#5748,#5749,#5750,#5752));
#5754=FACE_OUTER_BOUND('',#5753,.F.);
#5755=ADVANCED_FACE('',(#5754),#5747,.T.);
#5756=CARTESIAN_POINT('',(-3.2E-1,-1.18E0,-7.415E0));
#5757=DIRECTION('',(0.E0,1.E0,0.E0));
#5758=DIRECTION('',(0.E0,0.E0,1.E0));
#5759=AXIS2_PLACEMENT_3D('',#5756,#5757,#5758);
#5760=PLANE('',#5759);
#5761=ORIENTED_EDGE('',*,*,#5555,.F.);
#5762=ORIENTED_EDGE('',*,*,#5751,.T.);
#5763=ORIENTED_EDGE('',*,*,#5607,.T.);
#5764=ORIENTED_EDGE('',*,*,#5685,.F.);
#5765=ORIENTED_EDGE('',*,*,#5477,.F.);
#5766=ORIENTED_EDGE('',*,*,#5446,.F.);
#5767=EDGE_LOOP('',(#5761,#5762,#5763,#5764,#5765,#5766));
#5768=FACE_OUTER_BOUND('',#5767,.F.);
#5769=ADVANCED_FACE('',(#5768),#5760,.T.);
#5770=CARTESIAN_POINT('',(2.68E0,3.4E0,-3.96E0));
#5771=DIRECTION('',(0.E0,0.E0,1.E0));
#5772=DIRECTION('',(1.E0,0.E0,0.E0));
#5773=AXIS2_PLACEMENT_3D('',#5770,#5771,#5772);
#5774=PLANE('',#5773);
#5775=ORIENTED_EDGE('',*,*,#3862,.F.);
#5776=ORIENTED_EDGE('',*,*,#3897,.T.);
#5778=ORIENTED_EDGE('',*,*,#5777,.T.);
#5779=ORIENTED_EDGE('',*,*,#3771,.F.);
#5780=EDGE_LOOP('',(#5775,#5776,#5778,#5779));
#5781=FACE_OUTER_BOUND('',#5780,.F.);
#5782=ADVANCED_FACE('',(#5781),#5774,.F.);
#5783=CARTESIAN_POINT('',(2.68E0,3.4E0,-3.96E0));
#5784=DIRECTION('',(0.E0,0.E0,1.E0));
#5785=DIRECTION('',(1.E0,0.E0,0.E0));
#5786=AXIS2_PLACEMENT_3D('',#5783,#5784,#5785);
#5787=PLANE('',#5786);
#5789=ORIENTED_EDGE('',*,*,#5788,.T.);
#5790=ORIENTED_EDGE('',*,*,#3789,.F.);
#5791=ORIENTED_EDGE('',*,*,#5110,.F.);
#5792=ORIENTED_EDGE('',*,*,#3910,.T.);
#5793=EDGE_LOOP('',(#5789,#5790,#5791,#5792));
#5794=FACE_OUTER_BOUND('',#5793,.F.);
#5795=ADVANCED_FACE('',(#5794),#5787,.F.);
#5796=CARTESIAN_POINT('',(2.68E0,3.4E0,-3.96E0));
#5797=DIRECTION('',(0.E0,0.E0,1.E0));
#5798=DIRECTION('',(1.E0,0.E0,0.E0));
#5799=AXIS2_PLACEMENT_3D('',#5796,#5797,#5798);
#5800=PLANE('',#5799);
#5801=ORIENTED_EDGE('',*,*,#3803,.F.);
#5802=ORIENTED_EDGE('',*,*,#3883,.T.);
#5803=ORIENTED_EDGE('',*,*,#3403,.T.);
#5804=ORIENTED_EDGE('',*,*,#3753,.F.);
#5805=EDGE_LOOP('',(#5801,#5802,#5803,#5804));
#5806=FACE_OUTER_BOUND('',#5805,.F.);
#5807=ADVANCED_FACE('',(#5806),#5800,.F.);
#5808=CARTESIAN_POINT('',(2.68E0,-1.18E0,-7.415E0));
#5809=DIRECTION('',(0.E0,1.E0,0.E0));
#5810=DIRECTION('',(0.E0,0.E0,1.E0));
#5811=AXIS2_PLACEMENT_3D('',#5808,#5809,#5810);
#5812=PLANE('',#5811);
#5813=ORIENTED_EDGE('',*,*,#3841,.F.);
#5815=ORIENTED_EDGE('',*,*,#5814,.T.);
#5817=ORIENTED_EDGE('',*,*,#5816,.T.);
#5818=ORIENTED_EDGE('',*,*,#3773,.F.);
#5819=ORIENTED_EDGE('',*,*,#5777,.F.);
#5820=ORIENTED_EDGE('',*,*,#3895,.F.);
#5821=EDGE_LOOP('',(#5813,#5815,#5817,#5818,#5819,#5820));
#5822=FACE_OUTER_BOUND('',#5821,.F.);
#5823=ADVANCED_FACE('',(#5822),#5812,.T.);
#5824=CARTESIAN_POINT('',(2.68E0,-1.375E0,-8.14E0));
#5825=DIRECTION('',(0.E0,9.656800311022E-1,-2.597346290551E-1));
#5826=DIRECTION('',(0.E0,2.597346290551E-1,9.656800311022E-1));
#5827=AXIS2_PLACEMENT_3D('',#5824,#5825,#5826);
#5828=PLANE('',#5827);
#5829=ORIENTED_EDGE('',*,*,#3849,.F.);
#5831=ORIENTED_EDGE('',*,*,#5830,.T.);
#5833=ORIENTED_EDGE('',*,*,#5832,.T.);
#5834=ORIENTED_EDGE('',*,*,#5814,.F.);
#5835=EDGE_LOOP('',(#5829,#5831,#5833,#5834));
#5836=FACE_OUTER_BOUND('',#5835,.F.);
#5837=ADVANCED_FACE('',(#5836),#5828,.T.);
#5838=CARTESIAN_POINT('',(2.68E0,-1.625E0,-8.14E0));
#5839=DIRECTION('',(0.E0,0.E0,-1.E0));
#5840=DIRECTION('',(0.E0,1.E0,0.E0));
#5841=AXIS2_PLACEMENT_3D('',#5838,#5839,#5840);
#5842=PLANE('',#5841);
#5843=ORIENTED_EDGE('',*,*,#3847,.F.);
#5845=ORIENTED_EDGE('',*,*,#5844,.T.);
#5847=ORIENTED_EDGE('',*,*,#5846,.T.);
#5848=ORIENTED_EDGE('',*,*,#5830,.F.);
#5849=EDGE_LOOP('',(#5843,#5845,#5847,#5848));
#5850=FACE_OUTER_BOUND('',#5849,.F.);
#5851=ADVANCED_FACE('',(#5850),#5842,.T.);
#5852=CARTESIAN_POINT('',(2.68E0,-1.82E0,-7.415E0));
#5853=DIRECTION('',(0.E0,-9.656800311022E-1,-2.597346290551E-1));
#5854=DIRECTION('',(0.E0,2.597346290551E-1,-9.656800311022E-1));
#5855=AXIS2_PLACEMENT_3D('',#5852,#5853,#5854);
#5856=PLANE('',#5855);
#5857=ORIENTED_EDGE('',*,*,#3845,.F.);
#5858=ORIENTED_EDGE('',*,*,#3808,.T.);
#5860=ORIENTED_EDGE('',*,*,#5859,.T.);
#5861=ORIENTED_EDGE('',*,*,#5844,.F.);
#5862=EDGE_LOOP('',(#5857,#5858,#5860,#5861));
#5863=FACE_OUTER_BOUND('',#5862,.F.);
#5864=ADVANCED_FACE('',(#5863),#5856,.T.);
#5865=CARTESIAN_POINT('',(3.32E0,0.E0,0.E0));
#5866=DIRECTION('',(1.E0,0.E0,0.E0));
#5867=DIRECTION('',(0.E0,0.E0,-1.E0));
#5868=AXIS2_PLACEMENT_3D('',#5865,#5866,#5867);
#5869=PLANE('',#5868);
#5870=ORIENTED_EDGE('',*,*,#3865,.F.);
#5871=ORIENTED_EDGE('',*,*,#3656,.T.);
#5872=ORIENTED_EDGE('',*,*,#4821,.T.);
#5873=ORIENTED_EDGE('',*,*,#4883,.T.);
#5875=ORIENTED_EDGE('',*,*,#5874,.F.);
#5877=ORIENTED_EDGE('',*,*,#5876,.F.);
#5879=ORIENTED_EDGE('',*,*,#5878,.F.);
#5881=ORIENTED_EDGE('',*,*,#5880,.F.);
#5882=EDGE_LOOP('',(#5870,#5871,#5872,#5873,#5875,#5877,#5879,#5881));
#5883=FACE_OUTER_BOUND('',#5882,.F.);
#5884=ADVANCED_FACE('',(#5883),#5869,.T.);
#5885=CARTESIAN_POINT('',(3.32E0,0.E0,0.E0));
#5886=DIRECTION('',(1.E0,0.E0,0.E0));
#5887=DIRECTION('',(0.E0,0.E0,-1.E0));
#5888=AXIS2_PLACEMENT_3D('',#5885,#5886,#5887);
#5889=PLANE('',#5888);
#5890=ORIENTED_EDGE('',*,*,#5816,.F.);
#5891=ORIENTED_EDGE('',*,*,#5832,.F.);
#5892=ORIENTED_EDGE('',*,*,#5846,.F.);
#5893=ORIENTED_EDGE('',*,*,#5859,.F.);
#5894=ORIENTED_EDGE('',*,*,#3806,.F.);
#5895=ORIENTED_EDGE('',*,*,#3638,.T.);
#5896=EDGE_LOOP('',(#5890,#5891,#5892,#5893,#5894,#5895));
#5897=FACE_OUTER_BOUND('',#5896,.F.);
#5898=ADVANCED_FACE('',(#5897),#5889,.T.);
#5899=CARTESIAN_POINT('',(2.68E0,1.82E0,-7.415E0));
#5900=DIRECTION('',(0.E0,1.E0,0.E0));
#5901=DIRECTION('',(0.E0,0.E0,1.E0));
#5902=AXIS2_PLACEMENT_3D('',#5899,#5900,#5901);
#5903=PLANE('',#5902);
#5904=ORIENTED_EDGE('',*,*,#3826,.F.);
#5906=ORIENTED_EDGE('',*,*,#5905,.T.);
#5907=ORIENTED_EDGE('',*,*,#5874,.T.);
#5908=ORIENTED_EDGE('',*,*,#3783,.F.);
#5909=ORIENTED_EDGE('',*,*,#5788,.F.);
#5910=ORIENTED_EDGE('',*,*,#3908,.F.);
#5911=EDGE_LOOP('',(#5904,#5906,#5907,#5908,#5909,#5910));
#5912=FACE_OUTER_BOUND('',#5911,.F.);
#5913=ADVANCED_FACE('',(#5912),#5903,.T.);
#5914=CARTESIAN_POINT('',(2.68E0,1.625E0,-8.14E0));
#5915=DIRECTION('',(0.E0,9.656800311022E-1,-2.597346290551E-1));
#5916=DIRECTION('',(0.E0,2.597346290551E-1,9.656800311022E-1));
#5917=AXIS2_PLACEMENT_3D('',#5914,#5915,#5916);
#5918=PLANE('',#5917);
#5919=ORIENTED_EDGE('',*,*,#3824,.F.);
#5921=ORIENTED_EDGE('',*,*,#5920,.T.);
#5922=ORIENTED_EDGE('',*,*,#5876,.T.);
#5923=ORIENTED_EDGE('',*,*,#5905,.F.);
#5924=EDGE_LOOP('',(#5919,#5921,#5922,#5923));
#5925=FACE_OUTER_BOUND('',#5924,.F.);
#5926=ADVANCED_FACE('',(#5925),#5918,.T.);
#5927=CARTESIAN_POINT('',(2.68E0,1.375E0,-8.14E0));
#5928=DIRECTION('',(0.E0,0.E0,-1.E0));
#5929=DIRECTION('',(0.E0,1.E0,0.E0));
#5930=AXIS2_PLACEMENT_3D('',#5927,#5928,#5929);
#5931=PLANE('',#5930);
#5932=ORIENTED_EDGE('',*,*,#3822,.F.);
#5934=ORIENTED_EDGE('',*,*,#5933,.T.);
#5935=ORIENTED_EDGE('',*,*,#5878,.T.);
#5936=ORIENTED_EDGE('',*,*,#5920,.F.);
#5937=EDGE_LOOP('',(#5932,#5934,#5935,#5936));
#5938=FACE_OUTER_BOUND('',#5937,.F.);
#5939=ADVANCED_FACE('',(#5938),#5931,.T.);
#5940=CARTESIAN_POINT('',(2.68E0,1.18E0,-7.415E0));
#5941=DIRECTION('',(0.E0,-9.656800311022E-1,-2.597346290551E-1));
#5942=DIRECTION('',(0.E0,2.597346290551E-1,-9.656800311022E-1));
#5943=AXIS2_PLACEMENT_3D('',#5940,#5941,#5942);
#5944=PLANE('',#5943);
#5945=ORIENTED_EDGE('',*,*,#3820,.F.);
#5946=ORIENTED_EDGE('',*,*,#3867,.T.);
#5947=ORIENTED_EDGE('',*,*,#5880,.T.);
#5948=ORIENTED_EDGE('',*,*,#5933,.F.);
#5949=EDGE_LOOP('',(#5945,#5946,#5947,#5948));
#5950=FACE_OUTER_BOUND('',#5949,.F.);
#5951=ADVANCED_FACE('',(#5950),#5944,.T.);
#5952=CARTESIAN_POINT('',(4.925E0,3.4E0,-3.21E0));
#5953=DIRECTION('',(1.E0,0.E0,0.E0));
#5954=DIRECTION('',(0.E0,0.E0,-1.E0));
#5955=AXIS2_PLACEMENT_3D('',#5952,#5953,#5954);
#5956=PLANE('',#5955);
#5957=ORIENTED_EDGE('',*,*,#4964,.T.);
#5959=ORIENTED_EDGE('',*,*,#5958,.T.);
#5960=ORIENTED_EDGE('',*,*,#5114,.T.);
#5961=ORIENTED_EDGE('',*,*,#4878,.T.);
#5962=EDGE_LOOP('',(#5957,#5959,#5960,#5961));
#5963=FACE_OUTER_BOUND('',#5962,.F.);
#5964=ADVANCED_FACE('',(#5963),#5956,.F.);
#5965=CARTESIAN_POINT('',(-4.925E0,3.4E0,-3.21E0));
#5966=DIRECTION('',(0.E0,0.E0,1.E0));
#5967=DIRECTION('',(1.E0,0.E0,0.E0));
#5968=AXIS2_PLACEMENT_3D('',#5965,#5966,#5967);
#5969=PLANE('',#5968);
#5970=ORIENTED_EDGE('',*,*,#4962,.F.);
#5971=ORIENTED_EDGE('',*,*,#5086,.T.);
#5972=ORIENTED_EDGE('',*,*,#5116,.T.);
#5973=ORIENTED_EDGE('',*,*,#5958,.F.);
#5974=EDGE_LOOP('',(#5970,#5971,#5972,#5973));
#5975=FACE_OUTER_BOUND('',#5974,.F.);
#5976=ADVANCED_FACE('',(#5975),#5969,.F.);
#5977=CARTESIAN_POINT('',(-6.325E0,3.4E0,4.95E0));
#5978=DIRECTION('',(0.E0,0.E0,1.E0));
#5979=DIRECTION('',(0.E0,-1.E0,0.E0));
#5980=AXIS2_PLACEMENT_3D('',#5977,#5978,#5979);
#5981=PLANE('',#5980);
#5982=ORIENTED_EDGE('',*,*,#4355,.F.);
#5983=ORIENTED_EDGE('',*,*,#4126,.T.);
#5984=ORIENTED_EDGE('',*,*,#3391,.F.);
#5986=ORIENTED_EDGE('',*,*,#5985,.F.);
#5987=ORIENTED_EDGE('',*,*,#4654,.T.);
#5989=ORIENTED_EDGE('',*,*,#5988,.F.);
#5990=ORIENTED_EDGE('',*,*,#4971,.T.);
#5991=ORIENTED_EDGE('',*,*,#4106,.T.);
#5992=EDGE_LOOP('',(#5982,#5983,#5984,#5986,#5987,#5989,#5990,#5991));
#5993=FACE_OUTER_BOUND('',#5992,.F.);
#5995=ORIENTED_EDGE('',*,*,#5994,.T.);
#5997=ORIENTED_EDGE('',*,*,#5996,.T.);
#5999=ORIENTED_EDGE('',*,*,#5998,.T.);
#6001=ORIENTED_EDGE('',*,*,#6000,.T.);
#6003=ORIENTED_EDGE('',*,*,#6002,.T.);
#6004=EDGE_LOOP('',(#5995,#5997,#5999,#6001,#6003));
#6005=FACE_BOUND('',#6004,.F.);
#6007=ORIENTED_EDGE('',*,*,#6006,.T.);
#6009=ORIENTED_EDGE('',*,*,#6008,.T.);
#6011=ORIENTED_EDGE('',*,*,#6010,.T.);
#6013=ORIENTED_EDGE('',*,*,#6012,.T.);
#6015=ORIENTED_EDGE('',*,*,#6014,.T.);
#6016=EDGE_LOOP('',(#6007,#6009,#6011,#6013,#6015));
#6017=FACE_BOUND('',#6016,.F.);
#6019=ORIENTED_EDGE('',*,*,#6018,.T.);
#6021=ORIENTED_EDGE('',*,*,#6020,.T.);
#6023=ORIENTED_EDGE('',*,*,#6022,.T.);
#6025=ORIENTED_EDGE('',*,*,#6024,.T.);
#6027=ORIENTED_EDGE('',*,*,#6026,.T.);
#6028=EDGE_LOOP('',(#6019,#6021,#6023,#6025,#6027));
#6029=FACE_BOUND('',#6028,.F.);
#6031=ORIENTED_EDGE('',*,*,#6030,.T.);
#6033=ORIENTED_EDGE('',*,*,#6032,.T.);
#6035=ORIENTED_EDGE('',*,*,#6034,.T.);
#6037=ORIENTED_EDGE('',*,*,#6036,.T.);
#6039=ORIENTED_EDGE('',*,*,#6038,.T.);
#6040=EDGE_LOOP('',(#6031,#6033,#6035,#6037,#6039));
#6041=FACE_BOUND('',#6040,.F.);
#6043=ORIENTED_EDGE('',*,*,#6042,.T.);
#6045=ORIENTED_EDGE('',*,*,#6044,.T.);
#6047=ORIENTED_EDGE('',*,*,#6046,.T.);
#6049=ORIENTED_EDGE('',*,*,#6048,.T.);
#6051=ORIENTED_EDGE('',*,*,#6050,.T.);
#6052=EDGE_LOOP('',(#6043,#6045,#6047,#6049,#6051));
#6053=FACE_BOUND('',#6052,.F.);
#6055=ORIENTED_EDGE('',*,*,#6054,.T.);
#6057=ORIENTED_EDGE('',*,*,#6056,.T.);
#6059=ORIENTED_EDGE('',*,*,#6058,.T.);
#6061=ORIENTED_EDGE('',*,*,#6060,.T.);
#6063=ORIENTED_EDGE('',*,*,#6062,.T.);
#6064=EDGE_LOOP('',(#6055,#6057,#6059,#6061,#6063));
#6065=FACE_BOUND('',#6064,.F.);
#6066=ADVANCED_FACE('',(#5993,#6005,#6017,#6029,#6041,#6053,#6065),#5981,.T.);
#6067=CARTESIAN_POINT('',(-4.925E0,3.4E0,4.95E0));
#6068=DIRECTION('',(7.071067811865E-1,0.E0,-7.071067811865E-1));
#6069=DIRECTION('',(-7.071067811865E-1,0.E0,-7.071067811865E-1));
#6070=AXIS2_PLACEMENT_3D('',#6067,#6068,#6069);
#6071=PLANE('',#6070);
#6072=ORIENTED_EDGE('',*,*,#4149,.T.);
#6073=ORIENTED_EDGE('',*,*,#3304,.F.);
#6074=ORIENTED_EDGE('',*,*,#4973,.F.);
#6075=ORIENTED_EDGE('',*,*,#5988,.T.);
#6076=EDGE_LOOP('',(#6072,#6073,#6074,#6075));
#6077=FACE_OUTER_BOUND('',#6076,.F.);
#6078=ADVANCED_FACE('',(#6077),#6071,.F.);
#6079=CARTESIAN_POINT('',(-4.925E0,3.4E0,4.95E0));
#6080=DIRECTION('',(7.071067811865E-1,0.E0,-7.071067811865E-1));
#6081=DIRECTION('',(-7.071067811865E-1,0.E0,-7.071067811865E-1));
#6082=AXIS2_PLACEMENT_3D('',#6079,#6080,#6081);
#6083=PLANE('',#6082);
#6085=ORIENTED_EDGE('',*,*,#6084,.F.);
#6086=ORIENTED_EDGE('',*,*,#5985,.T.);
#6087=ORIENTED_EDGE('',*,*,#3389,.T.);
#6088=ORIENTED_EDGE('',*,*,#3372,.F.);
#6089=ORIENTED_EDGE('',*,*,#3284,.F.);
#6090=EDGE_LOOP('',(#6085,#6086,#6087,#6088,#6089));
#6091=FACE_OUTER_BOUND('',#6090,.F.);
#6092=ADVANCED_FACE('',(#6091),#6083,.F.);
#6093=CARTESIAN_POINT('',(0.E0,-2.53E0,0.E0));
#6094=DIRECTION('',(0.E0,1.E0,0.E0));
#6095=DIRECTION('',(1.E0,0.E0,0.E0));
#6096=AXIS2_PLACEMENT_3D('',#6093,#6094,#6095);
#6097=PLANE('',#6096);
#6098=ORIENTED_EDGE('',*,*,#4120,.T.);
#6099=ORIENTED_EDGE('',*,*,#4353,.F.);
#6100=ORIENTED_EDGE('',*,*,#4167,.F.);
#6101=EDGE_LOOP('',(#6098,#6099,#6100));
#6102=FACE_OUTER_BOUND('',#6101,.F.);
#6103=ADVANCED_FACE('',(#6102),#6097,.T.);
#6104=CARTESIAN_POINT('',(0.E0,-2.53E0,0.E0));
#6105=DIRECTION('',(0.E0,1.E0,0.E0));
#6106=DIRECTION('',(1.E0,0.E0,0.E0));
#6107=AXIS2_PLACEMENT_3D('',#6104,#6105,#6106);
#6108=PLANE('',#6107);
#6109=ORIENTED_EDGE('',*,*,#6084,.T.);
#6111=ORIENTED_EDGE('',*,*,#6110,.F.);
#6112=ORIENTED_EDGE('',*,*,#4656,.F.);
#6113=EDGE_LOOP('',(#6109,#6111,#6112));
#6114=FACE_OUTER_BOUND('',#6113,.F.);
#6115=ADVANCED_FACE('',(#6114),#6108,.T.);
#6116=CARTESIAN_POINT('',(-4.925E0,2.47E0,3.55E0));
#6117=DIRECTION('',(0.E0,0.E0,-1.E0));
#6118=DIRECTION('',(-1.E0,0.E0,0.E0));
#6119=AXIS2_PLACEMENT_3D('',#6116,#6117,#6118);
#6120=PLANE('',#6119);
#6121=ORIENTED_EDGE('',*,*,#3325,.F.);
#6122=ORIENTED_EDGE('',*,*,#4658,.T.);
#6123=ORIENTED_EDGE('',*,*,#6110,.T.);
#6124=ORIENTED_EDGE('',*,*,#3282,.T.);
#6125=EDGE_LOOP('',(#6121,#6122,#6123,#6124));
#6126=FACE_OUTER_BOUND('',#6125,.F.);
#6127=ADVANCED_FACE('',(#6126),#6120,.F.);
#6128=CARTESIAN_POINT('',(-4.925E0,2.47E0,3.55E0));
#6129=DIRECTION('',(0.E0,0.E0,-1.E0));
#6130=DIRECTION('',(-1.E0,0.E0,0.E0));
#6131=AXIS2_PLACEMENT_3D('',#6128,#6129,#6130);
#6132=PLANE('',#6131);
#6134=ORIENTED_EDGE('',*,*,#6133,.T.);
#6135=ORIENTED_EDGE('',*,*,#3306,.T.);
#6136=ORIENTED_EDGE('',*,*,#4153,.F.);
#6137=ORIENTED_EDGE('',*,*,#4651,.T.);
#6138=EDGE_LOOP('',(#6134,#6135,#6136,#6137));
#6139=FACE_OUTER_BOUND('',#6138,.F.);
#6140=ADVANCED_FACE('',(#6139),#6132,.F.);
#6141=CARTESIAN_POINT('',(-6.825E0,1.345E0,5.E-2));
#6142=DIRECTION('',(0.E0,-1.E0,0.E0));
#6143=DIRECTION('',(0.E0,0.E0,1.E0));
#6144=AXIS2_PLACEMENT_3D('',#6141,#6142,#6143);
#6145=PLANE('',#6144);
#6146=ORIENTED_EDGE('',*,*,#3298,.F.);
#6147=ORIENTED_EDGE('',*,*,#6133,.F.);
#6148=ORIENTED_EDGE('',*,*,#4649,.F.);
#6150=ORIENTED_EDGE('',*,*,#6149,.F.);
#6151=ORIENTED_EDGE('',*,*,#4710,.F.);
#6152=ORIENTED_EDGE('',*,*,#3349,.F.);
#6153=EDGE_LOOP('',(#6146,#6147,#6148,#6150,#6151,#6152));
#6154=FACE_OUTER_BOUND('',#6153,.F.);
#6155=ADVANCED_FACE('',(#6154),#6145,.T.);
#6156=CARTESIAN_POINT('',(-6.825E0,8.75E-1,5.E-2));
#6157=DIRECTION('',(0.E0,0.E0,1.E0));
#6158=DIRECTION('',(0.E0,1.E0,0.E0));
#6159=AXIS2_PLACEMENT_3D('',#6156,#6157,#6158);
#6160=PLANE('',#6159);
#6161=ORIENTED_EDGE('',*,*,#4677,.F.);
#6162=ORIENTED_EDGE('',*,*,#4712,.T.);
#6163=ORIENTED_EDGE('',*,*,#6149,.T.);
#6164=ORIENTED_EDGE('',*,*,#4647,.F.);
#6165=EDGE_LOOP('',(#6161,#6162,#6163,#6164));
#6166=FACE_OUTER_BOUND('',#6165,.F.);
#6167=ADVANCED_FACE('',(#6166),#6160,.T.);
#6168=CARTESIAN_POINT('',(1.73E0,2.74E0,4.95E0));
#6169=DIRECTION('',(-1.E0,0.E0,0.E0));
#6170=DIRECTION('',(0.E0,-1.E0,0.E0));
#6171=AXIS2_PLACEMENT_3D('',#6168,#6169,#6170);
#6172=PLANE('',#6171);
#6173=ORIENTED_EDGE('',*,*,#5994,.F.);
#6175=ORIENTED_EDGE('',*,*,#6174,.T.);
#6177=ORIENTED_EDGE('',*,*,#6176,.T.);
#6179=ORIENTED_EDGE('',*,*,#6178,.F.);
#6180=EDGE_LOOP('',(#6173,#6175,#6177,#6179));
#6181=FACE_OUTER_BOUND('',#6180,.F.);
#6182=ADVANCED_FACE('',(#6181),#6172,.F.);
#6183=CARTESIAN_POINT('',(4.27E0,2.74E0,4.95E0));
#6184=DIRECTION('',(0.E0,1.E0,0.E0));
#6185=DIRECTION('',(-1.E0,0.E0,0.E0));
#6186=AXIS2_PLACEMENT_3D('',#6183,#6184,#6185);
#6187=PLANE('',#6186);
#6188=ORIENTED_EDGE('',*,*,#6002,.F.);
#6190=ORIENTED_EDGE('',*,*,#6189,.T.);
#6192=ORIENTED_EDGE('',*,*,#6191,.T.);
#6193=ORIENTED_EDGE('',*,*,#6174,.F.);
#6194=EDGE_LOOP('',(#6188,#6190,#6192,#6193));
#6195=FACE_OUTER_BOUND('',#6194,.F.);
#6196=ADVANCED_FACE('',(#6195),#6187,.F.);
#6197=CARTESIAN_POINT('',(4.27E0,9.E-1,4.95E0));
#6198=DIRECTION('',(1.E0,0.E0,0.E0));
#6199=DIRECTION('',(0.E0,1.E0,0.E0));
#6200=AXIS2_PLACEMENT_3D('',#6197,#6198,#6199);
#6201=PLANE('',#6200);
#6202=ORIENTED_EDGE('',*,*,#6000,.F.);
#6204=ORIENTED_EDGE('',*,*,#6203,.T.);
#6206=ORIENTED_EDGE('',*,*,#6205,.T.);
#6207=ORIENTED_EDGE('',*,*,#6189,.F.);
#6208=EDGE_LOOP('',(#6202,#6204,#6206,#6207));
#6209=FACE_OUTER_BOUND('',#6208,.F.);
#6210=ADVANCED_FACE('',(#6209),#6201,.F.);
#6211=CARTESIAN_POINT('',(3.57E0,2.E-1,4.95E0));
#6212=DIRECTION('',(7.071067811865E-1,-7.071067811865E-1,0.E0));
#6213=DIRECTION('',(7.071067811865E-1,7.071067811865E-1,0.E0));
#6214=AXIS2_PLACEMENT_3D('',#6211,#6212,#6213);
#6215=PLANE('',#6214);
#6216=ORIENTED_EDGE('',*,*,#5998,.F.);
#6218=ORIENTED_EDGE('',*,*,#6217,.T.);
#6220=ORIENTED_EDGE('',*,*,#6219,.T.);
#6221=ORIENTED_EDGE('',*,*,#6203,.F.);
#6222=EDGE_LOOP('',(#6216,#6218,#6220,#6221));
#6223=FACE_OUTER_BOUND('',#6222,.F.);
#6224=ADVANCED_FACE('',(#6223),#6215,.F.);
#6225=CARTESIAN_POINT('',(1.73E0,2.E-1,4.95E0));
#6226=DIRECTION('',(0.E0,-1.E0,0.E0));
#6227=DIRECTION('',(1.E0,0.E0,0.E0));
#6228=AXIS2_PLACEMENT_3D('',#6225,#6226,#6227);
#6229=PLANE('',#6228);
#6230=ORIENTED_EDGE('',*,*,#5996,.F.);
#6231=ORIENTED_EDGE('',*,*,#6178,.T.);
#6233=ORIENTED_EDGE('',*,*,#6232,.T.);
#6234=ORIENTED_EDGE('',*,*,#6217,.F.);
#6235=EDGE_LOOP('',(#6230,#6231,#6233,#6234));
#6236=FACE_OUTER_BOUND('',#6235,.F.);
#6237=ADVANCED_FACE('',(#6236),#6229,.F.);
#6238=CARTESIAN_POINT('',(-6.325E0,3.4E0,-1.65E0));
#6239=DIRECTION('',(0.E0,0.E0,1.E0));
#6240=DIRECTION('',(1.E0,0.E0,0.E0));
#6241=AXIS2_PLACEMENT_3D('',#6238,#6239,#6240);
#6242=PLANE('',#6241);
#6243=ORIENTED_EDGE('',*,*,#6176,.F.);
#6244=ORIENTED_EDGE('',*,*,#6191,.F.);
#6245=ORIENTED_EDGE('',*,*,#6205,.F.);
#6246=ORIENTED_EDGE('',*,*,#6219,.F.);
#6247=ORIENTED_EDGE('',*,*,#6232,.F.);
#6248=EDGE_LOOP('',(#6243,#6244,#6245,#6246,#6247));
#6249=FACE_OUTER_BOUND('',#6248,.F.);
#6250=ADVANCED_FACE('',(#6249),#6242,.T.);
#6251=CARTESIAN_POINT('',(-6.325E0,3.4E0,-1.65E0));
#6252=DIRECTION('',(0.E0,0.E0,1.E0));
#6253=DIRECTION('',(1.E0,0.E0,0.E0));
#6254=AXIS2_PLACEMENT_3D('',#6251,#6252,#6253);
#6255=PLANE('',#6254);
#6257=ORIENTED_EDGE('',*,*,#6256,.F.);
#6259=ORIENTED_EDGE('',*,*,#6258,.F.);
#6261=ORIENTED_EDGE('',*,*,#6260,.F.);
#6263=ORIENTED_EDGE('',*,*,#6262,.F.);
#6265=ORIENTED_EDGE('',*,*,#6264,.F.);
#6266=EDGE_LOOP('',(#6257,#6259,#6261,#6263,#6265));
#6267=FACE_OUTER_BOUND('',#6266,.F.);
#6268=ADVANCED_FACE('',(#6267),#6255,.T.);
#6269=CARTESIAN_POINT('',(-6.325E0,3.4E0,-1.65E0));
#6270=DIRECTION('',(0.E0,0.E0,1.E0));
#6271=DIRECTION('',(1.E0,0.E0,0.E0));
#6272=AXIS2_PLACEMENT_3D('',#6269,#6270,#6271);
#6273=PLANE('',#6272);
#6275=ORIENTED_EDGE('',*,*,#6274,.F.);
#6277=ORIENTED_EDGE('',*,*,#6276,.F.);
#6279=ORIENTED_EDGE('',*,*,#6278,.F.);
#6281=ORIENTED_EDGE('',*,*,#6280,.F.);
#6283=ORIENTED_EDGE('',*,*,#6282,.F.);
#6284=EDGE_LOOP('',(#6275,#6277,#6279,#6281,#6283));
#6285=FACE_OUTER_BOUND('',#6284,.F.);
#6286=ADVANCED_FACE('',(#6285),#6273,.T.);
#6287=CARTESIAN_POINT('',(-6.325E0,3.4E0,-1.65E0));
#6288=DIRECTION('',(0.E0,0.E0,1.E0));
#6289=DIRECTION('',(1.E0,0.E0,0.E0));
#6290=AXIS2_PLACEMENT_3D('',#6287,#6288,#6289);
#6291=PLANE('',#6290);
#6293=ORIENTED_EDGE('',*,*,#6292,.F.);
#6295=ORIENTED_EDGE('',*,*,#6294,.F.);
#6297=ORIENTED_EDGE('',*,*,#6296,.F.);
#6299=ORIENTED_EDGE('',*,*,#6298,.F.);
#6301=ORIENTED_EDGE('',*,*,#6300,.F.);
#6302=EDGE_LOOP('',(#6293,#6295,#6297,#6299,#6301));
#6303=FACE_OUTER_BOUND('',#6302,.F.);
#6304=ADVANCED_FACE('',(#6303),#6291,.T.);
#6305=CARTESIAN_POINT('',(-6.325E0,3.4E0,-1.65E0));
#6306=DIRECTION('',(0.E0,0.E0,1.E0));
#6307=DIRECTION('',(1.E0,0.E0,0.E0));
#6308=AXIS2_PLACEMENT_3D('',#6305,#6306,#6307);
#6309=PLANE('',#6308);
#6311=ORIENTED_EDGE('',*,*,#6310,.F.);
#6313=ORIENTED_EDGE('',*,*,#6312,.F.);
#6315=ORIENTED_EDGE('',*,*,#6314,.F.);
#6317=ORIENTED_EDGE('',*,*,#6316,.F.);
#6319=ORIENTED_EDGE('',*,*,#6318,.F.);
#6320=EDGE_LOOP('',(#6311,#6313,#6315,#6317,#6319));
#6321=FACE_OUTER_BOUND('',#6320,.F.);
#6322=ADVANCED_FACE('',(#6321),#6309,.T.);
#6323=CARTESIAN_POINT('',(-6.325E0,3.4E0,-1.65E0));
#6324=DIRECTION('',(0.E0,0.E0,1.E0));
#6325=DIRECTION('',(1.E0,0.E0,0.E0));
#6326=AXIS2_PLACEMENT_3D('',#6323,#6324,#6325);
#6327=PLANE('',#6326);
#6329=ORIENTED_EDGE('',*,*,#6328,.F.);
#6331=ORIENTED_EDGE('',*,*,#6330,.F.);
#6333=ORIENTED_EDGE('',*,*,#6332,.F.);
#6335=ORIENTED_EDGE('',*,*,#6334,.F.);
#6337=ORIENTED_EDGE('',*,*,#6336,.F.);
#6338=EDGE_LOOP('',(#6329,#6331,#6333,#6335,#6337));
#6339=FACE_OUTER_BOUND('',#6338,.F.);
#6340=ADVANCED_FACE('',(#6339),#6327,.T.);
#6341=CARTESIAN_POINT('',(4.27E0,-2.6E-1,4.95E0));
#6342=DIRECTION('',(0.E0,1.E0,0.E0));
#6343=DIRECTION('',(-1.E0,0.E0,0.E0));
#6344=AXIS2_PLACEMENT_3D('',#6341,#6342,#6343);
#6345=PLANE('',#6344);
#6346=ORIENTED_EDGE('',*,*,#6006,.F.);
#6348=ORIENTED_EDGE('',*,*,#6347,.T.);
#6349=ORIENTED_EDGE('',*,*,#6256,.T.);
#6351=ORIENTED_EDGE('',*,*,#6350,.F.);
#6352=EDGE_LOOP('',(#6346,#6348,#6349,#6351));
#6353=FACE_OUTER_BOUND('',#6352,.F.);
#6354=ADVANCED_FACE('',(#6353),#6345,.F.);
#6355=CARTESIAN_POINT('',(4.27E0,-2.8E0,4.95E0));
#6356=DIRECTION('',(1.E0,0.E0,0.E0));
#6357=DIRECTION('',(0.E0,1.E0,0.E0));
#6358=AXIS2_PLACEMENT_3D('',#6355,#6356,#6357);
#6359=PLANE('',#6358);
#6360=ORIENTED_EDGE('',*,*,#6014,.F.);
#6362=ORIENTED_EDGE('',*,*,#6361,.T.);
#6363=ORIENTED_EDGE('',*,*,#6258,.T.);
#6364=ORIENTED_EDGE('',*,*,#6347,.F.);
#6365=EDGE_LOOP('',(#6360,#6362,#6363,#6364));
#6366=FACE_OUTER_BOUND('',#6365,.F.);
#6367=ADVANCED_FACE('',(#6366),#6359,.F.);
#6368=CARTESIAN_POINT('',(2.43E0,-2.8E0,4.95E0));
#6369=DIRECTION('',(0.E0,-1.E0,0.E0));
#6370=DIRECTION('',(1.E0,0.E0,0.E0));
#6371=AXIS2_PLACEMENT_3D('',#6368,#6369,#6370);
#6372=PLANE('',#6371);
#6373=ORIENTED_EDGE('',*,*,#6012,.F.);
#6375=ORIENTED_EDGE('',*,*,#6374,.T.);
#6376=ORIENTED_EDGE('',*,*,#6260,.T.);
#6377=ORIENTED_EDGE('',*,*,#6361,.F.);
#6378=EDGE_LOOP('',(#6373,#6375,#6376,#6377));
#6379=FACE_OUTER_BOUND('',#6378,.F.);
#6380=ADVANCED_FACE('',(#6379),#6372,.F.);
#6381=CARTESIAN_POINT('',(1.73E0,-2.1E0,4.95E0));
#6382=DIRECTION('',(-7.071067811865E-1,-7.071067811865E-1,0.E0));
#6383=DIRECTION('',(7.071067811865E-1,-7.071067811865E-1,0.E0));
#6384=AXIS2_PLACEMENT_3D('',#6381,#6382,#6383);
#6385=PLANE('',#6384);
#6386=ORIENTED_EDGE('',*,*,#6010,.F.);
#6388=ORIENTED_EDGE('',*,*,#6387,.T.);
#6389=ORIENTED_EDGE('',*,*,#6262,.T.);
#6390=ORIENTED_EDGE('',*,*,#6374,.F.);
#6391=EDGE_LOOP('',(#6386,#6388,#6389,#6390));
#6392=FACE_OUTER_BOUND('',#6391,.F.);
#6393=ADVANCED_FACE('',(#6392),#6385,.F.);
#6394=CARTESIAN_POINT('',(1.73E0,-2.6E-1,4.95E0));
#6395=DIRECTION('',(-1.E0,0.E0,0.E0));
#6396=DIRECTION('',(0.E0,-1.E0,0.E0));
#6397=AXIS2_PLACEMENT_3D('',#6394,#6395,#6396);
#6398=PLANE('',#6397);
#6399=ORIENTED_EDGE('',*,*,#6008,.F.);
#6400=ORIENTED_EDGE('',*,*,#6350,.T.);
#6401=ORIENTED_EDGE('',*,*,#6264,.T.);
#6402=ORIENTED_EDGE('',*,*,#6387,.F.);
#6403=EDGE_LOOP('',(#6399,#6400,#6401,#6402));
#6404=FACE_OUTER_BOUND('',#6403,.F.);
#6405=ADVANCED_FACE('',(#6404),#6398,.F.);
#6406=CARTESIAN_POINT('',(-1.27E0,-2.6E-1,4.95E0));
#6407=DIRECTION('',(-1.E0,0.E0,0.E0));
#6408=DIRECTION('',(0.E0,-1.E0,0.E0));
#6409=AXIS2_PLACEMENT_3D('',#6406,#6407,#6408);
#6410=PLANE('',#6409);
#6411=ORIENTED_EDGE('',*,*,#6018,.F.);
#6413=ORIENTED_EDGE('',*,*,#6412,.T.);
#6414=ORIENTED_EDGE('',*,*,#6274,.T.);
#6416=ORIENTED_EDGE('',*,*,#6415,.F.);
#6417=EDGE_LOOP('',(#6411,#6413,#6414,#6416));
#6418=FACE_OUTER_BOUND('',#6417,.F.);
#6419=ADVANCED_FACE('',(#6418),#6410,.F.);
#6420=CARTESIAN_POINT('',(1.27E0,-2.6E-1,4.95E0));
#6421=DIRECTION('',(0.E0,1.E0,0.E0));
#6422=DIRECTION('',(-1.E0,0.E0,0.E0));
#6423=AXIS2_PLACEMENT_3D('',#6420,#6421,#6422);
#6424=PLANE('',#6423);
#6425=ORIENTED_EDGE('',*,*,#6026,.F.);
#6427=ORIENTED_EDGE('',*,*,#6426,.T.);
#6428=ORIENTED_EDGE('',*,*,#6276,.T.);
#6429=ORIENTED_EDGE('',*,*,#6412,.F.);
#6430=EDGE_LOOP('',(#6425,#6427,#6428,#6429));
#6431=FACE_OUTER_BOUND('',#6430,.F.);
#6432=ADVANCED_FACE('',(#6431),#6424,.F.);
#6433=CARTESIAN_POINT('',(1.27E0,-2.8E0,4.95E0));
#6434=DIRECTION('',(1.E0,0.E0,0.E0));
#6435=DIRECTION('',(0.E0,1.E0,0.E0));
#6436=AXIS2_PLACEMENT_3D('',#6433,#6434,#6435);
#6437=PLANE('',#6436);
#6438=ORIENTED_EDGE('',*,*,#6024,.F.);
#6440=ORIENTED_EDGE('',*,*,#6439,.T.);
#6441=ORIENTED_EDGE('',*,*,#6278,.T.);
#6442=ORIENTED_EDGE('',*,*,#6426,.F.);
#6443=EDGE_LOOP('',(#6438,#6440,#6441,#6442));
#6444=FACE_OUTER_BOUND('',#6443,.F.);
#6445=ADVANCED_FACE('',(#6444),#6437,.F.);
#6446=CARTESIAN_POINT('',(-5.7E-1,-2.8E0,4.95E0));
#6447=DIRECTION('',(0.E0,-1.E0,0.E0));
#6448=DIRECTION('',(1.E0,0.E0,0.E0));
#6449=AXIS2_PLACEMENT_3D('',#6446,#6447,#6448);
#6450=PLANE('',#6449);
#6451=ORIENTED_EDGE('',*,*,#6022,.F.);
#6453=ORIENTED_EDGE('',*,*,#6452,.T.);
#6454=ORIENTED_EDGE('',*,*,#6280,.T.);
#6455=ORIENTED_EDGE('',*,*,#6439,.F.);
#6456=EDGE_LOOP('',(#6451,#6453,#6454,#6455));
#6457=FACE_OUTER_BOUND('',#6456,.F.);
#6458=ADVANCED_FACE('',(#6457),#6450,.F.);
#6459=CARTESIAN_POINT('',(-1.27E0,-2.1E0,4.95E0));
#6460=DIRECTION('',(-7.071067811865E-1,-7.071067811865E-1,0.E0));
#6461=DIRECTION('',(7.071067811865E-1,-7.071067811865E-1,0.E0));
#6462=AXIS2_PLACEMENT_3D('',#6459,#6460,#6461);
#6463=PLANE('',#6462);
#6464=ORIENTED_EDGE('',*,*,#6020,.F.);
#6465=ORIENTED_EDGE('',*,*,#6415,.T.);
#6466=ORIENTED_EDGE('',*,*,#6282,.T.);
#6467=ORIENTED_EDGE('',*,*,#6452,.F.);
#6468=EDGE_LOOP('',(#6464,#6465,#6466,#6467));
#6469=FACE_OUTER_BOUND('',#6468,.F.);
#6470=ADVANCED_FACE('',(#6469),#6463,.F.);
#6471=CARTESIAN_POINT('',(-5.7E-1,2.E-1,4.95E0));
#6472=DIRECTION('',(0.E0,-1.E0,0.E0));
#6473=DIRECTION('',(1.E0,0.E0,0.E0));
#6474=AXIS2_PLACEMENT_3D('',#6471,#6472,#6473);
#6475=PLANE('',#6474);
#6476=ORIENTED_EDGE('',*,*,#6030,.F.);
#6478=ORIENTED_EDGE('',*,*,#6477,.T.);
#6479=ORIENTED_EDGE('',*,*,#6292,.T.);
#6481=ORIENTED_EDGE('',*,*,#6480,.F.);
#6482=EDGE_LOOP('',(#6476,#6478,#6479,#6481));
#6483=FACE_OUTER_BOUND('',#6482,.F.);
#6484=ADVANCED_FACE('',(#6483),#6475,.F.);
#6485=CARTESIAN_POINT('',(-1.27E0,9.E-1,4.95E0));
#6486=DIRECTION('',(-7.071067811865E-1,-7.071067811865E-1,0.E0));
#6487=DIRECTION('',(7.071067811865E-1,-7.071067811865E-1,0.E0));
#6488=AXIS2_PLACEMENT_3D('',#6485,#6486,#6487);
#6489=PLANE('',#6488);
#6490=ORIENTED_EDGE('',*,*,#6038,.F.);
#6492=ORIENTED_EDGE('',*,*,#6491,.T.);
#6493=ORIENTED_EDGE('',*,*,#6294,.T.);
#6494=ORIENTED_EDGE('',*,*,#6477,.F.);
#6495=EDGE_LOOP('',(#6490,#6492,#6493,#6494));
#6496=FACE_OUTER_BOUND('',#6495,.F.);
#6497=ADVANCED_FACE('',(#6496),#6489,.F.);
#6498=CARTESIAN_POINT('',(-1.27E0,2.74E0,4.95E0));
#6499=DIRECTION('',(-1.E0,0.E0,0.E0));
#6500=DIRECTION('',(0.E0,-1.E0,0.E0));
#6501=AXIS2_PLACEMENT_3D('',#6498,#6499,#6500);
#6502=PLANE('',#6501);
#6503=ORIENTED_EDGE('',*,*,#6036,.F.);
#6505=ORIENTED_EDGE('',*,*,#6504,.T.);
#6506=ORIENTED_EDGE('',*,*,#6296,.T.);
#6507=ORIENTED_EDGE('',*,*,#6491,.F.);
#6508=EDGE_LOOP('',(#6503,#6505,#6506,#6507));
#6509=FACE_OUTER_BOUND('',#6508,.F.);
#6510=ADVANCED_FACE('',(#6509),#6502,.F.);
#6511=CARTESIAN_POINT('',(1.27E0,2.74E0,4.95E0));
#6512=DIRECTION('',(0.E0,1.E0,0.E0));
#6513=DIRECTION('',(-1.E0,0.E0,0.E0));
#6514=AXIS2_PLACEMENT_3D('',#6511,#6512,#6513);
#6515=PLANE('',#6514);
#6516=ORIENTED_EDGE('',*,*,#6034,.F.);
#6518=ORIENTED_EDGE('',*,*,#6517,.T.);
#6519=ORIENTED_EDGE('',*,*,#6298,.T.);
#6520=ORIENTED_EDGE('',*,*,#6504,.F.);
#6521=EDGE_LOOP('',(#6516,#6518,#6519,#6520));
#6522=FACE_OUTER_BOUND('',#6521,.F.);
#6523=ADVANCED_FACE('',(#6522),#6515,.F.);
#6524=CARTESIAN_POINT('',(1.27E0,2.E-1,4.95E0));
#6525=DIRECTION('',(1.E0,0.E0,0.E0));
#6526=DIRECTION('',(0.E0,1.E0,0.E0));
#6527=AXIS2_PLACEMENT_3D('',#6524,#6525,#6526);
#6528=PLANE('',#6527);
#6529=ORIENTED_EDGE('',*,*,#6032,.F.);
#6530=ORIENTED_EDGE('',*,*,#6480,.T.);
#6531=ORIENTED_EDGE('',*,*,#6300,.T.);
#6532=ORIENTED_EDGE('',*,*,#6517,.F.);
#6533=EDGE_LOOP('',(#6529,#6530,#6531,#6532));
#6534=FACE_OUTER_BOUND('',#6533,.F.);
#6535=ADVANCED_FACE('',(#6534),#6528,.F.);
#6536=CARTESIAN_POINT('',(-3.57E0,2.E-1,4.95E0));
#6537=DIRECTION('',(0.E0,-1.E0,0.E0));
#6538=DIRECTION('',(1.E0,0.E0,0.E0));
#6539=AXIS2_PLACEMENT_3D('',#6536,#6537,#6538);
#6540=PLANE('',#6539);
#6541=ORIENTED_EDGE('',*,*,#6042,.F.);
#6543=ORIENTED_EDGE('',*,*,#6542,.T.);
#6544=ORIENTED_EDGE('',*,*,#6310,.T.);
#6546=ORIENTED_EDGE('',*,*,#6545,.F.);
#6547=EDGE_LOOP('',(#6541,#6543,#6544,#6546));
#6548=FACE_OUTER_BOUND('',#6547,.F.);
#6549=ADVANCED_FACE('',(#6548),#6540,.F.);
#6550=CARTESIAN_POINT('',(-4.27E0,9.E-1,4.95E0));
#6551=DIRECTION('',(-7.071067811865E-1,-7.071067811865E-1,0.E0));
#6552=DIRECTION('',(7.071067811865E-1,-7.071067811865E-1,0.E0));
#6553=AXIS2_PLACEMENT_3D('',#6550,#6551,#6552);
#6554=PLANE('',#6553);
#6555=ORIENTED_EDGE('',*,*,#6050,.F.);
#6557=ORIENTED_EDGE('',*,*,#6556,.T.);
#6558=ORIENTED_EDGE('',*,*,#6312,.T.);
#6559=ORIENTED_EDGE('',*,*,#6542,.F.);
#6560=EDGE_LOOP('',(#6555,#6557,#6558,#6559));
#6561=FACE_OUTER_BOUND('',#6560,.F.);
#6562=ADVANCED_FACE('',(#6561),#6554,.F.);
#6563=CARTESIAN_POINT('',(-4.27E0,2.74E0,4.95E0));
#6564=DIRECTION('',(-1.E0,0.E0,0.E0));
#6565=DIRECTION('',(0.E0,-1.E0,0.E0));
#6566=AXIS2_PLACEMENT_3D('',#6563,#6564,#6565);
#6567=PLANE('',#6566);
#6568=ORIENTED_EDGE('',*,*,#6048,.F.);
#6570=ORIENTED_EDGE('',*,*,#6569,.T.);
#6571=ORIENTED_EDGE('',*,*,#6314,.T.);
#6572=ORIENTED_EDGE('',*,*,#6556,.F.);
#6573=EDGE_LOOP('',(#6568,#6570,#6571,#6572));
#6574=FACE_OUTER_BOUND('',#6573,.F.);
#6575=ADVANCED_FACE('',(#6574),#6567,.F.);
#6576=CARTESIAN_POINT('',(-1.73E0,2.74E0,4.95E0));
#6577=DIRECTION('',(0.E0,1.E0,0.E0));
#6578=DIRECTION('',(-1.E0,0.E0,0.E0));
#6579=AXIS2_PLACEMENT_3D('',#6576,#6577,#6578);
#6580=PLANE('',#6579);
#6581=ORIENTED_EDGE('',*,*,#6046,.F.);
#6583=ORIENTED_EDGE('',*,*,#6582,.T.);
#6584=ORIENTED_EDGE('',*,*,#6316,.T.);
#6585=ORIENTED_EDGE('',*,*,#6569,.F.);
#6586=EDGE_LOOP('',(#6581,#6583,#6584,#6585));
#6587=FACE_OUTER_BOUND('',#6586,.F.);
#6588=ADVANCED_FACE('',(#6587),#6580,.F.);
#6589=CARTESIAN_POINT('',(-1.73E0,2.E-1,4.95E0));
#6590=DIRECTION('',(1.E0,0.E0,0.E0));
#6591=DIRECTION('',(0.E0,1.E0,0.E0));
#6592=AXIS2_PLACEMENT_3D('',#6589,#6590,#6591);
#6593=PLANE('',#6592);
#6594=ORIENTED_EDGE('',*,*,#6044,.F.);
#6595=ORIENTED_EDGE('',*,*,#6545,.T.);
#6596=ORIENTED_EDGE('',*,*,#6318,.T.);
#6597=ORIENTED_EDGE('',*,*,#6582,.F.);
#6598=EDGE_LOOP('',(#6594,#6595,#6596,#6597));
#6599=FACE_OUTER_BOUND('',#6598,.F.);
#6600=ADVANCED_FACE('',(#6599),#6593,.F.);
#6601=CARTESIAN_POINT('',(-1.73E0,-2.6E-1,4.95E0));
#6602=DIRECTION('',(0.E0,1.E0,0.E0));
#6603=DIRECTION('',(-1.E0,0.E0,0.E0));
#6604=AXIS2_PLACEMENT_3D('',#6601,#6602,#6603);
#6605=PLANE('',#6604);
#6606=ORIENTED_EDGE('',*,*,#6054,.F.);
#6608=ORIENTED_EDGE('',*,*,#6607,.T.);
#6609=ORIENTED_EDGE('',*,*,#6328,.T.);
#6611=ORIENTED_EDGE('',*,*,#6610,.F.);
#6612=EDGE_LOOP('',(#6606,#6608,#6609,#6611));
#6613=FACE_OUTER_BOUND('',#6612,.F.);
#6614=ADVANCED_FACE('',(#6613),#6605,.F.);
#6615=CARTESIAN_POINT('',(-1.73E0,-2.8E0,4.95E0));
#6616=DIRECTION('',(1.E0,0.E0,0.E0));
#6617=DIRECTION('',(0.E0,1.E0,0.E0));
#6618=AXIS2_PLACEMENT_3D('',#6615,#6616,#6617);
#6619=PLANE('',#6618);
#6620=ORIENTED_EDGE('',*,*,#6062,.F.);
#6622=ORIENTED_EDGE('',*,*,#6621,.T.);
#6623=ORIENTED_EDGE('',*,*,#6330,.T.);
#6624=ORIENTED_EDGE('',*,*,#6607,.F.);
#6625=EDGE_LOOP('',(#6620,#6622,#6623,#6624));
#6626=FACE_OUTER_BOUND('',#6625,.F.);
#6627=ADVANCED_FACE('',(#6626),#6619,.F.);
#6628=CARTESIAN_POINT('',(-3.57E0,-2.8E0,4.95E0));
#6629=DIRECTION('',(0.E0,-1.E0,0.E0));
#6630=DIRECTION('',(1.E0,0.E0,0.E0));
#6631=AXIS2_PLACEMENT_3D('',#6628,#6629,#6630);
#6632=PLANE('',#6631);
#6633=ORIENTED_EDGE('',*,*,#6060,.F.);
#6635=ORIENTED_EDGE('',*,*,#6634,.T.);
#6636=ORIENTED_EDGE('',*,*,#6332,.T.);
#6637=ORIENTED_EDGE('',*,*,#6621,.F.);
#6638=EDGE_LOOP('',(#6633,#6635,#6636,#6637));
#6639=FACE_OUTER_BOUND('',#6638,.F.);
#6640=ADVANCED_FACE('',(#6639),#6632,.F.);
#6641=CARTESIAN_POINT('',(-4.27E0,-2.1E0,4.95E0));
#6642=DIRECTION('',(-7.071067811865E-1,-7.071067811865E-1,0.E0));
#6643=DIRECTION('',(7.071067811865E-1,-7.071067811865E-1,0.E0));
#6644=AXIS2_PLACEMENT_3D('',#6641,#6642,#6643);
#6645=PLANE('',#6644);
#6646=ORIENTED_EDGE('',*,*,#6058,.F.);
#6648=ORIENTED_EDGE('',*,*,#6647,.T.);
#6649=ORIENTED_EDGE('',*,*,#6334,.T.);
#6650=ORIENTED_EDGE('',*,*,#6634,.F.);
#6651=EDGE_LOOP('',(#6646,#6648,#6649,#6650));
#6652=FACE_OUTER_BOUND('',#6651,.F.);
#6653=ADVANCED_FACE('',(#6652),#6645,.F.);
#6654=CARTESIAN_POINT('',(-4.27E0,-2.6E-1,4.95E0));
#6655=DIRECTION('',(-1.E0,0.E0,0.E0));
#6656=DIRECTION('',(0.E0,-1.E0,0.E0));
#6657=AXIS2_PLACEMENT_3D('',#6654,#6655,#6656);
#6658=PLANE('',#6657);
#6659=ORIENTED_EDGE('',*,*,#6056,.F.);
#6660=ORIENTED_EDGE('',*,*,#6610,.T.);
#6661=ORIENTED_EDGE('',*,*,#6336,.T.);
#6662=ORIENTED_EDGE('',*,*,#6647,.F.);
#6663=EDGE_LOOP('',(#6659,#6660,#6661,#6662));
#6664=FACE_OUTER_BOUND('',#6663,.F.);
#6665=ADVANCED_FACE('',(#6664),#6658,.F.);
#6666=CARTESIAN_POINT('',(-6.E0,2.44E0,-4.96E0));
#6667=DIRECTION('',(0.E0,0.E0,-1.E0));
#6668=DIRECTION('',(-1.E0,0.E0,0.E0));
#6669=AXIS2_PLACEMENT_3D('',#6666,#6667,#6668);
#6670=CYLINDRICAL_SURFACE('',#6669,4.3E-1);
#6672=ORIENTED_EDGE('',*,*,#6671,.T.);
#6674=ORIENTED_EDGE('',*,*,#6673,.F.);
#6675=ORIENTED_EDGE('',*,*,#4929,.F.);
#6677=ORIENTED_EDGE('',*,*,#6676,.T.);
#6678=EDGE_LOOP('',(#6672,#6674,#6675,#6677));
#6679=FACE_OUTER_BOUND('',#6678,.F.);
#6680=ADVANCED_FACE('',(#6679),#6670,.T.);
#6681=CARTESIAN_POINT('',(-6.E0,2.44E0,-5.719999059135E0));
#6682=DIRECTION('',(0.E0,0.E0,1.E0));
#6683=DIRECTION('',(0.E0,-1.E0,0.E0));
#6684=AXIS2_PLACEMENT_3D('',#6681,#6682,#6683);
#6685=CONICAL_SURFACE('',#6684,3.300001010839E-1,4.499992709722E1);
#6687=ORIENTED_EDGE('',*,*,#6686,.T.);
#6689=ORIENTED_EDGE('',*,*,#6688,.T.);
#6690=ORIENTED_EDGE('',*,*,#6671,.F.);
#6692=ORIENTED_EDGE('',*,*,#6691,.F.);
#6693=EDGE_LOOP('',(#6687,#6689,#6690,#6692));
#6694=FACE_OUTER_BOUND('',#6693,.F.);
#6695=ADVANCED_FACE('',(#6694),#6685,.T.);
#6696=CARTESIAN_POINT('',(-6.325E0,0.E0,-5.82E0));
#6697=DIRECTION('',(0.E0,0.E0,-1.E0));
#6698=DIRECTION('',(-1.E0,0.E0,0.E0));
#6699=AXIS2_PLACEMENT_3D('',#6696,#6697,#6698);
#6700=PLANE('',#6699);
#6702=ORIENTED_EDGE('',*,*,#6701,.F.);
#6704=ORIENTED_EDGE('',*,*,#6703,.F.);
#6705=EDGE_LOOP('',(#6702,#6704));
#6706=FACE_OUTER_BOUND('',#6705,.F.);
#6707=ADVANCED_FACE('',(#6706),#6700,.T.);
#6708=CARTESIAN_POINT('',(-6.325E0,0.E0,-5.82E0));
#6709=DIRECTION('',(0.E0,0.E0,-1.E0));
#6710=DIRECTION('',(-1.E0,0.E0,0.E0));
#6711=AXIS2_PLACEMENT_3D('',#6708,#6709,#6710);
#6712=PLANE('',#6711);
#6714=ORIENTED_EDGE('',*,*,#6713,.F.);
#6715=ORIENTED_EDGE('',*,*,#6686,.F.);
#6716=EDGE_LOOP('',(#6714,#6715));
#6717=FACE_OUTER_BOUND('',#6716,.F.);
#6718=ADVANCED_FACE('',(#6717),#6712,.T.);
#6719=CARTESIAN_POINT('',(6.E0,2.44E0,-5.719999059135E0));
#6720=DIRECTION('',(0.E0,0.E0,1.E0));
#6721=DIRECTION('',(0.E0,-1.E0,0.E0));
#6722=AXIS2_PLACEMENT_3D('',#6719,#6720,#6721);
#6723=CONICAL_SURFACE('',#6722,3.300001010839E-1,4.499992709722E1);
#6724=ORIENTED_EDGE('',*,*,#6701,.T.);
#6726=ORIENTED_EDGE('',*,*,#6725,.T.);
#6728=ORIENTED_EDGE('',*,*,#6727,.F.);
#6730=ORIENTED_EDGE('',*,*,#6729,.F.);
#6731=EDGE_LOOP('',(#6724,#6726,#6728,#6730));
#6732=FACE_OUTER_BOUND('',#6731,.F.);
#6733=ADVANCED_FACE('',(#6732),#6723,.T.);
#6734=CARTESIAN_POINT('',(6.E0,2.44E0,-5.719999059135E0));
#6735=DIRECTION('',(0.E0,0.E0,1.E0));
#6736=DIRECTION('',(0.E0,-1.E0,0.E0));
#6737=AXIS2_PLACEMENT_3D('',#6734,#6735,#6736);
#6738=CONICAL_SURFACE('',#6737,3.300001010839E-1,4.499992709722E1);
#6739=ORIENTED_EDGE('',*,*,#6703,.T.);
#6740=ORIENTED_EDGE('',*,*,#6729,.T.);
#6742=ORIENTED_EDGE('',*,*,#6741,.F.);
#6743=ORIENTED_EDGE('',*,*,#6725,.F.);
#6744=EDGE_LOOP('',(#6739,#6740,#6742,#6743));
#6745=FACE_OUTER_BOUND('',#6744,.F.);
#6746=ADVANCED_FACE('',(#6745),#6738,.T.);
#6747=CARTESIAN_POINT('',(6.E0,2.44E0,-4.96E0));
#6748=DIRECTION('',(0.E0,0.E0,-1.E0));
#6749=DIRECTION('',(-1.E0,0.E0,0.E0));
#6750=AXIS2_PLACEMENT_3D('',#6747,#6748,#6749);
#6751=CYLINDRICAL_SURFACE('',#6750,4.3E-1);
#6752=ORIENTED_EDGE('',*,*,#6741,.T.);
#6754=ORIENTED_EDGE('',*,*,#6753,.F.);
#6755=ORIENTED_EDGE('',*,*,#4887,.F.);
#6757=ORIENTED_EDGE('',*,*,#6756,.T.);
#6758=EDGE_LOOP('',(#6752,#6754,#6755,#6757));
#6759=FACE_OUTER_BOUND('',#6758,.F.);
#6760=ADVANCED_FACE('',(#6759),#6751,.T.);
#6761=CARTESIAN_POINT('',(6.E0,2.44E0,-4.96E0));
#6762=DIRECTION('',(0.E0,0.E0,-1.E0));
#6763=DIRECTION('',(-1.E0,0.E0,0.E0));
#6764=AXIS2_PLACEMENT_3D('',#6761,#6762,#6763);
#6765=CYLINDRICAL_SURFACE('',#6764,4.3E-1);
#6766=ORIENTED_EDGE('',*,*,#6727,.T.);
#6767=ORIENTED_EDGE('',*,*,#6756,.F.);
#6768=ORIENTED_EDGE('',*,*,#4889,.F.);
#6769=ORIENTED_EDGE('',*,*,#6753,.T.);
#6770=EDGE_LOOP('',(#6766,#6767,#6768,#6769));
#6771=FACE_OUTER_BOUND('',#6770,.F.);
#6772=ADVANCED_FACE('',(#6771),#6765,.T.);
#6773=CARTESIAN_POINT('',(-6.E0,2.44E0,-5.719999059135E0));
#6774=DIRECTION('',(0.E0,0.E0,1.E0));
#6775=DIRECTION('',(0.E0,-1.E0,0.E0));
#6776=AXIS2_PLACEMENT_3D('',#6773,#6774,#6775);
#6777=CONICAL_SURFACE('',#6776,3.300001010839E-1,4.499992709722E1);
#6778=ORIENTED_EDGE('',*,*,#6713,.T.);
#6779=ORIENTED_EDGE('',*,*,#6691,.T.);
#6781=ORIENTED_EDGE('',*,*,#6780,.F.);
#6782=ORIENTED_EDGE('',*,*,#6688,.F.);
#6783=EDGE_LOOP('',(#6778,#6779,#6781,#6782));
#6784=FACE_OUTER_BOUND('',#6783,.F.);
#6785=ADVANCED_FACE('',(#6784),#6777,.T.);
#6786=CARTESIAN_POINT('',(-6.E0,2.44E0,-4.96E0));
#6787=DIRECTION('',(0.E0,0.E0,-1.E0));
#6788=DIRECTION('',(-1.E0,0.E0,0.E0));
#6789=AXIS2_PLACEMENT_3D('',#6786,#6787,#6788);
#6790=CYLINDRICAL_SURFACE('',#6789,4.3E-1);
#6791=ORIENTED_EDGE('',*,*,#6780,.T.);
#6792=ORIENTED_EDGE('',*,*,#6676,.F.);
#6793=ORIENTED_EDGE('',*,*,#4931,.F.);
#6794=ORIENTED_EDGE('',*,*,#6673,.T.);
#6795=EDGE_LOOP('',(#6791,#6792,#6793,#6794));
#6796=FACE_OUTER_BOUND('',#6795,.F.);
#6797=ADVANCED_FACE('',(#6796),#6790,.T.);
#6798=CARTESIAN_POINT('',(-6.825E0,-1.405E0,5.E-2));
#6799=DIRECTION('',(0.E0,0.E0,1.E0));
#6800=DIRECTION('',(0.E0,1.E0,0.E0));
#6801=AXIS2_PLACEMENT_3D('',#6798,#6799,#6800);
#6802=PLANE('',#6801);
#6803=ORIENTED_EDGE('',*,*,#3321,.F.);
#6804=ORIENTED_EDGE('',*,*,#4717,.T.);
#6805=ORIENTED_EDGE('',*,*,#4631,.T.);
#6806=ORIENTED_EDGE('',*,*,#4661,.F.);
#6807=EDGE_LOOP('',(#6803,#6804,#6805,#6806));
#6808=FACE_OUTER_BOUND('',#6807,.F.);
#6809=ADVANCED_FACE('',(#6808),#6802,.T.);
#6810=CARTESIAN_POINT('',(6.825E0,8.75E-1,5.E-2));
#6811=DIRECTION('',(0.E0,0.E0,-1.E0));
#6812=DIRECTION('',(0.E0,1.E0,0.E0));
#6813=AXIS2_PLACEMENT_3D('',#6810,#6811,#6812);
#6814=PLANE('',#6813);
#6815=ORIENTED_EDGE('',*,*,#4378,.T.);
#6816=ORIENTED_EDGE('',*,*,#4361,.T.);
#6818=ORIENTED_EDGE('',*,*,#6817,.F.);
#6819=ORIENTED_EDGE('',*,*,#4296,.F.);
#6820=EDGE_LOOP('',(#6815,#6816,#6818,#6819));
#6821=FACE_OUTER_BOUND('',#6820,.F.);
#6822=ADVANCED_FACE('',(#6821),#6814,.F.);
#6823=CARTESIAN_POINT('',(6.825E0,1.345E0,5.E-2));
#6824=DIRECTION('',(0.E0,1.E0,0.E0));
#6825=DIRECTION('',(0.E0,0.E0,1.E0));
#6826=AXIS2_PLACEMENT_3D('',#6823,#6824,#6825);
#6827=PLANE('',#6826);
#6828=ORIENTED_EDGE('',*,*,#4243,.T.);
#6829=ORIENTED_EDGE('',*,*,#4272,.T.);
#6830=ORIENTED_EDGE('',*,*,#4298,.T.);
#6831=ORIENTED_EDGE('',*,*,#6817,.T.);
#6832=ORIENTED_EDGE('',*,*,#4359,.T.);
#6833=ORIENTED_EDGE('',*,*,#4179,.F.);
#6834=EDGE_LOOP('',(#6828,#6829,#6830,#6831,#6832,#6833));
#6835=FACE_OUTER_BOUND('',#6834,.F.);
#6836=ADVANCED_FACE('',(#6835),#6827,.F.);
#6837=CARTESIAN_POINT('',(6.575E0,9.7E-1,-4.235E0));
#6838=DIRECTION('',(0.E0,1.E0,0.E0));
#6839=DIRECTION('',(0.E0,0.E0,1.E0));
#6840=AXIS2_PLACEMENT_3D('',#6837,#6838,#6839);
#6841=PLANE('',#6840);
#6842=ORIENTED_EDGE('',*,*,#3650,.T.);
#6844=ORIENTED_EDGE('',*,*,#6843,.T.);
#6846=ORIENTED_EDGE('',*,*,#6845,.F.);
#6847=ORIENTED_EDGE('',*,*,#4308,.F.);
#6848=EDGE_LOOP('',(#6842,#6844,#6846,#6847));
#6849=FACE_OUTER_BOUND('',#6848,.F.);
#6850=ADVANCED_FACE('',(#6849),#6841,.F.);
#6851=CARTESIAN_POINT('',(5.575E0,0.E0,0.E0));
#6852=DIRECTION('',(1.E0,0.E0,0.E0));
#6853=DIRECTION('',(0.E0,0.E0,-1.E0));
#6854=AXIS2_PLACEMENT_3D('',#6851,#6852,#6853);
#6855=PLANE('',#6854);
#6856=ORIENTED_EDGE('',*,*,#6843,.F.);
#6857=ORIENTED_EDGE('',*,*,#3648,.F.);
#6859=ORIENTED_EDGE('',*,*,#6858,.F.);
#6861=ORIENTED_EDGE('',*,*,#6860,.F.);
#6862=EDGE_LOOP('',(#6856,#6857,#6859,#6861));
#6863=FACE_OUTER_BOUND('',#6862,.F.);
#6864=ADVANCED_FACE('',(#6863),#6855,.T.);
#6865=CARTESIAN_POINT('',(6.575E0,-1.03E0,-3.635E0));
#6866=DIRECTION('',(0.E0,-1.E0,0.E0));
#6867=DIRECTION('',(0.E0,0.E0,-1.E0));
#6868=AXIS2_PLACEMENT_3D('',#6865,#6866,#6867);
#6869=PLANE('',#6868);
#6870=ORIENTED_EDGE('',*,*,#3646,.F.);
#6871=ORIENTED_EDGE('',*,*,#4312,.F.);
#6873=ORIENTED_EDGE('',*,*,#6872,.T.);
#6874=ORIENTED_EDGE('',*,*,#6858,.T.);
#6875=EDGE_LOOP('',(#6870,#6871,#6873,#6874));
#6876=FACE_OUTER_BOUND('',#6875,.F.);
#6877=ADVANCED_FACE('',(#6876),#6869,.F.);
#6878=CARTESIAN_POINT('',(6.575E0,9.7E-1,-3.635E0));
#6879=DIRECTION('',(0.E0,0.E0,1.E0));
#6880=DIRECTION('',(0.E0,-1.E0,0.E0));
#6881=AXIS2_PLACEMENT_3D('',#6878,#6879,#6880);
#6882=PLANE('',#6881);
#6883=ORIENTED_EDGE('',*,*,#6845,.T.);
#6884=ORIENTED_EDGE('',*,*,#6860,.T.);
#6885=ORIENTED_EDGE('',*,*,#6872,.F.);
#6886=ORIENTED_EDGE('',*,*,#4310,.F.);
#6887=EDGE_LOOP('',(#6883,#6884,#6885,#6886));
#6888=FACE_OUTER_BOUND('',#6887,.F.);
#6889=ADVANCED_FACE('',(#6888),#6882,.F.);
#6890=CARTESIAN_POINT('',(6.325E0,-2.1475E0,1.8E0));
#6891=DIRECTION('',(0.E0,1.E0,0.E0));
#6892=DIRECTION('',(0.E0,0.E0,1.E0));
#6893=AXIS2_PLACEMENT_3D('',#6890,#6891,#6892);
#6894=PLANE('',#6893);
#6895=ORIENTED_EDGE('',*,*,#4221,.F.);
#6897=ORIENTED_EDGE('',*,*,#6896,.T.);
#6899=ORIENTED_EDGE('',*,*,#6898,.T.);
#6901=ORIENTED_EDGE('',*,*,#6900,.F.);
#6902=EDGE_LOOP('',(#6895,#6897,#6899,#6901));
#6903=FACE_OUTER_BOUND('',#6902,.F.);
#6904=ADVANCED_FACE('',(#6903),#6894,.F.);
#6905=CARTESIAN_POINT('',(6.325E0,-2.30375E0,1.8E0));
#6906=DIRECTION('',(0.E0,0.E0,-1.E0));
#6907=DIRECTION('',(0.E0,1.E0,0.E0));
#6908=AXIS2_PLACEMENT_3D('',#6905,#6906,#6907);
#6909=PLANE('',#6908);
#6910=ORIENTED_EDGE('',*,*,#4233,.F.);
#6912=ORIENTED_EDGE('',*,*,#6911,.T.);
#6914=ORIENTED_EDGE('',*,*,#6913,.T.);
#6915=ORIENTED_EDGE('',*,*,#6896,.F.);
#6916=EDGE_LOOP('',(#6910,#6912,#6914,#6915));
#6917=FACE_OUTER_BOUND('',#6916,.F.);
#6918=ADVANCED_FACE('',(#6917),#6909,.F.);
#6919=CARTESIAN_POINT('',(6.325E0,-2.30375E0,2.837234067917E0));
#6920=DIRECTION('',(0.E0,-1.E0,0.E0));
#6921=DIRECTION('',(0.E0,0.E0,-1.E0));
#6922=AXIS2_PLACEMENT_3D('',#6919,#6920,#6921);
#6923=PLANE('',#6922);
#6924=ORIENTED_EDGE('',*,*,#4231,.F.);
#6926=ORIENTED_EDGE('',*,*,#6925,.T.);
#6928=ORIENTED_EDGE('',*,*,#6927,.T.);
#6929=ORIENTED_EDGE('',*,*,#6911,.F.);
#6930=EDGE_LOOP('',(#6924,#6926,#6928,#6929));
#6931=FACE_OUTER_BOUND('',#6930,.F.);
#6932=ADVANCED_FACE('',(#6931),#6923,.F.);
#6933=CARTESIAN_POINT('',(6.325E0,-2.46E0,2.651063802838E0));
#6934=DIRECTION('',(0.E0,7.659743427825E-1,-6.428711427642E-1));
#6935=DIRECTION('',(0.E0,6.428711427642E-1,7.659743427825E-1));
#6936=AXIS2_PLACEMENT_3D('',#6933,#6934,#6935);
#6937=PLANE('',#6936);
#6938=ORIENTED_EDGE('',*,*,#4229,.F.);
#6940=ORIENTED_EDGE('',*,*,#6939,.T.);
#6942=ORIENTED_EDGE('',*,*,#6941,.T.);
#6943=ORIENTED_EDGE('',*,*,#6925,.F.);
#6944=EDGE_LOOP('',(#6938,#6940,#6942,#6943));
#6945=FACE_OUTER_BOUND('',#6944,.F.);
#6946=ADVANCED_FACE('',(#6945),#6937,.F.);
#6947=CARTESIAN_POINT('',(6.325E0,-2.46E0,2.863829809427E0));
#6948=DIRECTION('',(0.E0,-1.E0,0.E0));
#6949=DIRECTION('',(0.E0,0.E0,-1.E0));
#6950=AXIS2_PLACEMENT_3D('',#6947,#6948,#6949);
#6951=PLANE('',#6950);
#6952=ORIENTED_EDGE('',*,*,#4227,.F.);
#6954=ORIENTED_EDGE('',*,*,#6953,.T.);
#6956=ORIENTED_EDGE('',*,*,#6955,.T.);
#6957=ORIENTED_EDGE('',*,*,#6939,.F.);
#6958=EDGE_LOOP('',(#6952,#6954,#6956,#6957));
#6959=FACE_OUTER_BOUND('',#6958,.F.);
#6960=ADVANCED_FACE('',(#6959),#6951,.F.);
#6961=CARTESIAN_POINT('',(6.325E0,-2.30375E0,3.05E0));
#6962=DIRECTION('',(0.E0,-7.659742160926E-1,6.428712937139E-1));
#6963=DIRECTION('',(0.E0,-6.428712937139E-1,-7.659742160926E-1));
#6964=AXIS2_PLACEMENT_3D('',#6961,#6962,#6963);
#6965=PLANE('',#6964);
#6966=ORIENTED_EDGE('',*,*,#4225,.F.);
#6968=ORIENTED_EDGE('',*,*,#6967,.T.);
#6970=ORIENTED_EDGE('',*,*,#6969,.T.);
#6971=ORIENTED_EDGE('',*,*,#6953,.F.);
#6972=EDGE_LOOP('',(#6966,#6968,#6970,#6971));
#6973=FACE_OUTER_BOUND('',#6972,.F.);
#6974=ADVANCED_FACE('',(#6973),#6965,.F.);
#6975=CARTESIAN_POINT('',(6.325E0,-2.1475E0,3.05E0));
#6976=DIRECTION('',(0.E0,0.E0,1.E0));
#6977=DIRECTION('',(0.E0,-1.E0,0.E0));
#6978=AXIS2_PLACEMENT_3D('',#6975,#6976,#6977);
#6979=PLANE('',#6978);
#6980=ORIENTED_EDGE('',*,*,#4223,.F.);
#6981=ORIENTED_EDGE('',*,*,#6900,.T.);
#6983=ORIENTED_EDGE('',*,*,#6982,.T.);
#6984=ORIENTED_EDGE('',*,*,#6967,.F.);
#6985=EDGE_LOOP('',(#6980,#6981,#6983,#6984));
#6986=FACE_OUTER_BOUND('',#6985,.F.);
#6987=ADVANCED_FACE('',(#6986),#6979,.F.);
#6988=CARTESIAN_POINT('',(6.275E0,0.E0,0.E0));
#6989=DIRECTION('',(1.E0,0.E0,0.E0));
#6990=DIRECTION('',(0.E0,0.E0,-1.E0));
#6991=AXIS2_PLACEMENT_3D('',#6988,#6989,#6990);
#6992=PLANE('',#6991);
#6993=ORIENTED_EDGE('',*,*,#6898,.F.);
#6994=ORIENTED_EDGE('',*,*,#6913,.F.);
#6995=ORIENTED_EDGE('',*,*,#6927,.F.);
#6996=ORIENTED_EDGE('',*,*,#6941,.F.);
#6997=ORIENTED_EDGE('',*,*,#6955,.F.);
#6998=ORIENTED_EDGE('',*,*,#6969,.F.);
#6999=ORIENTED_EDGE('',*,*,#6982,.F.);
#7000=EDGE_LOOP('',(#6993,#6994,#6995,#6996,#6997,#6998,#6999));
#7001=FACE_OUTER_BOUND('',#7000,.F.);
#7002=ADVANCED_FACE('',(#7001),#6992,.T.);
#7003=CLOSED_SHELL('',(#3292,#3310,#3329,#3343,#3358,#3376,#3443,#3458,#3473,
#3487,#3501,#3516,#3529,#3541,#3554,#3567,#3579,#3598,#3614,#3630,#3660,#3688,
#3716,#3744,#3762,#3777,#3793,#3812,#3835,#3853,#3871,#3888,#3902,#3918,#3932,
#3946,#3960,#3975,#3992,#4005,#4022,#4036,#4050,#4065,#4080,#4098,#4114,#4130,
#4143,#4157,#4173,#4188,#4207,#4237,#4253,#4266,#4281,#4324,#4338,#4365,#4383,
#4405,#4420,#4435,#4455,#4479,#4492,#4505,#4518,#4530,#4545,#4568,#4581,#4594,
#4607,#4620,#4637,#4665,#4681,#4721,#4733,#4746,#4758,#4772,#4786,#4799,#4811,
#4825,#4839,#4853,#4868,#4893,#4910,#4935,#4954,#4991,#5008,#5022,#5038,#5051,
#5064,#5076,#5090,#5122,#5137,#5151,#5165,#5183,#5203,#5222,#5236,#5255,#5274,
#5290,#5303,#5315,#5330,#5343,#5355,#5370,#5383,#5396,#5409,#5423,#5439,#5454,
#5468,#5483,#5497,#5511,#5529,#5549,#5568,#5582,#5601,#5620,#5636,#5649,#5661,
#5676,#5689,#5701,#5716,#5729,#5742,#5755,#5769,#5782,#5795,#5807,#5823,#5837,
#5851,#5864,#5884,#5898,#5913,#5926,#5939,#5951,#5964,#5976,#6066,#6078,#6092,
#6103,#6115,#6127,#6140,#6155,#6167,#6182,#6196,#6210,#6224,#6237,#6250,#6268,
#6286,#6304,#6322,#6340,#6354,#6367,#6380,#6393,#6405,#6419,#6432,#6445,#6458,
#6470,#6484,#6497,#6510,#6523,#6535,#6549,#6562,#6575,#6588,#6600,#6614,#6627,
#6640,#6653,#6665,#6680,#6695,#6707,#6718,#6733,#6746,#6760,#6772,#6785,#6797,
#6809,#6822,#6836,#6850,#6864,#6877,#6889,#6904,#6918,#6932,#6946,#6960,#6974,
#6987,#7002));
#7004=MANIFOLD_SOLID_BREP('',#7003);
#7005=CARTESIAN_POINT('',(0.E0,0.E0,0.E0));
#7006=DIRECTION('',(0.E0,0.E0,1.E0));
#7007=DIRECTION('',(1.E0,0.E0,0.E0));
#7008=AXIS2_PLACEMENT_3D('CSYS',#7005,#7006,#7007);
#7009=DIRECTION('',(0.E0,0.E0,1.E0));
#7010=VECTOR('',#7009,7.46E0);
#7011=CARTESIAN_POINT('',(6.325E0,-2.96E0,-2.96E0));
#7012=LINE('',#7011,#7010);
#7015=DIRECTION('',(0.E0,0.E0,1.E0));
#7016=VECTOR('',#7015,7.46E0);
#7017=CARTESIAN_POINT('',(-6.325E0,-2.96E0,-2.96E0));
#7018=LINE('',#7017,#7016);
#7020=DIRECTION('',(0.E0,0.E0,-1.E0));
#7021=VECTOR('',#7020,6.600006060474E-1);
#7022=CARTESIAN_POINT('',(-6.E0,2.44E0,-4.96E0));
#7023=LINE('',#7022,#7021);
#7025=DIRECTION('',(0.E0,0.E0,-1.E0));
#7026=VECTOR('',#7025,6.600006060474E-1);
#7027=CARTESIAN_POINT('',(6.E0,2.44E0,-4.96E0));
#7028=LINE('',#7027,#7026);
#7031=DIMENSIONAL_EXPONENTS(0.E0,0.E0,0.E0,0.E0,0.E0,0.E0,0.E0);
#7033=PLANE_ANGLE_MEASURE_WITH_UNIT(PLANE_ANGLE_MEASURE(1.745329251994E-2),
#7032);
#7034=(CONVERSION_BASED_UNIT('DEGREE',#7033)NAMED_UNIT(*)PLANE_ANGLE_UNIT());
#7036=UNCERTAINTY_MEASURE_WITH_UNIT(LENGTH_MEASURE(1.E-3),#7030,'closure',
'Maximum model space distance between geometric entities at asserted connectivities');
#7037=(GEOMETRIC_REPRESENTATION_CONTEXT(3)GLOBAL_UNCERTAINTY_ASSIGNED_CONTEXT((
#7036))GLOBAL_UNIT_ASSIGNED_CONTEXT((#7030,#7034,#7035))REPRESENTATION_CONTEXT(
'ID1','3'));
#7014=GEOMETRIC_SET('',(#7013,#7019,#7024,#7029));
#7041=SHAPE_REPRESENTATION_RELATIONSHIP('','',#7040,#7038);
#7042=SHAPE_REPRESENTATION_RELATIONSHIP('','',#7040,#7039);
#7043=APPLICATION_CONTEXT(
'CONFIGURATION CONTROLLED 3D DESIGNS OF MECHANICAL PARTS AND ASSEMBLIES');
#7044=APPLICATION_PROTOCOL_DEFINITION('international standard',
'config_control_design',1994,#7043);
#7045=DESIGN_CONTEXT('',#7043,'design');
#7046=MECHANICAL_CONTEXT('',#7043,'mechanical');
#7047=PRODUCT('430450627','430450627','NOT SPECIFIED',(#7046));
#7048=PRODUCT_DEFINITION_FORMATION_WITH_SPECIFIED_SOURCE('1','LAST_VERSION',
#7047,.MADE.);
#7052=PRODUCT_CATEGORY('part','');
#7053=PRODUCT_RELATED_PRODUCT_CATEGORY('detail','',(#7047));
#7054=PRODUCT_CATEGORY_RELATIONSHIP('','',#7052,#7053);
#7055=SECURITY_CLASSIFICATION_LEVEL('unclassified');
#7056=SECURITY_CLASSIFICATION('','',#7055);
#7057=CC_DESIGN_SECURITY_CLASSIFICATION(#7056,(#7048));
#7058=APPROVAL_STATUS('approved');
#7059=APPROVAL(#7058,'');
#7060=CC_DESIGN_APPROVAL(#7059,(#7056,#7048,#7049));
#7061=CALENDAR_DATE(114,3,9);
#7062=COORDINATED_UNIVERSAL_TIME_OFFSET(5,30,.AHEAD.);
#7063=LOCAL_TIME(14,37,1.2E1,#7062);
#7064=DATE_AND_TIME(#7061,#7063);
#7065=APPROVAL_DATE_TIME(#7064,#7059);
#7066=DATE_TIME_ROLE('creation_date');
#7067=CC_DESIGN_DATE_AND_TIME_ASSIGNMENT(#7064,#7066,(#7049));
#7068=DATE_TIME_ROLE('classification_date');
#7069=CC_DESIGN_DATE_AND_TIME_ASSIGNMENT(#7064,#7068,(#7056));
#7070=PERSON('UNSPECIFIED','UNSPECIFIED',$,$,$,$);
#7071=ORGANIZATION('UNSPECIFIED','UNSPECIFIED','UNSPECIFIED');
#7072=PERSON_AND_ORGANIZATION(#7070,#7071);
#7073=APPROVAL_ROLE('approver');
#7074=APPROVAL_PERSON_ORGANIZATION(#7072,#7059,#7073);
#7075=PERSON_AND_ORGANIZATION_ROLE('creator');
#7076=CC_DESIGN_PERSON_AND_ORGANIZATION_ASSIGNMENT(#7072,#7075,(#7048,#7049));
#7077=PERSON_AND_ORGANIZATION_ROLE('design_supplier');
#7078=CC_DESIGN_PERSON_AND_ORGANIZATION_ASSIGNMENT(#7072,#7077,(#7048));
#7079=PERSON_AND_ORGANIZATION_ROLE('classification_officer');
#7080=CC_DESIGN_PERSON_AND_ORGANIZATION_ASSIGNMENT(#7072,#7079,(#7056));
#7081=PERSON_AND_ORGANIZATION_ROLE('design_owner');
#7082=CC_DESIGN_PERSON_AND_ORGANIZATION_ASSIGNMENT(#7072,#7081,(#7047));
#1269=CIRCLE('',#1268,4.3E-1);
#1274=CIRCLE('',#1273,4.3E-1);
#1279=CIRCLE('',#1278,4.3E-1);
#1284=CIRCLE('',#1283,4.3E-1);
#1329=CIRCLE('',#1328,5.E-1);
#1358=CIRCLE('',#1357,5.E-1);
#2323=CIRCLE('',#2322,4.3E-1);
#2336=CIRCLE('',#2335,2.299995442787E-1);
#2341=CIRCLE('',#2340,2.299995442787E-1);
#2346=CIRCLE('',#2345,2.299995442787E-1);
#2351=CIRCLE('',#2350,2.299995442787E-1);
#2364=CIRCLE('',#2363,4.3E-1);
#2373=CIRCLE('',#2372,4.3E-1);
#2386=CIRCLE('',#2385,4.3E-1);
#3280=EDGE_CURVE('',#2691,#2692,#4,.T.);
#3282=EDGE_CURVE('',#2534,#2691,#8,.T.);
#3284=EDGE_CURVE('',#2534,#3226,#12,.T.);
#3286=EDGE_CURVE('',#3226,#3228,#16,.T.);
#3288=EDGE_CURVE('',#3228,#2692,#20,.T.);
#3298=EDGE_CURVE('',#2695,#2696,#24,.T.);
#3300=EDGE_CURVE('',#2696,#3176,#28,.T.);
#3302=EDGE_CURVE('',#3176,#2482,#32,.T.);
#3304=EDGE_CURVE('',#2482,#2532,#36,.T.);
#3306=EDGE_CURVE('',#2695,#2532,#40,.T.);
#3317=EDGE_CURVE('',#2692,#3218,#44,.T.);
#3319=EDGE_CURVE('',#3218,#2702,#1020,.T.);
#3321=EDGE_CURVE('',#2702,#2683,#2394,.T.);
#3323=EDGE_CURVE('',#2698,#2683,#1004,.T.);
#3325=EDGE_CURVE('',#2698,#2691,#2058,.T.);
#3337=EDGE_CURVE('',#3228,#3238,#48,.T.);
#3339=EDGE_CURVE('',#3238,#3218,#1024,.T.);
#3349=EDGE_CURVE('',#2696,#3220,#52,.T.);
#3351=EDGE_CURVE('',#3220,#3163,#1080,.T.);
#3353=EDGE_CURVE('',#3176,#3163,#1324,.T.);
#3364=EDGE_CURVE('',#3224,#2614,#92,.T.);
#3366=EDGE_CURVE('',#2614,#3230,#572,.T.);
#3368=EDGE_CURVE('',#3238,#3230,#1028,.T.);
#3372=EDGE_CURVE('',#3226,#3224,#2038,.T.);
#3382=EDGE_CURVE('',#2598,#2634,#88,.T.);
#3384=EDGE_CURVE('',#2598,#2624,#532,.T.);
#3386=EDGE_CURVE('',#2614,#2624,#1124,.T.);
#3389=EDGE_CURVE('',#2489,#3224,#96,.T.);
#3391=EDGE_CURVE('',#2489,#2490,#100,.T.);
#3393=EDGE_CURVE('',#3222,#2490,#104,.T.);
#3395=EDGE_CURVE('',#3222,#2610,#108,.T.);
#3397=EDGE_CURVE('',#2610,#2622,#112,.T.);
#3399=EDGE_CURVE('',#2622,#2578,#492,.T.);
#3401=EDGE_CURVE('',#2578,#2628,#116,.T.);
#3403=EDGE_CURVE('',#2626,#2628,#120,.T.);
#3405=EDGE_CURVE('',#2574,#2626,#124,.T.);
#3407=EDGE_CURVE('',#2574,#2590,#508,.T.);
#3409=EDGE_CURVE('',#2590,#2632,#128,.T.);
#3411=EDGE_CURVE('',#2630,#2632,#132,.T.);
#3413=EDGE_CURVE('',#2586,#2630,#136,.T.);
#3415=EDGE_CURVE('',#2586,#2602,#540,.T.);
#3417=EDGE_CURVE('',#2602,#2636,#140,.T.);
#3419=EDGE_CURVE('',#2634,#2636,#144,.T.);
#3423=EDGE_CURVE('',#2811,#2812,#72,.T.);
#3425=EDGE_CURVE('',#2819,#2811,#76,.T.);
#3427=EDGE_CURVE('',#2819,#2820,#80,.T.);
#3429=EDGE_CURVE('',#2820,#2812,#84,.T.);
#3433=EDGE_CURVE('',#2807,#2808,#56,.T.);
#3435=EDGE_CURVE('',#2815,#2807,#60,.T.);
#3437=EDGE_CURVE('',#2815,#2816,#64,.T.);
#3439=EDGE_CURVE('',#2816,#2808,#68,.T.);
#3450=EDGE_CURVE('',#3270,#2808,#148,.T.);
#3452=EDGE_CURVE('',#3269,#3270,#152,.T.);
#3454=EDGE_CURVE('',#2807,#3269,#156,.T.);
#3465=EDGE_CURVE('',#2800,#2812,#160,.T.);
#3467=EDGE_CURVE('',#2799,#2800,#164,.T.);
#3469=EDGE_CURVE('',#2811,#2799,#168,.T.);
#3480=EDGE_CURVE('',#3274,#2816,#184,.T.);
#3482=EDGE_CURVE('',#3270,#3274,#172,.T.);
#3494=EDGE_CURVE('',#2815,#3273,#176,.T.);
#3496=EDGE_CURVE('',#3273,#3274,#180,.T.);
#3508=EDGE_CURVE('',#2819,#2803,#188,.T.);
#3510=EDGE_CURVE('',#2803,#2804,#192,.T.);
#3512=EDGE_CURVE('',#2804,#2820,#196,.T.);
#3524=EDGE_CURVE('',#3269,#3273,#200,.T.);
#3549=EDGE_CURVE('',#2799,#2803,#204,.T.);
#3561=EDGE_CURVE('',#2800,#2804,#208,.T.);
#3585=EDGE_CURVE('',#2604,#2968,#312,.T.);
#3587=EDGE_CURVE('',#2597,#2604,#468,.T.);
#3589=EDGE_CURVE('',#2597,#2598,#520,.T.);
#3592=EDGE_CURVE('',#3134,#2634,#1446,.T.);
#3594=EDGE_CURVE('',#2968,#3134,#212,.T.);
#3604=EDGE_CURVE('',#2936,#2934,#320,.T.);
#3606=EDGE_CURVE('',#2936,#3136,#216,.T.);
#3608=EDGE_CURVE('',#3130,#3136,#1426,.T.);
#3610=EDGE_CURVE('',#2934,#3130,#220,.T.);
#3620=EDGE_CURVE('',#2974,#3132,#224,.T.);
#3622=EDGE_CURVE('',#2728,#3132,#1438,.T.);
#3624=EDGE_CURVE('',#2727,#2728,#1374,.T.);
#3626=EDGE_CURVE('',#2974,#2727,#1228,.T.);
#3636=EDGE_CURVE('',#2860,#2858,#228,.T.);
#3638=EDGE_CURVE('',#2948,#2860,#232,.T.);
#3640=EDGE_CURVE('',#2582,#2948,#236,.T.);
#3642=EDGE_CURVE('',#3158,#2582,#452,.T.);
#3644=EDGE_CURVE('',#3158,#2549,#756,.T.);
#3646=EDGE_CURVE('',#2549,#2550,#240,.T.);
#3648=EDGE_CURVE('',#2550,#2546,#244,.T.);
#3650=EDGE_CURVE('',#2545,#2546,#248,.T.);
#3652=EDGE_CURVE('',#2545,#3147,#740,.T.);
#3654=EDGE_CURVE('',#3147,#2946,#252,.T.);
#3656=EDGE_CURVE('',#2858,#2946,#256,.T.);
#3666=EDGE_CURVE('',#2900,#2898,#260,.T.);
#3668=EDGE_CURVE('',#2960,#2900,#264,.T.);
#3670=EDGE_CURVE('',#2594,#2960,#268,.T.);
#3672=EDGE_CURVE('',#2580,#2594,#464,.T.);
#3674=EDGE_CURVE('',#2580,#2944,#272,.T.);
#3676=EDGE_CURVE('',#2944,#2856,#276,.T.);
#3678=EDGE_CURVE('',#2856,#2854,#280,.T.);
#3680=EDGE_CURVE('',#2854,#2942,#284,.T.);
#3682=EDGE_CURVE('',#2942,#2958,#288,.T.);
#3684=EDGE_CURVE('',#2898,#2958,#292,.T.);
#3694=EDGE_CURVE('',#2966,#3168,#296,.T.);
#3696=EDGE_CURVE('',#3168,#2646,#1064,.T.);
#3698=EDGE_CURVE('',#2646,#2644,#300,.T.);
#3700=EDGE_CURVE('',#2643,#2644,#304,.T.);
#3702=EDGE_CURVE('',#2648,#2643,#308,.T.);
#3704=EDGE_CURVE('',#2648,#3171,#1048,.T.);
#3706=EDGE_CURVE('',#2604,#3171,#472,.T.);
#3709=EDGE_CURVE('',#2968,#2936,#316,.T.);
#3712=EDGE_CURVE('',#2934,#2966,#324,.T.);
#3722=EDGE_CURVE('',#2940,#2938,#328,.T.);
#3724=EDGE_CURVE('',#2972,#2940,#332,.T.);
#3726=EDGE_CURVE('',#2606,#2972,#336,.T.);
#3728=EDGE_CURVE('',#2592,#2606,#484,.T.);
#3730=EDGE_CURVE('',#2592,#2956,#340,.T.);
#3732=EDGE_CURVE('',#2956,#2896,#344,.T.);
#3734=EDGE_CURVE('',#2896,#2894,#348,.T.);
#3736=EDGE_CURVE('',#2894,#2954,#352,.T.);
#3738=EDGE_CURVE('',#2954,#2970,#356,.T.);
#3740=EDGE_CURVE('',#2938,#2970,#360,.T.);
#3751=EDGE_CURVE('',#3110,#2948,#364,.T.);
#3753=EDGE_CURVE('',#3110,#2628,#368,.T.);
#3756=EDGE_CURVE('',#2577,#2578,#488,.T.);
#3758=EDGE_CURVE('',#2577,#2582,#448,.T.);
#3769=EDGE_CURVE('',#3106,#2858,#372,.T.);
#3771=EDGE_CURVE('',#3106,#3112,#376,.T.);
#3773=EDGE_CURVE('',#3112,#2860,#380,.T.);
#3783=EDGE_CURVE('',#3108,#2952,#384,.T.);
#3785=EDGE_CURVE('',#2952,#2716,#1200,.T.);
#3787=EDGE_CURVE('',#2716,#2714,#1406,.T.);
#3789=EDGE_CURVE('',#2714,#3108,#388,.T.);
#3799=EDGE_CURVE('',#2944,#2831,#416,.T.);
#3801=EDGE_CURVE('',#2944,#3102,#432,.T.);
#3803=EDGE_CURVE('',#3102,#3110,#1794,.T.);
#3806=EDGE_CURVE('',#2948,#2847,#1854,.T.);
#3808=EDGE_CURVE('',#2831,#2847,#1814,.T.);
#3818=EDGE_CURVE('',#2854,#2823,#392,.T.);
#3820=EDGE_CURVE('',#2823,#2824,#396,.T.);
#3822=EDGE_CURVE('',#2824,#2826,#400,.T.);
#3824=EDGE_CURVE('',#2826,#2828,#404,.T.);
#3826=EDGE_CURVE('',#2828,#2950,#408,.T.);
#3828=EDGE_CURVE('',#3202,#2950,#1208,.T.);
#3830=EDGE_CURVE('',#2942,#3202,#1156,.T.);
#3841=EDGE_CURVE('',#2836,#2856,#412,.T.);
#3845=EDGE_CURVE('',#2831,#2832,#420,.T.);
#3847=EDGE_CURVE('',#2832,#2834,#424,.T.);
#3849=EDGE_CURVE('',#2834,#2836,#428,.T.);
#3860=EDGE_CURVE('',#2854,#3098,#440,.T.);
#3862=EDGE_CURVE('',#3098,#3106,#1774,.T.);
#3865=EDGE_CURVE('',#2858,#2839,#1818,.T.);
#3867=EDGE_CURVE('',#2823,#2839,#1870,.T.);
#3878=EDGE_CURVE('',#2573,#2580,#460,.T.);
#3880=EDGE_CURVE('',#2573,#2574,#512,.T.);
#3883=EDGE_CURVE('',#3102,#2626,#1798,.T.);
#3895=EDGE_CURVE('',#2856,#3104,#436,.T.);
#3897=EDGE_CURVE('',#3098,#3104,#1778,.T.);
#3908=EDGE_CURVE('',#2950,#3100,#444,.T.);
#3910=EDGE_CURVE('',#2712,#3100,#1790,.T.);
#3912=EDGE_CURVE('',#2711,#2712,#1398,.T.);
#3914=EDGE_CURVE('',#2950,#2711,#1212,.T.);
#3925=EDGE_CURVE('',#3156,#2577,#500,.T.);
#3927=EDGE_CURVE('',#3156,#3158,#760,.T.);
#3938=EDGE_CURVE('',#2589,#2594,#456,.T.);
#3940=EDGE_CURVE('',#2573,#2589,#516,.T.);
#3954=EDGE_CURVE('',#3171,#3172,#1044,.T.);
#3956=EDGE_CURVE('',#2597,#3172,#524,.T.);
#3966=EDGE_CURVE('',#2601,#2606,#476,.T.);
#3968=EDGE_CURVE('',#2585,#2601,#548,.T.);
#3970=EDGE_CURVE('',#2585,#2592,#480,.T.);
#3983=EDGE_CURVE('',#2616,#2622,#496,.T.);
#3985=EDGE_CURVE('',#3155,#2616,#1112,.T.);
#3987=EDGE_CURVE('',#3155,#3156,#764,.T.);
#3998=EDGE_CURVE('',#2589,#2590,#504,.T.);
#4013=EDGE_CURVE('',#3172,#3174,#1040,.T.);
#4015=EDGE_CURVE('',#2618,#3174,#1120,.T.);
#4017=EDGE_CURVE('',#2618,#2624,#528,.T.);
#4028=EDGE_CURVE('',#2601,#2602,#536,.T.);
#4031=EDGE_CURVE('',#2585,#2586,#544,.T.);
#4042=EDGE_CURVE('',#2609,#2610,#552,.T.);
#4044=EDGE_CURVE('',#2609,#2616,#1108,.T.);
#4057=EDGE_CURVE('',#2620,#2610,#556,.T.);
#4059=EDGE_CURVE('',#3232,#2620,#772,.T.);
#4061=EDGE_CURVE('',#3232,#2609,#560,.T.);
#4071=EDGE_CURVE('',#2613,#2614,#564,.T.);
#4073=EDGE_CURVE('',#2613,#3236,#568,.T.);
#4075=EDGE_CURVE('',#3236,#3230,#1032,.T.);
#4088=EDGE_CURVE('',#2525,#3222,#584,.T.);
#4090=EDGE_CURVE('',#2525,#2526,#620,.T.);
#4092=EDGE_CURVE('',#2526,#3234,#684,.T.);
#4094=EDGE_CURVE('',#3234,#2620,#776,.T.);
#4104=EDGE_CURVE('',#2516,#2514,#576,.T.);
#4106=EDGE_CURVE('',#2486,#2514,#1906,.T.);
#4108=EDGE_CURVE('',#2485,#2486,#1316,.T.);
#4110=EDGE_CURVE('',#2485,#2516,#640,.T.);
#4120=EDGE_CURVE('',#2518,#2513,#580,.T.);
#4122=EDGE_CURVE('',#2518,#2525,#624,.T.);
#4126=EDGE_CURVE('',#2513,#2490,#1886,.T.);
#4137=EDGE_CURVE('',#2516,#2520,#588,.T.);
#4139=EDGE_CURVE('',#2520,#2514,#592,.T.);
#4149=EDGE_CURVE('',#2530,#2532,#2030,.T.);
#4151=EDGE_CURVE('',#2530,#2536,#596,.T.);
#4153=EDGE_CURVE('',#2536,#2532,#600,.T.);
#4163=EDGE_CURVE('',#2663,#2670,#604,.T.);
#4165=EDGE_CURVE('',#2518,#2663,#628,.T.);
#4167=EDGE_CURVE('',#2518,#2522,#2046,.T.);
#4169=EDGE_CURVE('',#2670,#2522,#800,.T.);
#4179=EDGE_CURVE('',#2667,#2672,#608,.T.);
#4181=EDGE_CURVE('',#2520,#2672,#804,.T.);
#4184=EDGE_CURVE('',#2667,#2516,#636,.T.);
#4194=EDGE_CURVE('',#2663,#2664,#612,.T.);
#4197=EDGE_CURVE('',#2670,#2655,#796,.T.);
#4199=EDGE_CURVE('',#2674,#2655,#784,.T.);
#4201=EDGE_CURVE('',#3214,#2674,#696,.T.);
#4203=EDGE_CURVE('',#2664,#3214,#680,.T.);
#4214=EDGE_CURVE('',#2526,#2664,#616,.T.);
#4221=EDGE_CURVE('',#3255,#3256,#652,.T.);
#4223=EDGE_CURVE('',#3256,#3258,#656,.T.);
#4225=EDGE_CURVE('',#3258,#3260,#660,.T.);
#4227=EDGE_CURVE('',#3260,#3262,#664,.T.);
#4229=EDGE_CURVE('',#3262,#3264,#668,.T.);
#4231=EDGE_CURVE('',#3264,#3266,#672,.T.);
#4233=EDGE_CURVE('',#3266,#3255,#676,.T.);
#4243=EDGE_CURVE('',#2667,#2668,#632,.T.);
#4247=EDGE_CURVE('',#3160,#2485,#644,.T.);
#4249=EDGE_CURVE('',#2668,#3160,#648,.T.);
#4260=EDGE_CURVE('',#3214,#3234,#780,.T.);
#4272=EDGE_CURVE('',#2668,#3216,#688,.T.);
#4275=EDGE_CURVE('',#3160,#3152,#692,.T.);
#4277=EDGE_CURVE('',#3152,#3216,#724,.T.);
#4288=EDGE_CURVE('',#2674,#2676,#700,.T.);
#4290=EDGE_CURVE('',#2676,#2790,#704,.T.);
#4292=EDGE_CURVE('',#2790,#2792,#708,.T.);
#4294=EDGE_CURVE('',#2792,#2678,#712,.T.);
#4296=EDGE_CURVE('',#2678,#2680,#716,.T.);
#4298=EDGE_CURVE('',#3216,#2680,#720,.T.);
#4301=EDGE_CURVE('',#3150,#3152,#728,.T.);
#4303=EDGE_CURVE('',#3148,#3150,#732,.T.);
#4305=EDGE_CURVE('',#3147,#3148,#736,.T.);
#4308=EDGE_CURVE('',#2545,#2552,#744,.T.);
#4310=EDGE_CURVE('',#2552,#2554,#748,.T.);
#4312=EDGE_CURVE('',#2554,#2549,#752,.T.);
#4317=EDGE_CURVE('',#3232,#3155,#768,.T.);
#4331=EDGE_CURVE('',#2655,#2656,#792,.T.);
#4333=EDGE_CURVE('',#2676,#2656,#856,.T.);
#4344=EDGE_CURVE('',#2659,#2736,#788,.T.);
#4346=EDGE_CURVE('',#2736,#2738,#888,.T.);
#4348=EDGE_CURVE('',#2656,#2738,#852,.T.);
#4353=EDGE_CURVE('',#2522,#2513,#2042,.T.);
#4355=EDGE_CURVE('',#2513,#2514,#1882,.T.);
#4359=EDGE_CURVE('',#2660,#2672,#808,.T.);
#4361=EDGE_CURVE('',#2659,#2660,#812,.T.);
#4371=EDGE_CURVE('',#2792,#2776,#816,.T.);
#4373=EDGE_CURVE('',#2776,#2735,#820,.T.);
#4375=EDGE_CURVE('',#2735,#2736,#860,.T.);
#4378=EDGE_CURVE('',#2678,#2659,#2398,.T.);
#4389=EDGE_CURVE('',#2767,#2768,#824,.T.);
#4391=EDGE_CURVE('',#2768,#2770,#828,.T.);
#4393=EDGE_CURVE('',#2770,#2772,#832,.T.);
#4395=EDGE_CURVE('',#2772,#2774,#836,.T.);
#4397=EDGE_CURVE('',#2776,#2774,#840,.T.);
#4401=EDGE_CURVE('',#2790,#2767,#844,.T.);
#4412=EDGE_CURVE('',#2767,#2740,#848,.T.);
#4414=EDGE_CURVE('',#2740,#2742,#880,.T.);
#4416=EDGE_CURVE('',#2768,#2742,#936,.T.);
#4427=EDGE_CURVE('',#2738,#2740,#884,.T.);
#4442=EDGE_CURVE('',#2748,#2735,#864,.T.);
#4444=EDGE_CURVE('',#2746,#2748,#868,.T.);
#4446=EDGE_CURVE('',#2744,#2746,#872,.T.);
#4448=EDGE_CURVE('',#2742,#2744,#876,.T.);
#4461=EDGE_CURVE('',#2751,#2752,#892,.T.);
#4463=EDGE_CURVE('',#2764,#2751,#896,.T.);
#4465=EDGE_CURVE('',#2762,#2764,#900,.T.);
#4467=EDGE_CURVE('',#2760,#2762,#904,.T.);
#4469=EDGE_CURVE('',#2758,#2760,#908,.T.);
#4471=EDGE_CURVE('',#2756,#2758,#912,.T.);
#4473=EDGE_CURVE('',#2754,#2756,#916,.T.);
#4475=EDGE_CURVE('',#2752,#2754,#920,.T.);
#4486=EDGE_CURVE('',#2774,#2748,#924,.T.);
#4499=EDGE_CURVE('',#2772,#2746,#928,.T.);
#4512=EDGE_CURVE('',#2770,#2744,#932,.T.);
#4536=EDGE_CURVE('',#2779,#2780,#944,.T.);
#4538=EDGE_CURVE('',#2779,#2751,#940,.T.);
#4541=EDGE_CURVE('',#2780,#2752,#968,.T.);
#4552=EDGE_CURVE('',#2780,#2782,#948,.T.);
#4554=EDGE_CURVE('',#2782,#2784,#952,.T.);
#4556=EDGE_CURVE('',#2784,#2786,#956,.T.);
#4558=EDGE_CURVE('',#2788,#2786,#960,.T.);
#4560=EDGE_CURVE('',#2794,#2788,#964,.T.);
#4562=EDGE_CURVE('',#2794,#2796,#1096,.T.);
#4564=EDGE_CURVE('',#2796,#2779,#1016,.T.);
#4577=EDGE_CURVE('',#2782,#2754,#972,.T.);
#4590=EDGE_CURVE('',#2784,#2756,#976,.T.);
#4603=EDGE_CURVE('',#2786,#2758,#980,.T.);
#4616=EDGE_CURVE('',#2788,#2760,#984,.T.);
#4629=EDGE_CURVE('',#2684,#2762,#992,.T.);
#4631=EDGE_CURVE('',#2704,#2684,#988,.T.);
#4633=EDGE_CURVE('',#2704,#2794,#1100,.T.);
#4645=EDGE_CURVE('',#2687,#2764,#1012,.T.);
#4647=EDGE_CURVE('',#2687,#2688,#996,.T.);
#4649=EDGE_CURVE('',#2688,#2700,#1000,.T.);
#4651=EDGE_CURVE('',#2536,#2700,#2070,.T.);
#4654=EDGE_CURVE('',#2529,#2530,#1894,.T.);
#4656=EDGE_CURVE('',#2529,#2538,#2054,.T.);
#4658=EDGE_CURVE('',#2698,#2538,#2062,.T.);
#4661=EDGE_CURVE('',#2683,#2684,#1008,.T.);
#4675=EDGE_CURVE('',#2796,#2706,#1092,.T.);
#4677=EDGE_CURVE('',#2706,#2687,#2078,.T.);
#4691=EDGE_CURVE('',#3174,#3236,#1036,.T.);
#4696=EDGE_CURVE('',#2652,#2648,#1052,.T.);
#4698=EDGE_CURVE('',#2650,#2652,#1056,.T.);
#4700=EDGE_CURVE('',#2646,#2650,#1060,.T.);
#4703=EDGE_CURVE('',#3166,#3168,#1068,.T.);
#4705=EDGE_CURVE('',#3164,#3166,#1072,.T.);
#4707=EDGE_CURVE('',#3163,#3164,#1076,.T.);
#4710=EDGE_CURVE('',#3220,#2708,#1084,.T.);
#4712=EDGE_CURVE('',#2706,#2708,#1088,.T.);
#4717=EDGE_CURVE('',#2702,#2704,#1104,.T.);
#4739=EDGE_CURVE('',#2613,#2618,#1116,.T.);
#4765=EDGE_CURVE('',#2640,#2643,#1140,.T.);
#4767=EDGE_CURVE('',#2652,#2640,#1128,.T.);
#4779=EDGE_CURVE('',#2644,#2639,#1132,.T.);
#4781=EDGE_CURVE('',#2639,#2640,#1136,.T.);
#4794=EDGE_CURVE('',#2650,#2639,#1144,.T.);
#4819=EDGE_CURVE('',#3148,#3204,#1148,.T.);
#4821=EDGE_CURVE('',#2946,#3204,#1152,.T.);
#4833=EDGE_CURVE('',#3202,#3208,#1160,.T.);
#4835=EDGE_CURVE('',#2958,#3208,#1164,.T.);
#4845=EDGE_CURVE('',#3210,#3166,#1168,.T.);
#4849=EDGE_CURVE('',#2966,#3210,#1172,.T.);
#4860=EDGE_CURVE('',#2954,#3206,#1176,.T.);
#4862=EDGE_CURVE('',#3206,#3212,#1180,.T.);
#4864=EDGE_CURVE('',#2970,#3212,#1184,.T.);
#4876=EDGE_CURVE('',#3150,#2566,#1188,.T.);
#4878=EDGE_CURVE('',#2570,#2566,#1192,.T.);
#4880=EDGE_CURVE('',#2716,#2570,#1196,.T.);
#4883=EDGE_CURVE('',#3204,#2952,#1204,.T.);
#4887=EDGE_CURVE('',#3183,#3184,#1279,.T.);
#4889=EDGE_CURVE('',#3184,#3183,#1284,.T.);
#4902=EDGE_CURVE('',#2724,#2711,#1216,.T.);
#4904=EDGE_CURVE('',#2964,#2724,#1220,.T.);
#4906=EDGE_CURVE('',#3208,#2964,#1224,.T.);
#4917=EDGE_CURVE('',#2568,#2727,#1232,.T.);
#4919=EDGE_CURVE('',#2568,#2561,#1236,.T.);
#4921=EDGE_CURVE('',#2561,#3164,#1240,.T.);
#4925=EDGE_CURVE('',#3210,#2974,#1244,.T.);
#4929=EDGE_CURVE('',#3179,#3180,#1269,.T.);
#4931=EDGE_CURVE('',#3180,#3179,#1274,.T.);
#4942=EDGE_CURVE('',#3206,#2962,#1248,.T.);
#4944=EDGE_CURVE('',#2962,#2719,#1252,.T.);
#4946=EDGE_CURVE('',#2732,#2719,#1256,.T.);
#4948=EDGE_CURVE('',#2976,#2732,#1260,.T.);
#4950=EDGE_CURVE('',#3212,#2976,#1264,.T.);
#4960=EDGE_CURVE('',#2561,#2562,#1304,.T.);
#4962=EDGE_CURVE('',#2562,#2564,#1308,.T.);
#4964=EDGE_CURVE('',#2566,#2564,#1312,.T.);
#4971=EDGE_CURVE('',#2481,#2486,#1902,.T.);
#4973=EDGE_CURVE('',#2481,#2482,#1320,.T.);
#4981=EDGE_CURVE('',#2505,#2506,#1288,.T.);
#4983=EDGE_CURVE('',#2505,#2509,#1292,.T.);
#4985=EDGE_CURVE('',#2509,#2510,#1296,.T.);
#4987=EDGE_CURVE('',#2506,#2510,#1300,.T.);
#4998=EDGE_CURVE('',#2506,#2493,#1329,.T.);
#5000=EDGE_CURVE('',#2493,#2494,#1333,.T.);
#5002=EDGE_CURVE('',#2494,#2496,#1337,.T.);
#5004=EDGE_CURVE('',#2496,#2505,#1341,.T.);
#5015=EDGE_CURVE('',#2510,#2499,#1358,.T.);
#5017=EDGE_CURVE('',#2493,#2499,#1370,.T.);
#5029=EDGE_CURVE('',#2502,#2509,#1345,.T.);
#5031=EDGE_CURVE('',#2500,#2502,#1349,.T.);
#5033=EDGE_CURVE('',#2499,#2500,#1353,.T.);
#5046=EDGE_CURVE('',#2496,#2502,#1362,.T.);
#5058=EDGE_CURVE('',#2494,#2500,#1366,.T.);
#5084=EDGE_CURVE('',#2568,#2557,#1418,.T.);
#5086=EDGE_CURVE('',#2562,#2557,#1878,.T.);
#5097=EDGE_CURVE('',#2728,#2730,#1378,.T.);
#5099=EDGE_CURVE('',#2732,#2730,#1382,.T.);
#5102=EDGE_CURVE('',#2719,#2720,#1386,.T.);
#5104=EDGE_CURVE('',#2720,#2722,#1390,.T.);
#5106=EDGE_CURVE('',#2724,#2722,#1394,.T.);
#5110=EDGE_CURVE('',#2712,#2714,#1402,.T.);
#5114=EDGE_CURVE('',#2558,#2570,#1410,.T.);
#5116=EDGE_CURVE('',#2557,#2558,#1414,.T.);
#5128=EDGE_CURVE('',#3130,#3138,#1422,.T.);
#5131=EDGE_CURVE('',#3136,#3144,#1430,.T.);
#5133=EDGE_CURVE('',#3138,#3144,#1558,.T.);
#5143=EDGE_CURVE('',#3132,#3140,#1434,.T.);
#5145=EDGE_CURVE('',#2730,#3140,#1570,.T.);
#5157=EDGE_CURVE('',#3134,#3142,#1442,.T.);
#5161=EDGE_CURVE('',#3142,#2636,#1550,.T.);
#5171=EDGE_CURVE('',#2934,#2903,#1450,.T.);
#5175=EDGE_CURVE('',#3138,#2938,#1554,.T.);
#5177=EDGE_CURVE('',#2938,#2919,#1494,.T.);
#5179=EDGE_CURVE('',#2903,#2919,#1490,.T.);
#5190=EDGE_CURVE('',#2903,#2904,#1454,.T.);
#5192=EDGE_CURVE('',#2904,#2906,#1458,.T.);
#5194=EDGE_CURVE('',#2906,#2908,#1462,.T.);
#5196=EDGE_CURVE('',#2908,#2974,#1466,.T.);
#5209=EDGE_CURVE('',#2916,#2936,#1470,.T.);
#5212=EDGE_CURVE('',#2968,#2911,#1474,.T.);
#5214=EDGE_CURVE('',#2911,#2912,#1478,.T.);
#5216=EDGE_CURVE('',#2912,#2914,#1482,.T.);
#5218=EDGE_CURVE('',#2914,#2916,#1486,.T.);
#5230=EDGE_CURVE('',#2919,#2920,#1510,.T.);
#5232=EDGE_CURVE('',#2904,#2920,#1542,.T.);
#5246=EDGE_CURVE('',#2924,#2976,#1498,.T.);
#5248=EDGE_CURVE('',#2922,#2924,#1502,.T.);
#5250=EDGE_CURVE('',#2920,#2922,#1506,.T.);
#5261=EDGE_CURVE('',#2932,#2940,#1514,.T.);
#5263=EDGE_CURVE('',#2930,#2932,#1518,.T.);
#5265=EDGE_CURVE('',#2928,#2930,#1522,.T.);
#5267=EDGE_CURVE('',#2927,#2928,#1526,.T.);
#5269=EDGE_CURVE('',#2972,#2927,#1530,.T.);
#5281=EDGE_CURVE('',#2908,#2924,#1534,.T.);
#5284=EDGE_CURVE('',#3140,#2976,#1566,.T.);
#5297=EDGE_CURVE('',#2906,#2922,#1538,.T.);
#5322=EDGE_CURVE('',#3142,#2972,#1546,.T.);
#5339=EDGE_CURVE('',#3144,#2940,#1562,.T.);
#5366=EDGE_CURVE('',#2911,#2927,#1574,.T.);
#5379=EDGE_CURVE('',#2912,#2928,#1578,.T.);
#5392=EDGE_CURVE('',#2914,#2930,#1582,.T.);
#5405=EDGE_CURVE('',#2916,#2932,#1586,.T.);
#5433=EDGE_CURVE('',#3118,#2630,#1630,.T.);
#5435=EDGE_CURVE('',#2956,#3118,#1590,.T.);
#5446=EDGE_CURVE('',#2896,#3120,#1594,.T.);
#5448=EDGE_CURVE('',#3114,#3120,#1610,.T.);
#5450=EDGE_CURVE('',#2894,#3114,#1598,.T.);
#5460=EDGE_CURVE('',#2962,#3116,#1602,.T.);
#5462=EDGE_CURVE('',#2720,#3116,#1622,.T.);
#5474=EDGE_CURVE('',#3114,#3122,#1606,.T.);
#5477=EDGE_CURVE('',#3120,#3128,#1614,.T.);
#5479=EDGE_CURVE('',#3122,#3128,#1742,.T.);
#5489=EDGE_CURVE('',#3116,#3124,#1618,.T.);
#5491=EDGE_CURVE('',#2722,#3124,#1754,.T.);
#5503=EDGE_CURVE('',#3118,#3126,#1626,.T.);
#5507=EDGE_CURVE('',#3126,#2632,#1734,.T.);
#5517=EDGE_CURVE('',#2894,#2863,#1634,.T.);
#5521=EDGE_CURVE('',#3122,#2898,#1738,.T.);
#5523=EDGE_CURVE('',#2898,#2879,#1678,.T.);
#5525=EDGE_CURVE('',#2863,#2879,#1674,.T.);
#5536=EDGE_CURVE('',#2863,#2864,#1638,.T.);
#5538=EDGE_CURVE('',#2864,#2866,#1642,.T.);
#5540=EDGE_CURVE('',#2866,#2868,#1646,.T.);
#5542=EDGE_CURVE('',#2868,#2962,#1650,.T.);
#5555=EDGE_CURVE('',#2876,#2896,#1654,.T.);
#5558=EDGE_CURVE('',#2956,#2871,#1658,.T.);
#5560=EDGE_CURVE('',#2871,#2872,#1662,.T.);
#5562=EDGE_CURVE('',#2872,#2874,#1666,.T.);
#5564=EDGE_CURVE('',#2874,#2876,#1670,.T.);
#5576=EDGE_CURVE('',#2879,#2880,#1694,.T.);
#5578=EDGE_CURVE('',#2864,#2880,#1726,.T.);
#5592=EDGE_CURVE('',#2884,#2964,#1682,.T.);
#5594=EDGE_CURVE('',#2882,#2884,#1686,.T.);
#5596=EDGE_CURVE('',#2880,#2882,#1690,.T.);
#5607=EDGE_CURVE('',#2892,#2900,#1698,.T.);
#5609=EDGE_CURVE('',#2890,#2892,#1702,.T.);
#5611=EDGE_CURVE('',#2888,#2890,#1706,.T.);
#5613=EDGE_CURVE('',#2887,#2888,#1710,.T.);
#5615=EDGE_CURVE('',#2960,#2887,#1714,.T.);
#5627=EDGE_CURVE('',#2868,#2884,#1718,.T.);
#5630=EDGE_CURVE('',#3124,#2964,#1750,.T.);
#5643=EDGE_CURVE('',#2866,#2882,#1722,.T.);
#5668=EDGE_CURVE('',#3126,#2960,#1730,.T.);
#5685=EDGE_CURVE('',#3128,#2900,#1746,.T.);
#5712=EDGE_CURVE('',#2871,#2887,#1758,.T.);
#5725=EDGE_CURVE('',#2872,#2888,#1762,.T.);
#5738=EDGE_CURVE('',#2874,#2890,#1766,.T.);
#5751=EDGE_CURVE('',#2876,#2892,#1770,.T.);
#5777=EDGE_CURVE('',#3104,#3112,#1782,.T.);
#5788=EDGE_CURVE('',#3100,#3108,#1786,.T.);
#5814=EDGE_CURVE('',#2836,#2852,#1802,.T.);
#5816=EDGE_CURVE('',#2852,#2860,#1838,.T.);
#5830=EDGE_CURVE('',#2834,#2850,#1806,.T.);
#5832=EDGE_CURVE('',#2850,#2852,#1842,.T.);
#5844=EDGE_CURVE('',#2832,#2848,#1810,.T.);
#5846=EDGE_CURVE('',#2848,#2850,#1846,.T.);
#5859=EDGE_CURVE('',#2847,#2848,#1850,.T.);
#5874=EDGE_CURVE('',#2844,#2952,#1822,.T.);
#5876=EDGE_CURVE('',#2842,#2844,#1826,.T.);
#5878=EDGE_CURVE('',#2840,#2842,#1830,.T.);
#5880=EDGE_CURVE('',#2839,#2840,#1834,.T.);
#5905=EDGE_CURVE('',#2828,#2844,#1858,.T.);
#5920=EDGE_CURVE('',#2826,#2842,#1862,.T.);
#5933=EDGE_CURVE('',#2824,#2840,#1866,.T.);
#5958=EDGE_CURVE('',#2564,#2558,#1874,.T.);
#5985=EDGE_CURVE('',#2529,#2489,#1890,.T.);
#5988=EDGE_CURVE('',#2481,#2530,#1898,.T.);
#5994=EDGE_CURVE('',#3039,#3040,#1910,.T.);
#5996=EDGE_CURVE('',#3040,#3042,#1914,.T.);
#5998=EDGE_CURVE('',#3042,#3044,#1918,.T.);
#6000=EDGE_CURVE('',#3044,#3046,#1922,.T.);
#6002=EDGE_CURVE('',#3046,#3039,#1926,.T.);
#6006=EDGE_CURVE('',#3049,#3050,#1930,.T.);
#6008=EDGE_CURVE('',#3050,#3052,#1934,.T.);
#6010=EDGE_CURVE('',#3052,#3055,#1938,.T.);
#6012=EDGE_CURVE('',#3055,#3056,#1942,.T.);
#6014=EDGE_CURVE('',#3056,#3049,#1946,.T.);
#6018=EDGE_CURVE('',#3059,#3060,#1950,.T.);
#6020=EDGE_CURVE('',#3060,#3063,#1954,.T.);
#6022=EDGE_CURVE('',#3063,#3064,#1958,.T.);
#6024=EDGE_CURVE('',#3064,#3066,#1962,.T.);
#6026=EDGE_CURVE('',#3066,#3059,#1966,.T.);
#6030=EDGE_CURVE('',#3069,#3070,#1970,.T.);
#6032=EDGE_CURVE('',#3070,#3072,#1974,.T.);
#6034=EDGE_CURVE('',#3072,#3074,#1978,.T.);
#6036=EDGE_CURVE('',#3074,#3076,#1982,.T.);
#6038=EDGE_CURVE('',#3076,#3069,#1986,.T.);
#6042=EDGE_CURVE('',#3079,#3080,#1990,.T.);
#6044=EDGE_CURVE('',#3080,#3082,#1994,.T.);
#6046=EDGE_CURVE('',#3082,#3084,#1998,.T.);
#6048=EDGE_CURVE('',#3084,#3086,#2002,.T.);
#6050=EDGE_CURVE('',#3086,#3079,#2006,.T.);
#6054=EDGE_CURVE('',#3089,#3090,#2010,.T.);
#6056=EDGE_CURVE('',#3090,#3092,#2014,.T.);
#6058=EDGE_CURVE('',#3092,#3094,#2018,.T.);
#6060=EDGE_CURVE('',#3094,#3096,#2022,.T.);
#6062=EDGE_CURVE('',#3096,#3089,#2026,.T.);
#6084=EDGE_CURVE('',#2529,#2534,#2034,.T.);
#6110=EDGE_CURVE('',#2538,#2534,#2050,.T.);
#6133=EDGE_CURVE('',#2700,#2695,#2066,.T.);
#6149=EDGE_CURVE('',#2708,#2688,#2074,.T.);
#6174=EDGE_CURVE('',#3039,#2979,#2082,.T.);
#6176=EDGE_CURVE('',#2979,#2980,#2102,.T.);
#6178=EDGE_CURVE('',#3040,#2980,#2098,.T.);
#6189=EDGE_CURVE('',#3046,#2986,#2086,.T.);
#6191=EDGE_CURVE('',#2986,#2979,#2106,.T.);
#6203=EDGE_CURVE('',#3044,#2984,#2090,.T.);
#6205=EDGE_CURVE('',#2984,#2986,#2110,.T.);
#6217=EDGE_CURVE('',#3042,#2982,#2094,.T.);
#6219=EDGE_CURVE('',#2982,#2984,#2114,.T.);
#6232=EDGE_CURVE('',#2980,#2982,#2118,.T.);
#6256=EDGE_CURVE('',#2989,#2990,#2122,.T.);
#6258=EDGE_CURVE('',#2996,#2989,#2126,.T.);
#6260=EDGE_CURVE('',#2995,#2996,#2130,.T.);
#6262=EDGE_CURVE('',#2992,#2995,#2134,.T.);
#6264=EDGE_CURVE('',#2990,#2992,#2138,.T.);
#6274=EDGE_CURVE('',#2999,#3000,#2142,.T.);
#6276=EDGE_CURVE('',#3006,#2999,#2146,.T.);
#6278=EDGE_CURVE('',#3004,#3006,#2150,.T.);
#6280=EDGE_CURVE('',#3003,#3004,#2154,.T.);
#6282=EDGE_CURVE('',#3000,#3003,#2158,.T.);
#6292=EDGE_CURVE('',#3009,#3010,#2162,.T.);
#6294=EDGE_CURVE('',#3016,#3009,#2166,.T.);
#6296=EDGE_CURVE('',#3014,#3016,#2170,.T.);
#6298=EDGE_CURVE('',#3012,#3014,#2174,.T.);
#6300=EDGE_CURVE('',#3010,#3012,#2178,.T.);
#6310=EDGE_CURVE('',#3019,#3020,#2182,.T.);
#6312=EDGE_CURVE('',#3026,#3019,#2186,.T.);
#6314=EDGE_CURVE('',#3024,#3026,#2190,.T.);
#6316=EDGE_CURVE('',#3022,#3024,#2194,.T.);
#6318=EDGE_CURVE('',#3020,#3022,#2198,.T.);
#6328=EDGE_CURVE('',#3029,#3030,#2202,.T.);
#6330=EDGE_CURVE('',#3036,#3029,#2206,.T.);
#6332=EDGE_CURVE('',#3034,#3036,#2210,.T.);
#6334=EDGE_CURVE('',#3032,#3034,#2214,.T.);
#6336=EDGE_CURVE('',#3030,#3032,#2218,.T.);
#6347=EDGE_CURVE('',#3049,#2989,#2222,.T.);
#6350=EDGE_CURVE('',#3050,#2990,#2238,.T.);
#6361=EDGE_CURVE('',#3056,#2996,#2226,.T.);
#6374=EDGE_CURVE('',#3055,#2995,#2230,.T.);
#6387=EDGE_CURVE('',#3052,#2992,#2234,.T.);
#6412=EDGE_CURVE('',#3059,#2999,#2242,.T.);
#6415=EDGE_CURVE('',#3060,#3000,#2258,.T.);
#6426=EDGE_CURVE('',#3066,#3006,#2246,.T.);
#6439=EDGE_CURVE('',#3064,#3004,#2250,.T.);
#6452=EDGE_CURVE('',#3063,#3003,#2254,.T.);
#6477=EDGE_CURVE('',#3069,#3009,#2262,.T.);
#6480=EDGE_CURVE('',#3070,#3010,#2278,.T.);
#6491=EDGE_CURVE('',#3076,#3016,#2266,.T.);
#6504=EDGE_CURVE('',#3074,#3014,#2270,.T.);
#6517=EDGE_CURVE('',#3072,#3012,#2274,.T.);
#6542=EDGE_CURVE('',#3079,#3019,#2282,.T.);
#6545=EDGE_CURVE('',#3080,#3020,#2298,.T.);
#6556=EDGE_CURVE('',#3086,#3026,#2286,.T.);
#6569=EDGE_CURVE('',#3084,#3024,#2290,.T.);
#6582=EDGE_CURVE('',#3082,#3022,#2294,.T.);
#6607=EDGE_CURVE('',#3089,#3029,#2302,.T.);
#6610=EDGE_CURVE('',#3090,#3030,#2318,.T.);
#6621=EDGE_CURVE('',#3096,#3036,#2306,.T.);
#6634=EDGE_CURVE('',#3094,#3034,#2310,.T.);
#6647=EDGE_CURVE('',#3092,#3032,#2314,.T.);
#6671=EDGE_CURVE('',#3200,#3199,#2323,.T.);
#6673=EDGE_CURVE('',#3180,#3199,#2390,.T.);
#6676=EDGE_CURVE('',#3179,#3200,#2327,.T.);
#6686=EDGE_CURVE('',#3196,#3195,#2351,.T.);
#6688=EDGE_CURVE('',#3195,#3199,#2381,.T.);
#6691=EDGE_CURVE('',#3196,#3200,#2331,.T.);
#6701=EDGE_CURVE('',#3187,#3188,#2336,.T.);
#6703=EDGE_CURVE('',#3188,#3187,#2341,.T.);
#6713=EDGE_CURVE('',#3195,#3196,#2346,.T.);
#6725=EDGE_CURVE('',#3188,#3192,#2359,.T.);
#6727=EDGE_CURVE('',#3191,#3192,#2373,.T.);
#6729=EDGE_CURVE('',#3187,#3191,#2355,.T.);
#6741=EDGE_CURVE('',#3192,#3191,#2364,.T.);
#6753=EDGE_CURVE('',#3184,#3191,#2377,.T.);
#6756=EDGE_CURVE('',#3183,#3192,#2368,.T.);
#6780=EDGE_CURVE('',#3199,#3200,#2386,.T.);
#6817=EDGE_CURVE('',#2680,#2660,#2402,.T.);
#6843=EDGE_CURVE('',#2546,#2541,#2406,.T.);
#6845=EDGE_CURVE('',#2552,#2541,#2422,.T.);
#6858=EDGE_CURVE('',#2542,#2550,#2410,.T.);
#6860=EDGE_CURVE('',#2541,#2542,#2414,.T.);
#6872=EDGE_CURVE('',#2554,#2542,#2418,.T.);
#6896=EDGE_CURVE('',#3255,#3241,#2426,.T.);
#6898=EDGE_CURVE('',#3241,#3242,#2454,.T.);
#6900=EDGE_CURVE('',#3256,#3242,#2450,.T.);
#6911=EDGE_CURVE('',#3266,#3252,#2430,.T.);
#6913=EDGE_CURVE('',#3252,#3241,#2458,.T.);
#6925=EDGE_CURVE('',#3264,#3250,#2434,.T.);
#6927=EDGE_CURVE('',#3250,#3252,#2462,.T.);
#6939=EDGE_CURVE('',#3262,#3248,#2438,.T.);
#6941=EDGE_CURVE('',#3248,#3250,#2466,.T.);
#6953=EDGE_CURVE('',#3260,#3246,#2442,.T.);
#6955=EDGE_CURVE('',#3246,#3248,#2470,.T.);
#6967=EDGE_CURVE('',#3258,#3244,#2446,.T.);
#6969=EDGE_CURVE('',#3244,#3246,#2474,.T.);
#6982=EDGE_CURVE('',#3242,#3244,#2478,.T.);
#7013=TRIMMED_CURVE('A_5',#7012,(PARAMETER_VALUE(0.E0)),(PARAMETER_VALUE(1.E0)),
.T.,.UNSPECIFIED.);
#7019=TRIMMED_CURVE('A_6',#7018,(PARAMETER_VALUE(0.E0)),(PARAMETER_VALUE(1.E0)),
.T.,.UNSPECIFIED.);
#7024=TRIMMED_CURVE('A_3',#7023,(PARAMETER_VALUE(0.E0)),(PARAMETER_VALUE(1.E0)),
.T.,.UNSPECIFIED.);
#7029=TRIMMED_CURVE('A_4',#7028,(PARAMETER_VALUE(0.E0)),(PARAMETER_VALUE(1.E0)),
.T.,.UNSPECIFIED.);
#7030=(LENGTH_UNIT()NAMED_UNIT(*)SI_UNIT(.MILLI.,.METRE.));
#7032=(NAMED_UNIT(*)PLANE_ANGLE_UNIT()SI_UNIT($,.RADIAN.));
#7035=(NAMED_UNIT(*)SI_UNIT($,.STERADIAN.)SOLID_ANGLE_UNIT());
#7038=ADVANCED_BREP_SHAPE_REPRESENTATION('',(#7004),#7037);
#7039=GEOMETRICALLY_BOUNDED_SURFACE_SHAPE_REPRESENTATION('',(#7014),#7037);
#7040=SHAPE_REPRESENTATION('',(#7008),#7037);
#7049=PRODUCT_DEFINITION('design','',#7048,#7045);
#7050=PRODUCT_DEFINITION_SHAPE('','SHAPE FOR 430450627.',#7049);
#7051=SHAPE_DEFINITION_REPRESENTATION(#7050,#7040);
ENDSEC;
END-ISO-10303-21;
